0 verbose cli /usr/local/bin/node /usr/local/bin/npm
1 info using npm@11.18.0
2 info using node@v23.11.1
3 silly config load:file:/usr/local/lib/node_modules/npm/npmrc
4 silly config load:file:/home/container/.npmrc
5 silly config load:file:/usr/local/etc/npmrc
6 verbose title npm install
7 verbose argv "install"
8 verbose logfile logs-max:10 dir:/home/container/.npm/_logs/2026-09-07T15_11_14_660Z-
9 verbose logfile /home/container/.npm/_logs/2026-09-07T15_11_14_660Z-debug-0.log
10 silly logfile done cleaning log files
11 silly packumentCache heap:1822162944 maxSize:455540736 maxEntrySize:227770368
12 silly idealTree buildDeps
13 silly fetch manifest @whiskeysockets/baileys@git+https://github.com/Andresv27728/baileys-beta.git
14 silly fetch manifest audio-decode@^2.1.3
15 silly packumentCache full:https://registry.npmjs.org/audio-decode cache-miss
16 http cache https://registry.npmjs.org/audio-decode 11ms (cache hit)
17 silly packumentCache full:https://registry.npmjs.org/audio-decode set size:139486 disposed:false
18 silly fetch manifest jimp@^1.6.0
19 silly packumentCache full:https://registry.npmjs.org/jimp cache-miss
20 http cache https://registry.npmjs.org/jimp 6ms (cache hit)
21 silly packumentCache full:https://registry.npmjs.org/jimp set size:1198045 disposed:false
22 silly fetch manifest link-preview-js@^3.0.0
23 silly packumentCache full:https://registry.npmjs.org/link-preview-js cache-miss
24 http cache https://registry.npmjs.org/link-preview-js 8ms (cache hit)
25 silly packumentCache full:https://registry.npmjs.org/link-preview-js set size:160103 disposed:false
26 silly fetch manifest sharp@*
27 silly packumentCache full:https://registry.npmjs.org/sharp cache-miss
28 http cache https://registry.npmjs.org/sharp 8ms (cache hit)
29 silly packumentCache full:https://registry.npmjs.org/sharp set size:1221057 disposed:false
30 silly fetch manifest @hapi/boom@^10.0.1
31 silly packumentCache full:https://registry.npmjs.org/@hapi%2fboom cache-miss
32 http cache https://registry.npmjs.org/@hapi%2fboom 5ms (cache hit)
33 silly packumentCache full:https://registry.npmjs.org/@hapi%2fboom set size:56775 disposed:false
34 silly fetch manifest axios@^1.16.1
35 silly packumentCache full:https://registry.npmjs.org/axios cache-miss
36 http cache https://registry.npmjs.org/axios 4ms (cache hit)
37 silly packumentCache full:https://registry.npmjs.org/axios set size:857738 disposed:false
38 silly fetch manifest chalk@^5.3.0
39 silly packumentCache full:https://registry.npmjs.org/chalk cache-miss
40 http cache https://registry.npmjs.org/chalk 5ms (cache hit)
41 silly packumentCache full:https://registry.npmjs.org/chalk set size:134775 disposed:false
42 silly fetch manifest fluent-ffmpeg@^2.1.2
43 silly packumentCache full:https://registry.npmjs.org/fluent-ffmpeg cache-miss
44 http cache https://registry.npmjs.org/fluent-ffmpeg 3ms (cache hit)
45 silly packumentCache full:https://registry.npmjs.org/fluent-ffmpeg set size:135448 disposed:false
46 silly fetch manifest form-data@^4.0.0
47 silly packumentCache full:https://registry.npmjs.org/form-data cache-miss
48 http cache https://registry.npmjs.org/form-data 4ms (cache hit)
49 silly packumentCache full:https://registry.npmjs.org/form-data set size:153174 disposed:false
50 silly fetch manifest gradient-string@^2.0.2
51 silly packumentCache full:https://registry.npmjs.org/gradient-string cache-miss
52 http cache https://registry.npmjs.org/gradient-string 2ms (cache hit)
53 silly packumentCache full:https://registry.npmjs.org/gradient-string set size:34789 disposed:false
54 silly fetch manifest human-readable@^0.2.1
55 silly packumentCache full:https://registry.npmjs.org/human-readable cache-miss
56 http cache https://registry.npmjs.org/human-readable 1ms (cache hit)
57 silly packumentCache full:https://registry.npmjs.org/human-readable set size:11738 disposed:false
58 silly fetch manifest moment-timezone@^0.5.48
59 silly packumentCache full:https://registry.npmjs.org/moment-timezone cache-miss
60 http cache https://registry.npmjs.org/moment-timezone 2ms (cache hit)
61 silly packumentCache full:https://registry.npmjs.org/moment-timezone set size:166566 disposed:false
62 silly fetch manifest moment@^2.29.4
63 silly packumentCache full:https://registry.npmjs.org/moment cache-miss
64 http cache https://registry.npmjs.org/moment 2ms (cache hit)
65 silly packumentCache full:https://registry.npmjs.org/moment set size:241592 disposed:false
66 silly fetch manifest mime-types@^3.0.2
67 silly packumentCache full:https://registry.npmjs.org/mime-types cache-miss
68 http cache https://registry.npmjs.org/mime-types 4ms (cache hit)
69 silly packumentCache full:https://registry.npmjs.org/mime-types set size:139110 disposed:false
70 silly fetch manifest node-fetch@^3.3.2
71 silly packumentCache full:https://registry.npmjs.org/node-fetch cache-miss
72 http cache https://registry.npmjs.org/node-fetch 3ms (cache hit)
73 silly packumentCache full:https://registry.npmjs.org/node-fetch set size:896010 disposed:false
74 silly fetch manifest node-cache@^5.1.2
75 silly packumentCache full:https://registry.npmjs.org/node-cache cache-miss
76 http cache https://registry.npmjs.org/node-cache 4ms (cache hit)
77 silly packumentCache full:https://registry.npmjs.org/node-cache set size:113081 disposed:false
78 silly fetch manifest node-webpmux@^3.2.0
79 silly packumentCache full:https://registry.npmjs.org/node-webpmux cache-miss
80 http cache https://registry.npmjs.org/node-webpmux 5ms (cache hit)
81 silly packumentCache full:https://registry.npmjs.org/node-webpmux set size:77757 disposed:false
82 silly fetch manifest grapheme-splitter@^1.0.4
83 silly packumentCache full:https://registry.npmjs.org/grapheme-splitter cache-miss
84 http cache https://registry.npmjs.org/grapheme-splitter 2ms (cache hit)
85 silly packumentCache full:https://registry.npmjs.org/grapheme-splitter set size:15173 disposed:false
86 silly fetch manifest pino@^10.3.1
87 silly packumentCache full:https://registry.npmjs.org/pino cache-miss
88 http cache https://registry.npmjs.org/pino 3ms (cache hit)
89 silly packumentCache full:https://registry.npmjs.org/pino set size:1274398 disposed:false
90 silly fetch manifest qrcode@^1.5.3
91 silly packumentCache full:https://registry.npmjs.org/qrcode cache-miss
92 http cache https://registry.npmjs.org/qrcode 2ms (cache hit)
93 silly packumentCache full:https://registry.npmjs.org/qrcode set size:131489 disposed:false
94 silly fetch manifest qrcode-terminal@^0.12.0
95 silly packumentCache full:https://registry.npmjs.org/qrcode-terminal cache-miss
96 http cache https://registry.npmjs.org/qrcode-terminal 1ms (cache hit)
97 silly packumentCache full:https://registry.npmjs.org/qrcode-terminal set size:29799 disposed:false
98 silly fetch manifest readline-sync@^1.4.10
99 silly packumentCache full:https://registry.npmjs.org/readline-sync cache-miss
100 http cache https://registry.npmjs.org/readline-sync 2ms (cache hit)
101 silly packumentCache full:https://registry.npmjs.org/readline-sync set size:161340 disposed:false
102 silly fetch manifest syntax-error@^1.4.0
103 silly packumentCache full:https://registry.npmjs.org/syntax-error cache-miss
104 http cache https://registry.npmjs.org/syntax-error 2ms (cache hit)
105 silly packumentCache full:https://registry.npmjs.org/syntax-error set size:27674 disposed:false
106 silly fetch manifest uuid@^14.0.0
107 silly packumentCache full:https://registry.npmjs.org/uuid cache-miss
108 http cache https://registry.npmjs.org/uuid 2ms (cache hit)
109 silly packumentCache full:https://registry.npmjs.org/uuid set size:260936 disposed:false
110 silly fetch manifest yt-search@^2.10.4
111 silly packumentCache full:https://registry.npmjs.org/yt-search cache-miss
112 http cache https://registry.npmjs.org/yt-search 2ms (cache hit)
113 silly packumentCache full:https://registry.npmjs.org/yt-search set size:230821 disposed:false
114 silly placeDep ROOT @hapi/boom@10.0.1 OK for: Demon Slayer@5.1 want: ^10.0.1
115 silly placeDep ROOT @whiskeysockets/baileys@0.7.14 OK for: Demon Slayer@5.1 want: git+https://github.com/Andresv27728/baileys-beta.git
116 silly placeDep ROOT sharp@0.35.4 OK for: yo-soy-yo-baileys@0.7.14 want: *
117 silly placeDep ROOT axios@1.20.0 OK for: Demon Slayer@5.1 want: ^1.16.1
118 silly placeDep ROOT chalk@5.6.2 OK for: Demon Slayer@5.1 want: ^5.3.0
119 silly placeDep ROOT fluent-ffmpeg@2.1.3 OK for: Demon Slayer@5.1 want: ^2.1.2
120 silly placeDep ROOT form-data@4.0.6 OK for: Demon Slayer@5.1 want: ^4.0.0
121 silly placeDep ROOT gradient-string@2.0.2 OK for: Demon Slayer@5.1 want: ^2.0.2
122 silly placeDep ROOT grapheme-splitter@1.0.4 OK for: Demon Slayer@5.1 want: ^1.0.4
123 silly placeDep ROOT human-readable@0.2.1 OK for: Demon Slayer@5.1 want: ^0.2.1
124 silly placeDep ROOT jimp@1.6.1 OK for: Demon Slayer@5.1 want: ^1.6.0
125 silly placeDep ROOT mime-types@3.0.2 OK for: Demon Slayer@5.1 want: ^3.0.2
126 silly placeDep ROOT moment@2.30.1 OK for: Demon Slayer@5.1 want: ^2.29.4
127 silly placeDep ROOT moment-timezone@0.5.48 OK for: Demon Slayer@5.1 want: ^0.5.48
128 silly placeDep ROOT node-cache@5.1.2 OK for: Demon Slayer@5.1 want: ^5.1.2
129 silly placeDep ROOT node-fetch@3.3.2 OK for: Demon Slayer@5.1 want: ^3.3.2
130 silly placeDep ROOT node-webpmux@3.2.1 OK for: Demon Slayer@5.1 want: ^3.2.0
131 silly placeDep ROOT pino@10.3.1 OK for: Demon Slayer@5.1 want: ^10.3.1
132 silly placeDep ROOT qrcode@1.5.4 OK for: Demon Slayer@5.1 want: ^1.5.3
133 silly placeDep ROOT qrcode-terminal@0.12.0 OK for: Demon Slayer@5.1 want: ^0.12.0
134 silly placeDep ROOT readline-sync@1.4.10 OK for: Demon Slayer@5.1 want: ^1.4.10
135 silly placeDep ROOT syntax-error@1.4.0 OK for: Demon Slayer@5.1 want: ^1.4.0
136 silly placeDep ROOT uuid@14.0.2 OK for: Demon Slayer@5.1 want: ^14.0.0
137 silly placeDep ROOT yt-search@2.13.1 OK for: Demon Slayer@5.1 want: ^2.10.4
138 silly fetch manifest @hapi/hoek@^11.0.2
139 silly packumentCache full:https://registry.npmjs.org/@hapi%2fhoek cache-miss
140 http cache https://registry.npmjs.org/@hapi%2fhoek 2ms (cache hit)
141 silly packumentCache full:https://registry.npmjs.org/@hapi%2fhoek set size:122440 disposed:false
142 silly fetch manifest @cacheable/node-cache@^1.4.0
143 silly packumentCache full:https://registry.npmjs.org/@cacheable%2fnode-cache cache-miss
144 http cache https://registry.npmjs.org/@cacheable%2fnode-cache 4ms (cache hit)
145 silly packumentCache full:https://registry.npmjs.org/@cacheable%2fnode-cache set size:83531 disposed:false
146 silly fetch manifest @hapi/boom@^9.1.3
147 silly packumentCache full:https://registry.npmjs.org/@hapi%2fboom cache-hit
148 silly fetch manifest async-mutex@^0.5.0
149 silly packumentCache full:https://registry.npmjs.org/async-mutex cache-miss
150 http cache https://registry.npmjs.org/async-mutex 2ms (cache hit)
151 silly packumentCache full:https://registry.npmjs.org/async-mutex set size:76106 disposed:false
152 silly fetch manifest fflate@^0.8.0
153 silly packumentCache full:https://registry.npmjs.org/fflate cache-miss
154 http cache https://registry.npmjs.org/fflate 3ms (cache hit)
155 silly packumentCache full:https://registry.npmjs.org/fflate set size:220550 disposed:false
156 silly fetch manifest libsignal@git+https://github.com/whiskeysockets/libsignal-node
157 silly fetch manifest lru-cache@^11.1.0
158 silly packumentCache full:https://registry.npmjs.org/lru-cache cache-miss
159 http cache https://registry.npmjs.org/lru-cache 6ms (cache hit)
160 silly packumentCache full:https://registry.npmjs.org/lru-cache set size:460407 disposed:false
161 silly fetch manifest music-metadata@^11.7.0
162 silly packumentCache full:https://registry.npmjs.org/music-metadata cache-miss
163 http cache https://registry.npmjs.org/music-metadata 3ms (cache hit)
164 silly packumentCache full:https://registry.npmjs.org/music-metadata set size:1288165 disposed:false
165 silly fetch manifest p-queue@^9.0.0
166 silly packumentCache full:https://registry.npmjs.org/p-queue cache-miss
167 http cache https://registry.npmjs.org/p-queue 3ms (cache hit)
168 silly packumentCache full:https://registry.npmjs.org/p-queue set size:187782 disposed:false
169 silly fetch manifest pino@^9.6
170 silly packumentCache full:https://registry.npmjs.org/pino cache-miss
171 http cache https://registry.npmjs.org/pino 4ms (cache hit)
172 silly packumentCache full:https://registry.npmjs.org/pino set size:1274398 disposed:false
173 silly fetch manifest protobufjs@^7.2.4
174 silly packumentCache full:https://registry.npmjs.org/protobufjs cache-miss
175 http cache https://registry.npmjs.org/protobufjs 6ms (cache hit)
176 silly packumentCache full:https://registry.npmjs.org/protobufjs set size:760935 disposed:false
177 silly fetch manifest whatsapp-rust-bridge@0.5.2
178 silly packumentCache full:https://registry.npmjs.org/whatsapp-rust-bridge cache-miss
179 http cache https://registry.npmjs.org/whatsapp-rust-bridge 6ms (cache hit)
180 silly packumentCache full:https://registry.npmjs.org/whatsapp-rust-bridge set size:247770 disposed:false
181 silly fetch manifest ws@^8.13.0
182 silly packumentCache full:https://registry.npmjs.org/ws cache-miss
183 http cache https://registry.npmjs.org/ws 6ms (cache hit)
184 silly packumentCache full:https://registry.npmjs.org/ws set size:447661 disposed:false
185 silly fetch manifest semver@^7.8.5
186 silly packumentCache full:https://registry.npmjs.org/semver cache-miss
187 http cache https://registry.npmjs.org/semver 2ms (cache hit)
188 silly packumentCache full:https://registry.npmjs.org/semver set size:246069 disposed:false
189 silly fetch manifest @img/colour@^1.1.0
190 silly packumentCache full:https://registry.npmjs.org/@img%2fcolour cache-miss
191 http cache https://registry.npmjs.org/@img%2fcolour 1ms (cache hit)
192 silly packumentCache full:https://registry.npmjs.org/@img%2fcolour set size:9701 disposed:false
193 silly fetch manifest detect-libc@^2.1.2
194 silly packumentCache full:https://registry.npmjs.org/detect-libc cache-miss
195 http cache https://registry.npmjs.org/detect-libc 2ms (cache hit)
196 silly packumentCache full:https://registry.npmjs.org/detect-libc set size:47861 disposed:false
197 silly fetch manifest @img/sharp-linux-arm@0.35.4
198 silly packumentCache full:https://registry.npmjs.org/@img%2fsharp-linux-arm cache-miss
199 http cache https://registry.npmjs.org/@img%2fsharp-linux-arm 2ms (cache hit)
200 silly packumentCache full:https://registry.npmjs.org/@img%2fsharp-linux-arm set size:107173 disposed:false
201 silly fetch manifest @img/sharp-linux-x64@0.35.4
202 silly packumentCache full:https://registry.npmjs.org/@img%2fsharp-linux-x64 cache-miss
203 http cache https://registry.npmjs.org/@img%2fsharp-linux-x64 1ms (cache hit)
204 silly packumentCache full:https://registry.npmjs.org/@img%2fsharp-linux-x64 set size:106660 disposed:false
205 silly fetch manifest @img/sharp-win32-x64@0.35.4
206 silly packumentCache full:https://registry.npmjs.org/@img%2fsharp-win32-x64 cache-miss
207 http cache https://registry.npmjs.org/@img%2fsharp-win32-x64 2ms (cache hit)
208 silly packumentCache full:https://registry.npmjs.org/@img%2fsharp-win32-x64 set size:107829 disposed:false
209 silly fetch manifest @img/sharp-darwin-x64@0.35.4
210 silly packumentCache full:https://registry.npmjs.org/@img%2fsharp-darwin-x64 cache-miss
211 http cache https://registry.npmjs.org/@img%2fsharp-darwin-x64 2ms (cache hit)
212 silly packumentCache full:https://registry.npmjs.org/@img%2fsharp-darwin-x64 set size:108820 disposed:false
213 silly fetch manifest @img/sharp-win32-ia32@0.35.4
214 silly packumentCache full:https://registry.npmjs.org/@img%2fsharp-win32-ia32 cache-miss
215 http cache https://registry.npmjs.org/@img%2fsharp-win32-ia32 2ms (cache hit)
216 silly packumentCache full:https://registry.npmjs.org/@img%2fsharp-win32-ia32 set size:108835 disposed:false
217 silly fetch manifest @img/sharp-linux-arm64@0.35.4
218 silly packumentCache full:https://registry.npmjs.org/@img%2fsharp-linux-arm64 cache-miss
219 http cache https://registry.npmjs.org/@img%2fsharp-linux-arm64 1ms (cache hit)
220 silly packumentCache full:https://registry.npmjs.org/@img%2fsharp-linux-arm64 set size:108045 disposed:false
221 silly fetch manifest @img/sharp-linux-ppc64@0.35.4
222 silly packumentCache full:https://registry.npmjs.org/@img%2fsharp-linux-ppc64 cache-miss
223 http cache https://registry.npmjs.org/@img%2fsharp-linux-ppc64 1ms (cache hit)
224 silly packumentCache full:https://registry.npmjs.org/@img%2fsharp-linux-ppc64 set size:72651 disposed:false
225 silly fetch manifest @img/sharp-linux-s390x@0.35.4
226 silly packumentCache full:https://registry.npmjs.org/@img%2fsharp-linux-s390x cache-miss
227 http cache https://registry.npmjs.org/@img%2fsharp-linux-s390x 2ms (cache hit)
228 silly packumentCache full:https://registry.npmjs.org/@img%2fsharp-linux-s390x set size:105911 disposed:false
229 silly fetch manifest @img/sharp-win32-arm64@0.35.4
230 silly packumentCache full:https://registry.npmjs.org/@img%2fsharp-win32-arm64 cache-miss
231 http cache https://registry.npmjs.org/@img%2fsharp-win32-arm64 1ms (cache hit)
232 silly packumentCache full:https://registry.npmjs.org/@img%2fsharp-win32-arm64 set size:67825 disposed:false
233 silly fetch manifest @img/sharp-darwin-arm64@0.35.4
234 silly packumentCache full:https://registry.npmjs.org/@img%2fsharp-darwin-arm64 cache-miss
235 http cache https://registry.npmjs.org/@img%2fsharp-darwin-arm64 3ms (cache hit)
236 silly packumentCache full:https://registry.npmjs.org/@img%2fsharp-darwin-arm64 set size:110251 disposed:false
237 silly fetch manifest @img/sharp-linux-riscv64@0.35.4
238 silly packumentCache full:https://registry.npmjs.org/@img%2fsharp-linux-riscv64 cache-miss
239 http cache https://registry.npmjs.org/@img%2fsharp-linux-riscv64 2ms (cache hit)
240 silly packumentCache full:https://registry.npmjs.org/@img%2fsharp-linux-riscv64 set size:50215 disposed:false
241 silly fetch manifest @img/sharp-linuxmusl-x64@0.35.4
242 silly packumentCache full:https://registry.npmjs.org/@img%2fsharp-linuxmusl-x64 cache-miss
243 http cache https://registry.npmjs.org/@img%2fsharp-linuxmusl-x64 1ms (cache hit)
244 silly packumentCache full:https://registry.npmjs.org/@img%2fsharp-linuxmusl-x64 set size:108319 disposed:false
245 silly fetch manifest @img/sharp-freebsd-wasm32@0.35.4
246 silly packumentCache full:https://registry.npmjs.org/@img%2fsharp-freebsd-wasm32 cache-miss
247 http cache https://registry.npmjs.org/@img%2fsharp-freebsd-wasm32 3ms (cache hit)
248 silly packumentCache full:https://registry.npmjs.org/@img%2fsharp-freebsd-wasm32 set size:47096 disposed:false
249 silly fetch manifest @img/sharp-linuxmusl-arm64@0.35.4
250 silly packumentCache full:https://registry.npmjs.org/@img%2fsharp-linuxmusl-arm64 cache-miss
251 http cache https://registry.npmjs.org/@img%2fsharp-linuxmusl-arm64 1ms (cache hit)
252 silly packumentCache full:https://registry.npmjs.org/@img%2fsharp-linuxmusl-arm64 set size:109709 disposed:false
253 silly fetch manifest @img/sharp-libvips-linux-arm@1.3.3
254 silly packumentCache full:https://registry.npmjs.org/@img%2fsharp-libvips-linux-arm cache-miss
255 http cache https://registry.npmjs.org/@img%2fsharp-libvips-linux-arm 2ms (cache hit)
256 silly packumentCache full:https://registry.npmjs.org/@img%2fsharp-libvips-linux-arm set size:95067 disposed:false
257 silly fetch manifest @img/sharp-libvips-linux-x64@1.3.3
258 silly packumentCache full:https://registry.npmjs.org/@img%2fsharp-libvips-linux-x64 cache-miss
259 http cache https://registry.npmjs.org/@img%2fsharp-libvips-linux-x64 2ms (cache hit)
260 silly packumentCache full:https://registry.npmjs.org/@img%2fsharp-libvips-linux-x64 set size:90900 disposed:false
261 silly fetch manifest @img/sharp-libvips-darwin-x64@1.3.3
262 silly packumentCache full:https://registry.npmjs.org/@img%2fsharp-libvips-darwin-x64 cache-miss
263 http cache https://registry.npmjs.org/@img%2fsharp-libvips-darwin-x64 2ms (cache hit)
264 silly packumentCache full:https://registry.npmjs.org/@img%2fsharp-libvips-darwin-x64 set size:87586 disposed:false
265 silly fetch manifest @img/sharp-libvips-linux-arm64@1.3.3
266 silly packumentCache full:https://registry.npmjs.org/@img%2fsharp-libvips-linux-arm64 cache-miss
267 http cache https://registry.npmjs.org/@img%2fsharp-libvips-linux-arm64 2ms (cache hit)
268 silly packumentCache full:https://registry.npmjs.org/@img%2fsharp-libvips-linux-arm64 set size:92171 disposed:false
269 silly fetch manifest @img/sharp-libvips-linux-ppc64@1.3.3
270 silly packumentCache full:https://registry.npmjs.org/@img%2fsharp-libvips-linux-ppc64 cache-miss
271 http cache https://registry.npmjs.org/@img%2fsharp-libvips-linux-ppc64 2ms (cache hit)
272 silly packumentCache full:https://registry.npmjs.org/@img%2fsharp-libvips-linux-ppc64 set size:77213 disposed:false
273 silly fetch manifest @img/sharp-libvips-linux-s390x@1.3.3
274 silly packumentCache full:https://registry.npmjs.org/@img%2fsharp-libvips-linux-s390x cache-miss
275 http cache https://registry.npmjs.org/@img%2fsharp-libvips-linux-s390x 4ms (cache hit)
276 silly packumentCache full:https://registry.npmjs.org/@img%2fsharp-libvips-linux-s390x set size:86174 disposed:false
277 silly fetch manifest @img/sharp-libvips-darwin-arm64@1.3.3
278 silly packumentCache full:https://registry.npmjs.org/@img%2fsharp-libvips-darwin-arm64 cache-miss
279 http cache https://registry.npmjs.org/@img%2fsharp-libvips-darwin-arm64 2ms (cache hit)
280 silly packumentCache full:https://registry.npmjs.org/@img%2fsharp-libvips-darwin-arm64 set size:88531 disposed:false
281 silly fetch manifest @img/sharp-webcontainers-wasm32@0.35.4
282 silly packumentCache full:https://registry.npmjs.org/@img%2fsharp-webcontainers-wasm32 cache-miss
283 http cache https://registry.npmjs.org/@img%2fsharp-webcontainers-wasm32 2ms (cache hit)
284 silly packumentCache full:https://registry.npmjs.org/@img%2fsharp-webcontainers-wasm32 set size:46202 disposed:false
285 silly fetch manifest @img/sharp-libvips-linux-riscv64@1.3.3
286 silly packumentCache full:https://registry.npmjs.org/@img%2fsharp-libvips-linux-riscv64 cache-miss
287 http cache https://registry.npmjs.org/@img%2fsharp-libvips-linux-riscv64 2ms (cache hit)
288 silly packumentCache full:https://registry.npmjs.org/@img%2fsharp-libvips-linux-riscv64 set size:63460 disposed:false
289 silly fetch manifest @img/sharp-libvips-linuxmusl-x64@1.3.3
290 silly packumentCache full:https://registry.npmjs.org/@img%2fsharp-libvips-linuxmusl-x64 cache-miss
291 http cache https://registry.npmjs.org/@img%2fsharp-libvips-linuxmusl-x64 2ms (cache hit)
292 silly packumentCache full:https://registry.npmjs.org/@img%2fsharp-libvips-linuxmusl-x64 set size:88274 disposed:false
293 silly fetch manifest @img/sharp-libvips-linuxmusl-arm64@1.3.3
294 silly packumentCache full:https://registry.npmjs.org/@img%2fsharp-libvips-linuxmusl-arm64 cache-miss
295 http cache https://registry.npmjs.org/@img%2fsharp-libvips-linuxmusl-arm64 3ms (cache hit)
296 silly packumentCache full:https://registry.npmjs.org/@img%2fsharp-libvips-linuxmusl-arm64 set size:91390 disposed:false
297 silly fetch manifest form-data@^4.0.6
298 silly packumentCache full:https://registry.npmjs.org/form-data cache-hit
299 silly fetch manifest proxy-from-env@^2.1.0
300 silly packumentCache full:https://registry.npmjs.org/proxy-from-env cache-miss
301 http cache https://registry.npmjs.org/proxy-from-env 2ms (cache hit)
302 silly packumentCache full:https://registry.npmjs.org/proxy-from-env set size:21422 disposed:false
303 silly fetch manifest follow-redirects@^1.16.0
304 silly packumentCache full:https://registry.npmjs.org/follow-redirects cache-miss
305 http cache https://registry.npmjs.org/follow-redirects 2ms (cache hit)
306 silly packumentCache full:https://registry.npmjs.org/follow-redirects set size:188945 disposed:false
307 silly fetch manifest https-proxy-agent@^5.0.1
308 silly packumentCache full:https://registry.npmjs.org/https-proxy-agent cache-miss
309 http cache https://registry.npmjs.org/https-proxy-agent 2ms (cache hit)
310 silly packumentCache full:https://registry.npmjs.org/https-proxy-agent set size:83792 disposed:false
311 silly fetch manifest async@^0.2.9
312 silly packumentCache full:https://registry.npmjs.org/async cache-miss
313 http cache https://registry.npmjs.org/async 2ms (cache hit)
314 silly packumentCache full:https://registry.npmjs.org/async set size:230482 disposed:false
315 silly fetch manifest which@^1.1.1
316 silly packumentCache full:https://registry.npmjs.org/which cache-miss
317 http cache https://registry.npmjs.org/which 2ms (cache hit)
318 silly packumentCache full:https://registry.npmjs.org/which set size:70087 disposed:false
319 silly fetch manifest hasown@^2.0.4
320 silly packumentCache full:https://registry.npmjs.org/hasown cache-miss
321 http cache https://registry.npmjs.org/hasown 2ms (cache hit)
322 silly packumentCache full:https://registry.npmjs.org/hasown set size:18361 disposed:false
323 silly fetch manifest asynckit@^0.4.0
324 silly packumentCache full:https://registry.npmjs.org/asynckit cache-miss
325 http cache https://registry.npmjs.org/asynckit 2ms (cache hit)
326 silly packumentCache full:https://registry.npmjs.org/asynckit set size:18932 disposed:false
327 silly fetch manifest mime-types@^2.1.35
328 silly packumentCache full:https://registry.npmjs.org/mime-types cache-hit
329 silly fetch manifest combined-stream@^1.0.8
330 silly packumentCache full:https://registry.npmjs.org/combined-stream cache-miss
331 http cache https://registry.npmjs.org/combined-stream 2ms (cache hit)
332 silly packumentCache full:https://registry.npmjs.org/combined-stream set size:40337 disposed:false
333 silly fetch manifest es-set-tostringtag@^2.1.0
334 silly packumentCache full:https://registry.npmjs.org/es-set-tostringtag cache-miss
335 http cache https://registry.npmjs.org/es-set-tostringtag 2ms (cache hit)
336 silly packumentCache full:https://registry.npmjs.org/es-set-tostringtag set size:22094 disposed:false
337 silly fetch manifest chalk@^4.1.2
338 silly packumentCache full:https://registry.npmjs.org/chalk cache-hit
339 silly fetch manifest tinygradient@^1.1.5
340 silly packumentCache full:https://registry.npmjs.org/tinygradient cache-miss
341 http cache https://registry.npmjs.org/tinygradient 2ms (cache hit)
342 silly packumentCache full:https://registry.npmjs.org/tinygradient set size:45371 disposed:false
343 silly fetch manifest @jimp/core@1.6.1
344 silly packumentCache full:https://registry.npmjs.org/@jimp%2fcore cache-miss
345 http cache https://registry.npmjs.org/@jimp%2fcore 3ms (cache hit)
346 silly packumentCache full:https://registry.npmjs.org/@jimp%2fcore set size:813205 disposed:false
347 silly fetch manifest @jimp/diff@1.6.1
348 silly packumentCache full:https://registry.npmjs.org/@jimp%2fdiff cache-miss
349 http cache https://registry.npmjs.org/@jimp%2fdiff 8ms (cache hit)
350 silly packumentCache full:https://registry.npmjs.org/@jimp%2fdiff set size:46722 disposed:false
351 silly fetch manifest @jimp/js-bmp@1.6.1
352 silly packumentCache full:https://registry.npmjs.org/@jimp%2fjs-bmp cache-miss
353 http cache https://registry.npmjs.org/@jimp%2fjs-bmp 3ms (cache hit)
354 silly packumentCache full:https://registry.npmjs.org/@jimp%2fjs-bmp set size:50643 disposed:false
355 silly fetch manifest @jimp/js-gif@1.6.1
356 silly packumentCache full:https://registry.npmjs.org/@jimp%2fjs-gif cache-miss
357 http cache https://registry.npmjs.org/@jimp%2fjs-gif 4ms (cache hit)
358 silly packumentCache full:https://registry.npmjs.org/@jimp%2fjs-gif set size:50359 disposed:false
359 silly fetch manifest @jimp/js-jpeg@1.6.1
360 silly packumentCache full:https://registry.npmjs.org/@jimp%2fjs-jpeg cache-miss
361 http cache https://registry.npmjs.org/@jimp%2fjs-jpeg 8ms (cache hit)
362 silly packumentCache full:https://registry.npmjs.org/@jimp%2fjs-jpeg set size:49141 disposed:false
363 silly fetch manifest @jimp/js-png@1.6.1
364 silly packumentCache full:https://registry.npmjs.org/@jimp%2fjs-png cache-miss
365 http cache https://registry.npmjs.org/@jimp%2fjs-png 6ms (cache hit)
366 silly packumentCache full:https://registry.npmjs.org/@jimp%2fjs-png set size:50199 disposed:false
367 silly fetch manifest @jimp/js-tiff@1.6.1
368 silly packumentCache full:https://registry.npmjs.org/@jimp%2fjs-tiff cache-miss
369 http cache https://registry.npmjs.org/@jimp%2fjs-tiff 5ms (cache hit)
370 silly packumentCache full:https://registry.npmjs.org/@jimp%2fjs-tiff set size:49586 disposed:false
371 silly fetch manifest @jimp/plugin-blit@1.6.1
372 silly packumentCache full:https://registry.npmjs.org/@jimp%2fplugin-blit cache-miss
373 http cache https://registry.npmjs.org/@jimp%2fplugin-blit 2ms (cache hit)
374 silly packumentCache full:https://registry.npmjs.org/@jimp%2fplugin-blit set size:766797 disposed:false
375 silly fetch manifest @jimp/plugin-blur@1.6.1
376 silly packumentCache full:https://registry.npmjs.org/@jimp%2fplugin-blur cache-miss
377 http cache https://registry.npmjs.org/@jimp%2fplugin-blur 5ms (cache hit)
378 silly packumentCache full:https://registry.npmjs.org/@jimp%2fplugin-blur set size:687742 disposed:false
379 silly fetch manifest @jimp/plugin-circle@1.6.1
380 silly packumentCache full:https://registry.npmjs.org/@jimp%2fplugin-circle cache-miss
381 http cache https://registry.npmjs.org/@jimp%2fplugin-circle 4ms (cache hit)
382 silly packumentCache full:https://registry.npmjs.org/@jimp%2fplugin-circle set size:736316 disposed:false
383 silly fetch manifest @jimp/plugin-color@1.6.1
384 silly packumentCache full:https://registry.npmjs.org/@jimp%2fplugin-color cache-miss
385 http cache https://registry.npmjs.org/@jimp%2fplugin-color 5ms (cache hit)
386 silly packumentCache full:https://registry.npmjs.org/@jimp%2fplugin-color set size:789772 disposed:false
387 silly fetch manifest @jimp/plugin-contain@1.6.1
388 silly packumentCache full:https://registry.npmjs.org/@jimp%2fplugin-contain cache-miss
389 http cache https://registry.npmjs.org/@jimp%2fplugin-contain 4ms (cache hit)
390 silly packumentCache full:https://registry.npmjs.org/@jimp%2fplugin-contain set size:811884 disposed:false
391 silly fetch manifest @jimp/plugin-cover@1.6.1
392 silly packumentCache full:https://registry.npmjs.org/@jimp%2fplugin-cover cache-miss
393 http cache https://registry.npmjs.org/@jimp%2fplugin-cover 4ms (cache hit)
394 silly packumentCache full:https://registry.npmjs.org/@jimp%2fplugin-cover set size:811414 disposed:false
395 silly fetch manifest @jimp/plugin-crop@1.6.1
396 silly packumentCache full:https://registry.npmjs.org/@jimp%2fplugin-crop cache-miss
397 http cache https://registry.npmjs.org/@jimp%2fplugin-crop 4ms (cache hit)
398 silly packumentCache full:https://registry.npmjs.org/@jimp%2fplugin-crop set size:761498 disposed:false
399 silly fetch manifest @jimp/plugin-displace@1.6.1
400 silly packumentCache full:https://registry.npmjs.org/@jimp%2fplugin-displace cache-miss
401 http cache https://registry.npmjs.org/@jimp%2fplugin-displace 3ms (cache hit)
402 silly packumentCache full:https://registry.npmjs.org/@jimp%2fplugin-displace set size:689712 disposed:false
403 silly fetch manifest @jimp/plugin-dither@1.6.1
404 silly packumentCache full:https://registry.npmjs.org/@jimp%2fplugin-dither cache-miss
405 http cache https://registry.npmjs.org/@jimp%2fplugin-dither 4ms (cache hit)
406 silly packumentCache full:https://registry.npmjs.org/@jimp%2fplugin-dither set size:689088 disposed:false
407 silly fetch manifest @jimp/plugin-fisheye@1.6.1
408 silly packumentCache full:https://registry.npmjs.org/@jimp%2fplugin-fisheye cache-miss
409 http cache https://registry.npmjs.org/@jimp%2fplugin-fisheye 4ms (cache hit)
410 silly packumentCache full:https://registry.npmjs.org/@jimp%2fplugin-fisheye set size:738468 disposed:false
411 silly fetch manifest @jimp/plugin-flip@1.6.1
412 silly packumentCache full:https://registry.npmjs.org/@jimp%2fplugin-flip cache-miss
413 http cache https://registry.npmjs.org/@jimp%2fplugin-flip 6ms (cache hit)
414 silly packumentCache full:https://registry.npmjs.org/@jimp%2fplugin-flip set size:696275 disposed:false
415 silly fetch manifest @jimp/plugin-hash@1.6.1
416 silly packumentCache full:https://registry.npmjs.org/@jimp%2fplugin-hash cache-miss
417 http cache https://registry.npmjs.org/@jimp%2fplugin-hash 2ms (cache hit)
418 silly packumentCache full:https://registry.npmjs.org/@jimp%2fplugin-hash set size:53657 disposed:false
419 silly fetch manifest @jimp/plugin-mask@1.6.1
420 silly packumentCache full:https://registry.npmjs.org/@jimp%2fplugin-mask cache-miss
421 http cache https://registry.npmjs.org/@jimp%2fplugin-mask 9ms (cache hit)
422 silly packumentCache full:https://registry.npmjs.org/@jimp%2fplugin-mask set size:757495 disposed:false
423 silly fetch manifest @jimp/plugin-print@1.6.1
424 silly packumentCache full:https://registry.npmjs.org/@jimp%2fplugin-print cache-miss
425 http cache https://registry.npmjs.org/@jimp%2fplugin-print 3ms (cache hit)
426 silly packumentCache full:https://registry.npmjs.org/@jimp%2fplugin-print set size:793848 disposed:false
427 silly fetch manifest @jimp/plugin-quantize@1.6.1
428 silly packumentCache full:https://registry.npmjs.org/@jimp%2fplugin-quantize cache-miss
429 http cache https://registry.npmjs.org/@jimp%2fplugin-quantize 12ms (cache hit)
430 silly packumentCache full:https://registry.npmjs.org/@jimp%2fplugin-quantize set size:37705 disposed:false
431 silly fetch manifest @jimp/plugin-resize@1.6.1
432 silly packumentCache full:https://registry.npmjs.org/@jimp%2fplugin-resize cache-miss
433 http cache https://registry.npmjs.org/@jimp%2fplugin-resize 9ms (cache hit)
434 silly packumentCache full:https://registry.npmjs.org/@jimp%2fplugin-resize set size:757389 disposed:false
435 silly fetch manifest @jimp/plugin-rotate@1.6.1
436 silly packumentCache full:https://registry.npmjs.org/@jimp%2fplugin-rotate cache-miss
437 http cache https://registry.npmjs.org/@jimp%2fplugin-rotate 10ms (cache hit)
438 silly packumentCache full:https://registry.npmjs.org/@jimp%2fplugin-rotate set size:810400 disposed:false
439 silly fetch manifest @jimp/plugin-threshold@1.6.1
440 silly packumentCache full:https://registry.npmjs.org/@jimp%2fplugin-threshold cache-miss
441 http cache https://registry.npmjs.org/@jimp%2fplugin-threshold 3ms (cache hit)
442 silly packumentCache full:https://registry.npmjs.org/@jimp%2fplugin-threshold set size:781977 disposed:false
443 silly fetch manifest @jimp/types@1.6.1
444 silly packumentCache full:https://registry.npmjs.org/@jimp%2ftypes cache-miss
445 http cache https://registry.npmjs.org/@jimp%2ftypes 3ms (cache hit)
446 silly packumentCache full:https://registry.npmjs.org/@jimp%2ftypes set size:749307 disposed:false
447 silly fetch manifest @jimp/utils@1.6.1
448 silly packumentCache full:https://registry.npmjs.org/@jimp%2futils cache-miss
449 http cache https://registry.npmjs.org/@jimp%2futils 3ms (cache hit)
450 silly packumentCache full:https://registry.npmjs.org/@jimp%2futils set size:688197 disposed:false
451 silly fetch manifest mime-db@^1.54.0
452 silly packumentCache full:https://registry.npmjs.org/mime-db cache-miss
453 http cache https://registry.npmjs.org/mime-db 3ms (cache hit)
454 silly packumentCache full:https://registry.npmjs.org/mime-db set size:164953 disposed:false
455 silly fetch manifest clone@2.x
456 silly packumentCache full:https://registry.npmjs.org/clone cache-miss
457 http cache https://registry.npmjs.org/clone 2ms (cache hit)
458 silly packumentCache full:https://registry.npmjs.org/clone set size:82973 disposed:false
459 silly fetch manifest data-uri-to-buffer@^4.0.0
460 silly packumentCache full:https://registry.npmjs.org/data-uri-to-buffer cache-miss
461 http cache https://registry.npmjs.org/data-uri-to-buffer 2ms (cache hit)
462 silly packumentCache full:https://registry.npmjs.org/data-uri-to-buffer set size:48018 disposed:false
463 silly fetch manifest fetch-blob@^3.1.4
464 silly packumentCache full:https://registry.npmjs.org/fetch-blob cache-miss
465 http cache https://registry.npmjs.org/fetch-blob 2ms (cache hit)
466 silly packumentCache full:https://registry.npmjs.org/fetch-blob set size:73704 disposed:false
467 silly fetch manifest formdata-polyfill@^4.0.10
468 silly packumentCache full:https://registry.npmjs.org/formdata-polyfill cache-miss
469 http cache https://registry.npmjs.org/formdata-polyfill 1ms (cache hit)
470 silly packumentCache full:https://registry.npmjs.org/formdata-polyfill set size:94446 disposed:false
471 silly fetch manifest sonic-boom@^4.0.1
472 silly packumentCache full:https://registry.npmjs.org/sonic-boom cache-miss
473 http cache https://registry.npmjs.org/sonic-boom 2ms (cache hit)
474 silly packumentCache full:https://registry.npmjs.org/sonic-boom set size:173460 disposed:false
475 silly fetch manifest atomic-sleep@^1.0.0
476 silly packumentCache full:https://registry.npmjs.org/atomic-sleep cache-miss
477 http cache https://registry.npmjs.org/atomic-sleep 2ms (cache hit)
478 silly packumentCache full:https://registry.npmjs.org/atomic-sleep set size:5192 disposed:false
479 silly fetch manifest real-require@^0.2.0
480 silly packumentCache full:https://registry.npmjs.org/real-require cache-miss
481 http cache https://registry.npmjs.org/real-require 2ms (cache hit)
482 silly packumentCache full:https://registry.npmjs.org/real-require set size:10846 disposed:false
483 silly fetch manifest thread-stream@^4.0.0
484 silly packumentCache full:https://registry.npmjs.org/thread-stream cache-miss
485 http cache https://registry.npmjs.org/thread-stream 2ms (cache hit)
486 silly packumentCache full:https://registry.npmjs.org/thread-stream set size:131270 disposed:false
487 silly fetch manifest @pinojs/redact@^0.4.0
488 silly packumentCache full:https://registry.npmjs.org/@pinojs%2fredact cache-miss
489 http cache https://registry.npmjs.org/@pinojs%2fredact 2ms (cache hit)
490 silly packumentCache full:https://registry.npmjs.org/@pinojs%2fredact set size:16869 disposed:false
491 silly fetch manifest process-warning@^5.0.0
492 silly packumentCache full:https://registry.npmjs.org/process-warning cache-miss
493 http cache https://registry.npmjs.org/process-warning 2ms (cache hit)
494 silly packumentCache full:https://registry.npmjs.org/process-warning set size:36826 disposed:false
495 silly fetch manifest on-exit-leak-free@^2.1.0
496 silly packumentCache full:https://registry.npmjs.org/on-exit-leak-free cache-miss
497 http cache https://registry.npmjs.org/on-exit-leak-free 1ms (cache hit)
498 silly packumentCache full:https://registry.npmjs.org/on-exit-leak-free set size:18719 disposed:false
499 silly fetch manifest pino-std-serializers@^7.0.0
500 silly packumentCache full:https://registry.npmjs.org/pino-std-serializers cache-miss
501 http cache https://registry.npmjs.org/pino-std-serializers 2ms (cache hit)
502 silly packumentCache full:https://registry.npmjs.org/pino-std-serializers set size:96138 disposed:false
503 silly fetch manifest safe-stable-stringify@^2.3.1
504 silly packumentCache full:https://registry.npmjs.org/safe-stable-stringify cache-miss
505 http cache https://registry.npmjs.org/safe-stable-stringify 2ms (cache hit)
506 silly packumentCache full:https://registry.npmjs.org/safe-stable-stringify set size:45091 disposed:false
507 silly fetch manifest quick-format-unescaped@^4.0.3
508 silly packumentCache full:https://registry.npmjs.org/quick-format-unescaped cache-miss
509 http cache https://registry.npmjs.org/quick-format-unescaped 2ms (cache hit)
510 silly packumentCache full:https://registry.npmjs.org/quick-format-unescaped set size:36121 disposed:false
511 silly fetch manifest pino-abstract-transport@^3.0.0
512 silly packumentCache full:https://registry.npmjs.org/pino-abstract-transport cache-miss
513 http cache https://registry.npmjs.org/pino-abstract-transport 7ms (cache hit)
514 silly packumentCache full:https://registry.npmjs.org/pino-abstract-transport set size:28649 disposed:false
515 silly fetch manifest pngjs@^5.0.0
516 silly packumentCache full:https://registry.npmjs.org/pngjs cache-miss
517 http cache https://registry.npmjs.org/pngjs 2ms (cache hit)
518 silly packumentCache full:https://registry.npmjs.org/pngjs set size:70154 disposed:false
519 silly fetch manifest yargs@^15.3.1
520 silly packumentCache full:https://registry.npmjs.org/yargs cache-miss
521 http cache https://registry.npmjs.org/yargs 3ms (cache hit)
522 silly packumentCache full:https://registry.npmjs.org/yargs set size:759965 disposed:false
523 silly fetch manifest dijkstrajs@^1.0.1
524 silly packumentCache full:https://registry.npmjs.org/dijkstrajs cache-miss
525 http cache https://registry.npmjs.org/dijkstrajs 3ms (cache hit)
526 silly packumentCache full:https://registry.npmjs.org/dijkstrajs set size:10832 disposed:false
527 silly fetch manifest acorn-node@^1.2.0
528 silly packumentCache full:https://registry.npmjs.org/acorn-node cache-miss
529 http cache https://registry.npmjs.org/acorn-node 2ms (cache hit)
530 silly packumentCache full:https://registry.npmjs.org/acorn-node set size:79958 disposed:false
531 silly fetch manifest async.parallellimit@~0.5.2
532 silly packumentCache full:https://registry.npmjs.org/async.parallellimit cache-miss
533 http cache https://registry.npmjs.org/async.parallellimit 3ms (cache hit)
534 silly packumentCache full:https://registry.npmjs.org/async.parallellimit set size:11848 disposed:false
535 silly fetch manifest cheerio@^1.0.0-rc.10
536 silly packumentCache full:https://registry.npmjs.org/cheerio cache-miss
537 http cache https://registry.npmjs.org/cheerio 4ms (cache hit)
538 silly packumentCache full:https://registry.npmjs.org/cheerio set size:169055 disposed:false
539 silly fetch manifest dasu@~0.4.3
540 silly packumentCache full:https://registry.npmjs.org/dasu cache-miss
541 http cache https://registry.npmjs.org/dasu 3ms (cache hit)
542 silly packumentCache full:https://registry.npmjs.org/dasu set size:66546 disposed:false
543 silly fetch manifest boolstring@~2.0.1
544 silly packumentCache full:https://registry.npmjs.org/boolstring cache-miss
545 http cache https://registry.npmjs.org/boolstring 4ms (cache hit)
546 silly packumentCache full:https://registry.npmjs.org/boolstring set size:11589 disposed:false
547 silly fetch manifest human-time@0.0.2
548 silly packumentCache full:https://registry.npmjs.org/human-time cache-miss
549 http cache https://registry.npmjs.org/human-time 5ms (cache hit)
550 silly packumentCache full:https://registry.npmjs.org/human-time set size:6624 disposed:false
551 silly fetch manifest jsonpath-plus@~10.3.0
552 silly packumentCache full:https://registry.npmjs.org/jsonpath-plus cache-miss
553 http cache https://registry.npmjs.org/jsonpath-plus 5ms (cache hit)
554 silly packumentCache full:https://registry.npmjs.org/jsonpath-plus set size:260001 disposed:false
555 silly fetch manifest minimist@~1.2.5
556 silly packumentCache full:https://registry.npmjs.org/minimist cache-miss
557 http cache https://registry.npmjs.org/minimist 6ms (cache hit)
558 silly packumentCache full:https://registry.npmjs.org/minimist set size:77063 disposed:false
559 silly fetch manifest node-fzf@~0.14.0
560 silly packumentCache full:https://registry.npmjs.org/node-fzf cache-miss
561 http cache https://registry.npmjs.org/node-fzf 2ms (cache hit)
562 silly packumentCache full:https://registry.npmjs.org/node-fzf set size:80150 disposed:false
563 silly placeDep ROOT @hapi/hoek@11.0.7 OK for: @hapi/boom@10.0.1 want: ^11.0.2
564 silly fetch manifest bufferutil@^4.0.1
565 silly packumentCache full:https://registry.npmjs.org/bufferutil cache-miss
566 http cache https://registry.npmjs.org/bufferutil 2ms (cache hit)
567 silly packumentCache full:https://registry.npmjs.org/bufferutil set size:52668 disposed:false
568 silly fetch manifest utf-8-validate@>=5.0.2
569 silly packumentCache full:https://registry.npmjs.org/utf-8-validate cache-miss
570 http cache https://registry.npmjs.org/utf-8-validate 2ms (cache hit)
571 silly packumentCache full:https://registry.npmjs.org/utf-8-validate set size:77012 disposed:false
572 silly placeDep ROOT @cacheable/node-cache@1.7.6 OK for: yo-soy-yo-baileys@0.7.14 want: ^1.4.0
573 silly placeDep node_modules/@whiskeysockets/baileys @hapi/boom@9.1.4 OK for: yo-soy-yo-baileys@0.7.14 want: ^9.1.3
574 silly placeDep ROOT async-mutex@0.5.0 OK for: yo-soy-yo-baileys@0.7.14 want: ^0.5.0
575 silly placeDep ROOT fflate@0.8.3 OK for: yo-soy-yo-baileys@0.7.14 want: ^0.8.0
576 silly placeDep ROOT libsignal@6.0.0 OK for: yo-soy-yo-baileys@0.7.14 want: git+https://github.com/whiskeysockets/libsignal-node
577 silly placeDep ROOT lru-cache@11.5.2 OK for: yo-soy-yo-baileys@0.7.14 want: ^11.1.0
578 silly placeDep ROOT music-metadata@11.15.0 OK for: yo-soy-yo-baileys@0.7.14 want: ^11.7.0
579 silly placeDep ROOT p-queue@9.3.3 OK for: yo-soy-yo-baileys@0.7.14 want: ^9.0.0
580 silly placeDep node_modules/@whiskeysockets/baileys pino@9.14.0 OK for: yo-soy-yo-baileys@0.7.14 want: ^9.6
581 silly placeDep ROOT protobufjs@7.6.6 OK for: yo-soy-yo-baileys@0.7.14 want: ^7.2.4
582 silly placeDep ROOT whatsapp-rust-bridge@0.5.2 OK for: yo-soy-yo-baileys@0.7.14 want: 0.5.2
583 silly placeDep ROOT ws@8.21.3 OK for: yo-soy-yo-baileys@0.7.14 want: ^8.13.0
584 silly fetch manifest keyv@^5.5.5
585 silly packumentCache full:https://registry.npmjs.org/keyv cache-miss
586 http cache https://registry.npmjs.org/keyv 2ms (cache hit)
587 silly packumentCache full:https://registry.npmjs.org/keyv set size:227033 disposed:false
588 silly fetch manifest cacheable@^2.3.1
589 silly packumentCache full:https://registry.npmjs.org/cacheable cache-miss
590 http cache https://registry.npmjs.org/cacheable 2ms (cache hit)
591 silly packumentCache full:https://registry.npmjs.org/cacheable set size:120061 disposed:false
592 silly fetch manifest hookified@^1.14.0
593 silly packumentCache full:https://registry.npmjs.org/hookified cache-miss
594 http cache https://registry.npmjs.org/hookified 2ms (cache hit)
595 silly packumentCache full:https://registry.npmjs.org/hookified set size:164181 disposed:false
596 silly fetch manifest @hapi/hoek@9.x.x
597 silly packumentCache full:https://registry.npmjs.org/@hapi%2fhoek cache-hit
598 silly fetch manifest tslib@^2.4.0
599 silly packumentCache full:https://registry.npmjs.org/tslib cache-miss
600 http cache https://registry.npmjs.org/tslib 1ms (cache hit)
601 silly packumentCache full:https://registry.npmjs.org/tslib set size:108843 disposed:false
602 silly fetch manifest curve25519-js@^0.0.4
603 silly packumentCache full:https://registry.npmjs.org/curve25519-js cache-miss
604 http cache https://registry.npmjs.org/curve25519-js 2ms (cache hit)
605 silly packumentCache full:https://registry.npmjs.org/curve25519-js set size:15295 disposed:false
606 silly fetch manifest protobufjs@^7.5.5
607 silly packumentCache full:https://registry.npmjs.org/protobufjs cache-hit
608 silly fetch manifest debug@^4.4.3
609 silly packumentCache full:https://registry.npmjs.org/debug cache-miss
610 http cache https://registry.npmjs.org/debug 4ms (cache hit)
611 silly packumentCache full:https://registry.npmjs.org/debug set size:195840 disposed:false
612 silly fetch manifest strtok3@^10.3.5
613 silly packumentCache full:https://registry.npmjs.org/strtok3 cache-miss
614 http cache https://registry.npmjs.org/strtok3 2ms (cache hit)
615 silly packumentCache full:https://registry.npmjs.org/strtok3 set size:412240 disposed:false
616 silly fetch manifest win-guid@^0.2.1
617 silly packumentCache full:https://registry.npmjs.org/win-guid cache-miss
618 http cache https://registry.npmjs.org/win-guid 2ms (cache hit)
619 silly packumentCache full:https://registry.npmjs.org/win-guid set size:11017 disposed:false
620 silly fetch manifest file-type@^21.3.4
621 silly packumentCache full:https://registry.npmjs.org/file-type cache-miss
622 http cache https://registry.npmjs.org/file-type 2ms (cache hit)
623 silly packumentCache full:https://registry.npmjs.org/file-type set size:562034 disposed:false
624 silly fetch manifest media-typer@^2.0.0
625 silly packumentCache full:https://registry.npmjs.org/media-typer cache-miss
626 http cache https://registry.npmjs.org/media-typer 5ms (cache hit)
627 silly packumentCache full:https://registry.npmjs.org/media-typer set size:22074 disposed:false
628 silly fetch manifest token-types@^6.1.2
629 silly packumentCache full:https://registry.npmjs.org/token-types cache-miss
630 http cache https://registry.npmjs.org/token-types 2ms (cache hit)
631 silly packumentCache full:https://registry.npmjs.org/token-types set size:155133 disposed:false
632 silly fetch manifest content-type@^2.1.0
633 silly packumentCache full:https://registry.npmjs.org/content-type cache-miss
634 http cache https://registry.npmjs.org/content-type 1ms (cache hit)
635 silly packumentCache full:https://registry.npmjs.org/content-type set size:23936 disposed:false
636 silly fetch manifest @tokenizer/token@^0.3.0
637 silly packumentCache full:https://registry.npmjs.org/@tokenizer%2ftoken cache-miss
638 http cache https://registry.npmjs.org/@tokenizer%2ftoken 2ms (cache hit)
639 silly packumentCache full:https://registry.npmjs.org/@tokenizer%2ftoken set size:11833 disposed:false
640 silly fetch manifest uint8array-extras@^1.5.0
641 silly packumentCache full:https://registry.npmjs.org/uint8array-extras cache-miss
642 http cache https://registry.npmjs.org/uint8array-extras 2ms (cache hit)
643 silly packumentCache full:https://registry.npmjs.org/uint8array-extras set size:36606 disposed:false
644 silly fetch manifest @borewit/text-codec@^0.2.2
645 silly packumentCache full:https://registry.npmjs.org/@borewit%2ftext-codec cache-miss
646 http cache https://registry.npmjs.org/@borewit%2ftext-codec 2ms (cache hit)
647 silly packumentCache full:https://registry.npmjs.org/@borewit%2ftext-codec set size:15427 disposed:false
648 silly fetch manifest eventemitter3@^5.0.4
649 silly packumentCache full:https://registry.npmjs.org/eventemitter3 cache-miss
650 http cache https://registry.npmjs.org/eventemitter3 2ms (cache hit)
651 silly packumentCache full:https://registry.npmjs.org/eventemitter3 set size:92292 disposed:false
652 silly fetch manifest p-timeout@^7.0.0
653 silly packumentCache full:https://registry.npmjs.org/p-timeout cache-miss
654 http cache https://registry.npmjs.org/p-timeout 2ms (cache hit)
655 silly packumentCache full:https://registry.npmjs.org/p-timeout set size:60739 disposed:false
656 silly fetch manifest thread-stream@^3.0.0
657 silly packumentCache full:https://registry.npmjs.org/thread-stream cache-hit
658 silly fetch manifest pino-abstract-transport@^2.0.0
659 silly packumentCache full:https://registry.npmjs.org/pino-abstract-transport cache-hit
660 silly fetch manifest long@^5.3.2
661 silly packumentCache full:https://registry.npmjs.org/long cache-miss
662 http cache https://registry.npmjs.org/long 2ms (cache hit)
663 silly packumentCache full:https://registry.npmjs.org/long set size:80704 disposed:false
664 silly fetch manifest @types/node@>=13.7.0
665 silly packumentCache full:https://registry.npmjs.org/@types%2fnode cache-miss
666 http cache https://registry.npmjs.org/@types%2fnode 16ms (cache hit)
667 silly packumentCache full:https://registry.npmjs.org/@types%2fnode set size:11103927 disposed:false
668 silly fetch manifest @protobufjs/path@^1.1.2
669 silly packumentCache full:https://registry.npmjs.org/@protobufjs%2fpath cache-miss
670 http cache https://registry.npmjs.org/@protobufjs%2fpath 6ms (cache hit)
671 silly packumentCache full:https://registry.npmjs.org/@protobufjs%2fpath set size:10241 disposed:false
672 silly fetch manifest @protobufjs/pool@^1.1.0
673 silly packumentCache full:https://registry.npmjs.org/@protobufjs%2fpool cache-miss
674 http cache https://registry.npmjs.org/@protobufjs%2fpool 23ms (cache hit)
675 silly packumentCache full:https://registry.npmjs.org/@protobufjs%2fpool set size:10727 disposed:false
676 silly fetch manifest @protobufjs/utf8@^1.1.1
677 silly packumentCache full:https://registry.npmjs.org/@protobufjs%2futf8 cache-miss
678 http cache https://registry.npmjs.org/@protobufjs%2futf8 6ms (cache hit)
679 silly packumentCache full:https://registry.npmjs.org/@protobufjs%2futf8 set size:17318 disposed:false
680 silly fetch manifest @protobufjs/fetch@^1.1.1
681 silly packumentCache full:https://registry.npmjs.org/@protobufjs%2ffetch cache-miss
682 http cache https://registry.npmjs.org/@protobufjs%2ffetch 1ms (cache hit)
683 silly packumentCache full:https://registry.npmjs.org/@protobufjs%2ffetch set size:12023 disposed:false
684 silly fetch manifest @protobufjs/float@^1.0.2
685 silly packumentCache full:https://registry.npmjs.org/@protobufjs%2ffloat cache-miss
686 http cache https://registry.npmjs.org/@protobufjs%2ffloat 2ms (cache hit)
687 silly packumentCache full:https://registry.npmjs.org/@protobufjs%2ffloat set size:9957 disposed:false
688 silly fetch manifest @protobufjs/base64@^1.1.2
689 silly packumentCache full:https://registry.npmjs.org/@protobufjs%2fbase64 cache-miss
690 http cache https://registry.npmjs.org/@protobufjs%2fbase64 2ms (cache hit)
691 silly packumentCache full:https://registry.npmjs.org/@protobufjs%2fbase64 set size:14176 disposed:false
692 silly fetch manifest @protobufjs/codegen@^2.0.5
693 silly packumentCache full:https://registry.npmjs.org/@protobufjs%2fcodegen cache-miss
694 http cache https://registry.npmjs.org/@protobufjs%2fcodegen 2ms (cache hit)
695 silly packumentCache full:https://registry.npmjs.org/@protobufjs%2fcodegen set size:23820 disposed:false
696 silly fetch manifest @protobufjs/aspromise@^1.1.2
697 silly packumentCache full:https://registry.npmjs.org/@protobufjs%2faspromise cache-miss
698 http cache https://registry.npmjs.org/@protobufjs%2faspromise 2ms (cache hit)
699 silly packumentCache full:https://registry.npmjs.org/@protobufjs%2faspromise set size:11438 disposed:false
700 silly fetch manifest @protobufjs/eventemitter@^1.1.1
701 silly packumentCache full:https://registry.npmjs.org/@protobufjs%2feventemitter cache-miss
702 http cache https://registry.npmjs.org/@protobufjs%2feventemitter 2ms (cache hit)
703 silly packumentCache full:https://registry.npmjs.org/@protobufjs%2feventemitter set size:13173 disposed:false
704 silly placeDep ROOT cacheable@2.5.0 OK for: @cacheable/node-cache@1.7.6 want: ^2.3.1
705 silly placeDep ROOT hookified@1.15.1 OK for: @cacheable/node-cache@1.7.6 want: ^1.14.0
706 silly placeDep ROOT keyv@5.6.0 OK for: @cacheable/node-cache@1.7.6 want: ^5.5.5
707 silly fetch manifest keyv@^5.6.0
708 silly packumentCache full:https://registry.npmjs.org/keyv cache-hit
709 silly fetch manifest qified@^0.10.1
710 silly packumentCache full:https://registry.npmjs.org/qified cache-miss
711 http cache https://registry.npmjs.org/qified 2ms (cache hit)
712 silly packumentCache full:https://registry.npmjs.org/qified set size:75717 disposed:false
713 silly fetch manifest hookified@^1.15.0
714 silly packumentCache full:https://registry.npmjs.org/hookified cache-hit
715 silly fetch manifest @cacheable/utils@^2.5.0
716 silly packumentCache full:https://registry.npmjs.org/@cacheable%2futils cache-miss
717 http cache https://registry.npmjs.org/@cacheable%2futils 2ms (cache hit)
718 silly packumentCache full:https://registry.npmjs.org/@cacheable%2futils set size:41932 disposed:false
719 silly fetch manifest @cacheable/memory@^2.2.0
720 silly packumentCache full:https://registry.npmjs.org/@cacheable%2fmemory cache-miss
721 http cache https://registry.npmjs.org/@cacheable%2fmemory 2ms (cache hit)
722 silly packumentCache full:https://registry.npmjs.org/@cacheable%2fmemory set size:35099 disposed:false
723 silly fetch manifest @keyv/serialize@^1.1.1
724 silly packumentCache full:https://registry.npmjs.org/@keyv%2fserialize cache-miss
725 http cache https://registry.npmjs.org/@keyv%2fserialize 1ms (cache hit)
726 silly packumentCache full:https://registry.npmjs.org/@keyv%2fserialize set size:23172 disposed:false
727 silly placeDep ROOT tslib@2.8.1 OK for: async-mutex@0.5.0 want: ^2.4.0
728 silly placeDep ROOT follow-redirects@1.16.0 OK for: axios@1.20.0 want: ^1.16.0
729 silly placeDep ROOT https-proxy-agent@5.0.1 OK for: axios@1.20.0 want: ^5.0.1
730 silly placeDep ROOT proxy-from-env@2.1.0 OK for: axios@1.20.0 want: ^2.1.0
731 silly fetch manifest debug@4
732 silly packumentCache full:https://registry.npmjs.org/debug cache-hit
733 silly fetch manifest agent-base@6
734 silly packumentCache full:https://registry.npmjs.org/agent-base cache-miss
735 http cache https://registry.npmjs.org/agent-base 2ms (cache hit)
736 silly packumentCache full:https://registry.npmjs.org/agent-base set size:72085 disposed:false
737 silly placeDep ROOT @cacheable/memory@2.2.0 OK for: cacheable@2.5.0 want: ^2.2.0
738 silly placeDep ROOT @cacheable/utils@2.5.0 OK for: cacheable@2.5.0 want: ^2.5.0
739 silly placeDep ROOT qified@0.10.1 OK for: cacheable@2.5.0 want: ^0.10.1
740 silly fetch manifest @keyv/bigmap@^1.3.1
741 silly packumentCache full:https://registry.npmjs.org/@keyv%2fbigmap cache-miss
742 http cache https://registry.npmjs.org/@keyv%2fbigmap 2ms (cache hit)
743 silly packumentCache full:https://registry.npmjs.org/@keyv%2fbigmap set size:35402 disposed:false
744 silly fetch manifest hashery@^1.5.1
745 silly packumentCache full:https://registry.npmjs.org/hashery cache-miss
746 http cache https://registry.npmjs.org/hashery 1ms (cache hit)
747 silly packumentCache full:https://registry.npmjs.org/hashery set size:29616 disposed:false
748 silly fetch manifest hookified@^2.1.1
749 silly packumentCache full:https://registry.npmjs.org/hookified cache-hit
750 silly placeDep ROOT @keyv/bigmap@1.3.1 OK for: @cacheable/memory@2.2.0 want: ^1.3.1
751 silly fetch manifest hashery@^1.4.0
752 silly packumentCache full:https://registry.npmjs.org/hashery cache-hit
753 silly placeDep ROOT hashery@1.5.1 OK for: @cacheable/utils@2.5.0 want: ^1.5.1
754 silly placeDep ROOT async@0.2.10 OK for: fluent-ffmpeg@2.1.3 want: ^0.2.9
755 silly placeDep ROOT which@1.3.1 OK for: fluent-ffmpeg@2.1.3 want: ^1.1.1
756 silly fetch manifest isexe@^2.0.0
757 silly packumentCache full:https://registry.npmjs.org/isexe cache-miss
758 http cache https://registry.npmjs.org/isexe 2ms (cache hit)
759 silly packumentCache full:https://registry.npmjs.org/isexe set size:31756 disposed:false
760 silly placeDep ROOT asynckit@0.4.0 OK for: form-data@4.0.6 want: ^0.4.0
761 silly placeDep ROOT combined-stream@1.0.8 OK for: form-data@4.0.6 want: ^1.0.8
762 silly placeDep ROOT es-set-tostringtag@2.1.0 OK for: form-data@4.0.6 want: ^2.1.0
763 silly placeDep ROOT hasown@2.0.4 OK for: form-data@4.0.6 want: ^2.0.4
764 silly placeDep node_modules/form-data mime-types@2.1.35 OK for: form-data@4.0.6 want: ^2.1.35
765 silly fetch manifest delayed-stream@~1.0.0
766 silly packumentCache full:https://registry.npmjs.org/delayed-stream cache-miss
767 http cache https://registry.npmjs.org/delayed-stream 2ms (cache hit)
768 silly packumentCache full:https://registry.npmjs.org/delayed-stream set size:15820 disposed:false
769 silly fetch manifest es-errors@^1.3.0
770 silly packumentCache full:https://registry.npmjs.org/es-errors cache-miss
771 http cache https://registry.npmjs.org/es-errors 2ms (cache hit)
772 silly packumentCache full:https://registry.npmjs.org/es-errors set size:16918 disposed:false
773 silly fetch manifest get-intrinsic@^1.2.6
774 silly packumentCache full:https://registry.npmjs.org/get-intrinsic cache-miss
775 http cache https://registry.npmjs.org/get-intrinsic 2ms (cache hit)
776 silly packumentCache full:https://registry.npmjs.org/get-intrinsic set size:60985 disposed:false
777 silly fetch manifest has-tostringtag@^1.0.2
778 silly packumentCache full:https://registry.npmjs.org/has-tostringtag cache-miss
779 http cache https://registry.npmjs.org/has-tostringtag 2ms (cache hit)
780 silly packumentCache full:https://registry.npmjs.org/has-tostringtag set size:13945 disposed:false
781 silly fetch manifest hasown@^2.0.2
782 silly packumentCache full:https://registry.npmjs.org/hasown cache-hit
783 silly fetch manifest function-bind@^1.1.2
784 silly packumentCache full:https://registry.npmjs.org/function-bind cache-miss
785 http cache https://registry.npmjs.org/function-bind 2ms (cache hit)
786 silly packumentCache full:https://registry.npmjs.org/function-bind set size:15733 disposed:false
787 silly fetch manifest mime-db@1.52.0
788 silly packumentCache full:https://registry.npmjs.org/mime-db cache-hit
789 silly placeDep ROOT delayed-stream@1.0.0 OK for: combined-stream@1.0.8 want: ~1.0.0
790 silly placeDep ROOT es-errors@1.3.0 OK for: es-set-tostringtag@2.1.0 want: ^1.3.0
791 silly placeDep ROOT get-intrinsic@1.3.0 OK for: es-set-tostringtag@2.1.0 want: ^1.2.6
792 silly placeDep ROOT has-tostringtag@1.0.2 OK for: es-set-tostringtag@2.1.0 want: ^1.0.2
793 silly fetch manifest gopd@^1.2.0
794 silly packumentCache full:https://registry.npmjs.org/gopd cache-miss
795 http cache https://registry.npmjs.org/gopd 2ms (cache hit)
796 silly packumentCache full:https://registry.npmjs.org/gopd set size:11483 disposed:false
797 silly fetch manifest get-proto@^1.0.1
798 silly packumentCache full:https://registry.npmjs.org/get-proto cache-miss
799 http cache https://registry.npmjs.org/get-proto 3ms (cache hit)
800 silly packumentCache full:https://registry.npmjs.org/get-proto set size:8300 disposed:false
801 silly fetch manifest has-symbols@^1.1.0
802 silly packumentCache full:https://registry.npmjs.org/has-symbols cache-miss
803 http cache https://registry.npmjs.org/has-symbols 1ms (cache hit)
804 silly packumentCache full:https://registry.npmjs.org/has-symbols set size:21550 disposed:false
805 silly fetch manifest es-object-atoms@^1.1.1
806 silly packumentCache full:https://registry.npmjs.org/es-object-atoms cache-miss
807 http cache https://registry.npmjs.org/es-object-atoms 2ms (cache hit)
808 silly packumentCache full:https://registry.npmjs.org/es-object-atoms set size:18278 disposed:false
809 silly fetch manifest math-intrinsics@^1.1.0
810 silly packumentCache full:https://registry.npmjs.org/math-intrinsics cache-miss
811 http cache https://registry.npmjs.org/math-intrinsics 1ms (cache hit)
812 silly packumentCache full:https://registry.npmjs.org/math-intrinsics set size:9265 disposed:false
813 silly fetch manifest es-define-property@^1.0.1
814 silly packumentCache full:https://registry.npmjs.org/es-define-property cache-miss
815 http cache https://registry.npmjs.org/es-define-property 2ms (cache hit)
816 silly packumentCache full:https://registry.npmjs.org/es-define-property set size:8542 disposed:false
817 silly fetch manifest call-bind-apply-helpers@^1.0.2
818 silly packumentCache full:https://registry.npmjs.org/call-bind-apply-helpers cache-miss
819 http cache https://registry.npmjs.org/call-bind-apply-helpers 2ms (cache hit)
820 silly packumentCache full:https://registry.npmjs.org/call-bind-apply-helpers set size:12744 disposed:false
821 silly fetch manifest has-symbols@^1.0.3
822 silly packumentCache full:https://registry.npmjs.org/has-symbols cache-hit
823 silly placeDep ROOT call-bind-apply-helpers@1.0.2 OK for: get-intrinsic@1.3.0 want: ^1.0.2
824 silly placeDep ROOT es-define-property@1.0.1 OK for: get-intrinsic@1.3.0 want: ^1.0.1
825 silly placeDep ROOT es-object-atoms@1.1.2 OK for: get-intrinsic@1.3.0 want: ^1.1.1
826 silly placeDep ROOT function-bind@1.1.2 OK for: get-intrinsic@1.3.0 want: ^1.1.2
827 silly placeDep ROOT get-proto@1.0.1 OK for: get-intrinsic@1.3.0 want: ^1.0.1
828 silly placeDep ROOT gopd@1.2.0 OK for: get-intrinsic@1.3.0 want: ^1.2.0
829 silly placeDep ROOT has-symbols@1.1.0 OK for: get-intrinsic@1.3.0 want: ^1.1.0
830 silly placeDep ROOT math-intrinsics@1.1.0 OK for: get-intrinsic@1.3.0 want: ^1.1.0
831 silly fetch manifest dunder-proto@^1.0.1
832 silly packumentCache full:https://registry.npmjs.org/dunder-proto cache-miss
833 http cache https://registry.npmjs.org/dunder-proto 1ms (cache hit)
834 silly packumentCache full:https://registry.npmjs.org/dunder-proto set size:8256 disposed:false
835 silly placeDep ROOT dunder-proto@1.0.1 OK for: get-proto@1.0.1 want: ^1.0.1
836 silly placeDep node_modules/gradient-string chalk@4.1.2 OK for: gradient-string@2.0.2 want: ^4.1.2
837 silly placeDep ROOT tinygradient@1.1.5 OK for: gradient-string@2.0.2 want: ^1.1.5
838 silly fetch manifest ansi-styles@^4.1.0
839 silly packumentCache full:https://registry.npmjs.org/ansi-styles cache-miss
840 http cache https://registry.npmjs.org/ansi-styles 2ms (cache hit)
841 silly packumentCache full:https://registry.npmjs.org/ansi-styles set size:71772 disposed:false
842 silly fetch manifest supports-color@^7.1.0
843 silly packumentCache full:https://registry.npmjs.org/supports-color cache-miss
844 http cache https://registry.npmjs.org/supports-color 2ms (cache hit)
845 silly packumentCache full:https://registry.npmjs.org/supports-color set size:124169 disposed:false
846 silly fetch manifest tinycolor2@^1.0.0
847 silly packumentCache full:https://registry.npmjs.org/tinycolor2 cache-miss
848 http cache https://registry.npmjs.org/tinycolor2 1ms (cache hit)
849 silly packumentCache full:https://registry.npmjs.org/tinycolor2 set size:200459 disposed:false
850 silly fetch manifest @types/tinycolor2@^1.4.0
851 silly packumentCache full:https://registry.npmjs.org/@types%2ftinycolor2 cache-miss
852 http cache https://registry.npmjs.org/@types%2ftinycolor2 2ms (cache hit)
853 silly packumentCache full:https://registry.npmjs.org/@types%2ftinycolor2 set size:17971 disposed:false
854 silly placeDep ROOT agent-base@6.0.2 OK for: https-proxy-agent@5.0.1 want: 6
855 silly placeDep ROOT debug@4.4.3 OK for: https-proxy-agent@5.0.1 want: 4
856 silly fetch manifest ms@^2.1.3
857 silly packumentCache full:https://registry.npmjs.org/ms cache-miss
858 http cache https://registry.npmjs.org/ms 2ms (cache hit)
859 silly packumentCache full:https://registry.npmjs.org/ms set size:92208 disposed:false
860 silly placeDep ROOT ms@2.1.3 OK for: debug@4.4.3 want: ^2.1.3
861 silly placeDep ROOT @jimp/core@1.6.1 OK for: jimp@1.6.1 want: 1.6.1
862 silly placeDep ROOT @jimp/diff@1.6.1 OK for: jimp@1.6.1 want: 1.6.1
863 silly placeDep ROOT @jimp/js-bmp@1.6.1 OK for: jimp@1.6.1 want: 1.6.1
864 silly placeDep ROOT @jimp/js-gif@1.6.1 OK for: jimp@1.6.1 want: 1.6.1
865 silly placeDep ROOT @jimp/js-jpeg@1.6.1 OK for: jimp@1.6.1 want: 1.6.1
866 silly placeDep ROOT @jimp/js-png@1.6.1 OK for: jimp@1.6.1 want: 1.6.1
867 silly placeDep ROOT @jimp/js-tiff@1.6.1 OK for: jimp@1.6.1 want: 1.6.1
868 silly placeDep ROOT @jimp/plugin-blit@1.6.1 OK for: jimp@1.6.1 want: 1.6.1
869 silly placeDep ROOT @jimp/plugin-blur@1.6.1 OK for: jimp@1.6.1 want: 1.6.1
870 silly placeDep ROOT @jimp/plugin-circle@1.6.1 OK for: jimp@1.6.1 want: 1.6.1
871 silly placeDep ROOT @jimp/plugin-color@1.6.1 OK for: jimp@1.6.1 want: 1.6.1
872 silly placeDep ROOT @jimp/plugin-contain@1.6.1 OK for: jimp@1.6.1 want: 1.6.1
873 silly placeDep ROOT @jimp/plugin-cover@1.6.1 OK for: jimp@1.6.1 want: 1.6.1
874 silly placeDep ROOT @jimp/plugin-crop@1.6.1 OK for: jimp@1.6.1 want: 1.6.1
875 silly placeDep ROOT @jimp/plugin-displace@1.6.1 OK for: jimp@1.6.1 want: 1.6.1
876 silly placeDep ROOT @jimp/plugin-dither@1.6.1 OK for: jimp@1.6.1 want: 1.6.1
877 silly placeDep ROOT @jimp/plugin-fisheye@1.6.1 OK for: jimp@1.6.1 want: 1.6.1
878 silly placeDep ROOT @jimp/plugin-flip@1.6.1 OK for: jimp@1.6.1 want: 1.6.1
879 silly placeDep ROOT @jimp/plugin-hash@1.6.1 OK for: jimp@1.6.1 want: 1.6.1
880 silly placeDep ROOT @jimp/plugin-mask@1.6.1 OK for: jimp@1.6.1 want: 1.6.1
881 silly placeDep ROOT @jimp/plugin-print@1.6.1 OK for: jimp@1.6.1 want: 1.6.1
882 silly placeDep ROOT @jimp/plugin-quantize@1.6.1 OK for: jimp@1.6.1 want: 1.6.1
883 silly placeDep ROOT @jimp/plugin-resize@1.6.1 OK for: jimp@1.6.1 want: 1.6.1
884 silly placeDep ROOT @jimp/plugin-rotate@1.6.1 OK for: jimp@1.6.1 want: 1.6.1
885 silly placeDep ROOT @jimp/plugin-threshold@1.6.1 OK for: jimp@1.6.1 want: 1.6.1
886 silly placeDep ROOT @jimp/types@1.6.1 OK for: jimp@1.6.1 want: 1.6.1
887 silly placeDep ROOT @jimp/utils@1.6.1 OK for: jimp@1.6.1 want: 1.6.1
888 silly fetch manifest @jimp/file-ops@1.6.1
889 silly packumentCache full:https://registry.npmjs.org/@jimp%2ffile-ops cache-miss
890 http cache https://registry.npmjs.org/@jimp%2ffile-ops 4ms (cache hit)
891 silly packumentCache full:https://registry.npmjs.org/@jimp%2ffile-ops set size:45201 disposed:false
892 silly fetch manifest await-to-js@^3.0.0
893 silly packumentCache full:https://registry.npmjs.org/await-to-js cache-miss
894 http cache https://registry.npmjs.org/await-to-js 2ms (cache hit)
895 silly packumentCache full:https://registry.npmjs.org/await-to-js set size:28473 disposed:false
896 silly fetch manifest exif-parser@^0.1.12
897 silly packumentCache full:https://registry.npmjs.org/exif-parser cache-miss
898 http cache https://registry.npmjs.org/exif-parser 2ms (cache hit)
899 silly packumentCache full:https://registry.npmjs.org/exif-parser set size:21912 disposed:false
900 silly fetch manifest file-type@^21.3.3
901 silly packumentCache full:https://registry.npmjs.org/file-type cache-hit
902 silly fetch manifest mime@3
903 silly packumentCache full:https://registry.npmjs.org/mime cache-miss
904 http cache https://registry.npmjs.org/mime 2ms (cache hit)
905 silly packumentCache full:https://registry.npmjs.org/mime set size:119236 disposed:false
906 silly fetch manifest pixelmatch@^5.3.0
907 silly packumentCache full:https://registry.npmjs.org/pixelmatch cache-miss
908 http cache https://registry.npmjs.org/pixelmatch 2ms (cache hit)
909 silly packumentCache full:https://registry.npmjs.org/pixelmatch set size:101679 disposed:false
910 silly fetch manifest bmp-ts@^1.0.9
911 silly packumentCache full:https://registry.npmjs.org/bmp-ts cache-miss
912 http cache https://registry.npmjs.org/bmp-ts 2ms (cache hit)
913 silly packumentCache full:https://registry.npmjs.org/bmp-ts set size:166892 disposed:false
914 silly fetch manifest gifwrap@^0.10.1
915 silly packumentCache full:https://registry.npmjs.org/gifwrap cache-miss
916 http cache https://registry.npmjs.org/gifwrap 1ms (cache hit)
917 silly packumentCache full:https://registry.npmjs.org/gifwrap set size:108552 disposed:false
918 silly fetch manifest omggif@^1.0.10
919 silly packumentCache full:https://registry.npmjs.org/omggif cache-miss
920 http cache https://registry.npmjs.org/omggif 2ms (cache hit)
921 silly packumentCache full:https://registry.npmjs.org/omggif set size:9453 disposed:false
922 silly fetch manifest jpeg-js@^0.4.4
923 silly packumentCache full:https://registry.npmjs.org/jpeg-js cache-miss
924 http cache https://registry.npmjs.org/jpeg-js 2ms (cache hit)
925 silly packumentCache full:https://registry.npmjs.org/jpeg-js set size:51042 disposed:false
926 silly fetch manifest pngjs@^7.0.0
927 silly packumentCache full:https://registry.npmjs.org/pngjs cache-hit
928 silly fetch manifest utif2@^4.1.0
929 silly packumentCache full:https://registry.npmjs.org/utif2 cache-miss
930 http cache https://registry.npmjs.org/utif2 2ms (cache hit)
931 silly packumentCache full:https://registry.npmjs.org/utif2 set size:11878 disposed:false
932 silly fetch manifest zod@^3.23.8
933 silly packumentCache full:https://registry.npmjs.org/zod cache-miss
934 http cache https://registry.npmjs.org/zod 7ms (cache hit)
935 silly packumentCache full:https://registry.npmjs.org/zod set size:4147901 disposed:false
936 silly fetch manifest tinycolor2@^1.6.0
937 silly packumentCache full:https://registry.npmjs.org/tinycolor2 cache-hit
938 silly fetch manifest any-base@^1.1.0
939 silly packumentCache full:https://registry.npmjs.org/any-base cache-miss
940 http cache https://registry.npmjs.org/any-base 5ms (cache hit)
941 silly packumentCache full:https://registry.npmjs.org/any-base set size:6939 disposed:false
942 silly fetch manifest parse-bmfont-ascii@^1.0.6
943 silly packumentCache full:https://registry.npmjs.org/parse-bmfont-ascii cache-miss
944 http cache https://registry.npmjs.org/parse-bmfont-ascii 2ms (cache hit)
945 silly packumentCache full:https://registry.npmjs.org/parse-bmfont-ascii set size:12998 disposed:false
946 silly fetch manifest parse-bmfont-binary@^1.0.6
947 silly packumentCache full:https://registry.npmjs.org/parse-bmfont-binary cache-miss
948 http cache https://registry.npmjs.org/parse-bmfont-binary 2ms (cache hit)
949 silly packumentCache full:https://registry.npmjs.org/parse-bmfont-binary set size:6581 disposed:false
950 silly fetch manifest parse-bmfont-xml@^1.1.6
951 silly packumentCache full:https://registry.npmjs.org/parse-bmfont-xml cache-miss
952 http cache https://registry.npmjs.org/parse-bmfont-xml 2ms (cache hit)
953 silly packumentCache full:https://registry.npmjs.org/parse-bmfont-xml set size:20124 disposed:false
954 silly fetch manifest simple-xml-to-json@^1.2.2
955 silly packumentCache full:https://registry.npmjs.org/simple-xml-to-json cache-miss
956 http cache https://registry.npmjs.org/simple-xml-to-json 3ms (cache hit)
957 silly packumentCache full:https://registry.npmjs.org/simple-xml-to-json set size:68902 disposed:false
958 silly fetch manifest image-q@^4.0.0
959 silly packumentCache full:https://registry.npmjs.org/image-q cache-miss
960 http cache https://registry.npmjs.org/image-q 1ms (cache hit)
961 silly packumentCache full:https://registry.npmjs.org/image-q set size:90308 disposed:false
962 silly placeDep ROOT @jimp/file-ops@1.6.1 OK for: @jimp/core@1.6.1 want: 1.6.1
963 silly placeDep ROOT await-to-js@3.0.0 OK for: @jimp/core@1.6.1 want: ^3.0.0
964 silly placeDep ROOT exif-parser@0.1.12 OK for: @jimp/core@1.6.1 want: ^0.1.12
965 silly placeDep ROOT file-type@21.3.4 OK for: @jimp/core@1.6.1 want: ^21.3.3
966 silly placeDep ROOT mime@3.0.0 OK for: @jimp/core@1.6.1 want: 3
967 silly fetch manifest strtok3@^10.3.4
968 silly packumentCache full:https://registry.npmjs.org/strtok3 cache-hit
969 silly fetch manifest token-types@^6.1.1
970 silly packumentCache full:https://registry.npmjs.org/token-types cache-hit
971 silly fetch manifest uint8array-extras@^1.4.0
972 silly packumentCache full:https://registry.npmjs.org/uint8array-extras cache-hit
973 silly fetch manifest @tokenizer/inflate@^0.4.1
974 silly packumentCache full:https://registry.npmjs.org/@tokenizer%2finflate cache-miss
975 http cache https://registry.npmjs.org/@tokenizer%2finflate 1ms (cache hit)
976 silly packumentCache full:https://registry.npmjs.org/@tokenizer%2finflate set size:32390 disposed:false
977 silly placeDep ROOT pixelmatch@5.3.0 OK for: @jimp/diff@1.6.1 want: ^5.3.0
978 silly fetch manifest pngjs@^6.0.0
979 silly packumentCache full:https://registry.npmjs.org/pngjs cache-hit
980 silly placeDep ROOT bmp-ts@1.0.9 OK for: @jimp/js-bmp@1.6.1 want: ^1.0.9
981 silly placeDep ROOT gifwrap@0.10.1 OK for: @jimp/js-gif@1.6.1 want: ^0.10.1
982 silly placeDep ROOT omggif@1.0.10 OK for: @jimp/js-gif@1.6.1 want: ^1.0.10
983 silly placeDep ROOT jpeg-js@0.4.4 OK for: @jimp/js-jpeg@1.6.1 want: ^0.4.4
984 silly placeDep ROOT pngjs@7.0.0 OK for: @jimp/js-png@1.6.1 want: ^7.0.0
985 silly placeDep ROOT utif2@4.1.0 OK for: @jimp/js-tiff@1.6.1 want: ^4.1.0
986 silly fetch manifest pako@^1.0.11
987 silly packumentCache full:https://registry.npmjs.org/pako cache-miss
988 http cache https://registry.npmjs.org/pako 2ms (cache hit)
989 silly packumentCache full:https://registry.npmjs.org/pako set size:82149 disposed:false
990 silly placeDep ROOT zod@3.25.76 OK for: @jimp/plugin-blit@1.6.1 want: ^3.23.8
991 silly placeDep ROOT tinycolor2@1.6.0 OK for: @jimp/plugin-color@1.6.1 want: ^1.6.0
992 silly placeDep ROOT any-base@1.1.0 OK for: @jimp/plugin-hash@1.6.1 want: ^1.1.0
993 silly placeDep ROOT parse-bmfont-ascii@1.0.6 OK for: @jimp/plugin-print@1.6.1 want: ^1.0.6
994 silly placeDep ROOT parse-bmfont-binary@1.0.6 OK for: @jimp/plugin-print@1.6.1 want: ^1.0.6
995 silly placeDep ROOT parse-bmfont-xml@1.1.6 OK for: @jimp/plugin-print@1.6.1 want: ^1.1.6
996 silly placeDep ROOT simple-xml-to-json@1.2.7 OK for: @jimp/plugin-print@1.6.1 want: ^1.2.2
997 silly fetch manifest xml-parse-from-string@^1.0.0
998 silly packumentCache full:https://registry.npmjs.org/xml-parse-from-string cache-miss
999 http cache https://registry.npmjs.org/xml-parse-from-string 2ms (cache hit)
1000 silly packumentCache full:https://registry.npmjs.org/xml-parse-from-string set size:5550 disposed:false
1001 silly fetch manifest xml2js@^0.5.0
1002 silly packumentCache full:https://registry.npmjs.org/xml2js cache-miss
1003 http cache https://registry.npmjs.org/xml2js 3ms (cache hit)
1004 silly packumentCache full:https://registry.npmjs.org/xml2js set size:198018 disposed:false
1005 silly placeDep ROOT image-q@4.0.0 OK for: @jimp/plugin-quantize@1.6.1 want: ^4.0.0
1006 silly fetch manifest @types/node@16.9.1
1007 silly packumentCache full:https://registry.npmjs.org/@types%2fnode cache-miss
1008 http cache https://registry.npmjs.org/@types%2fnode 16ms (cache hit)
1009 silly packumentCache full:https://registry.npmjs.org/@types%2fnode set size:11103927 disposed:false
1010 silly placeDep ROOT @tokenizer/inflate@0.4.1 OK for: file-type@21.3.4 want: ^0.4.1
1011 silly placeDep ROOT strtok3@10.3.5 OK for: file-type@21.3.4 want: ^10.3.4
1012 silly placeDep ROOT token-types@6.1.2 OK for: file-type@21.3.4 want: ^6.1.1
1013 silly placeDep ROOT uint8array-extras@1.5.0 OK for: file-type@21.3.4 want: ^1.4.0
1014 silly fetch manifest @borewit/text-codec@^0.2.1
1015 silly packumentCache full:https://registry.npmjs.org/@borewit%2ftext-codec cache-hit
1016 silly fetch manifest ieee754@^1.2.1
1017 silly packumentCache full:https://registry.npmjs.org/ieee754 cache-miss
1018 http cache https://registry.npmjs.org/ieee754 4ms (cache hit)
1019 silly packumentCache full:https://registry.npmjs.org/ieee754 set size:34910 disposed:false
1020 silly placeDep ROOT @types/node@16.9.1 OK for: image-q@4.0.0 want: 16.9.1
1021 silly placeDep ROOT @keyv/serialize@1.1.1 OK for: keyv@5.6.0 want: ^1.1.1
1022 silly placeDep ROOT curve25519-js@0.0.4 OK for: libsignal@6.0.0 want: ^0.0.4
1023 silly placeDep ROOT mime-db@1.54.0 OK for: mime-types@3.0.2 want: ^1.54.0
1024 silly placeDep ROOT @borewit/text-codec@0.2.2 OK for: music-metadata@11.15.0 want: ^0.2.2
1025 silly placeDep ROOT @tokenizer/token@0.3.0 OK for: music-metadata@11.15.0 want: ^0.3.0
1026 silly placeDep ROOT content-type@2.1.0 OK for: music-metadata@11.15.0 want: ^2.1.0
1027 silly placeDep ROOT media-typer@2.0.0 OK for: music-metadata@11.15.0 want: ^2.0.0
1028 silly placeDep ROOT win-guid@0.2.1 OK for: music-metadata@11.15.0 want: ^0.2.1
1029 silly placeDep ROOT clone@2.1.2 OK for: node-cache@5.1.2 want: 2.x
1030 silly placeDep ROOT data-uri-to-buffer@4.0.1 OK for: node-fetch@3.3.2 want: ^4.0.0
1031 silly placeDep ROOT fetch-blob@3.2.0 OK for: node-fetch@3.3.2 want: ^3.1.4
1032 silly placeDep ROOT formdata-polyfill@4.0.10 OK for: node-fetch@3.3.2 want: ^4.0.10
1033 silly fetch manifest node-domexception@^1.0.0
1034 silly packumentCache full:https://registry.npmjs.org/node-domexception cache-miss
1035 http cache https://registry.npmjs.org/node-domexception 8ms (cache hit)
1036 silly packumentCache full:https://registry.npmjs.org/node-domexception set size:11516 disposed:false
1037 silly fetch manifest web-streams-polyfill@^3.0.3
1038 silly packumentCache full:https://registry.npmjs.org/web-streams-polyfill cache-miss
1039 http cache https://registry.npmjs.org/web-streams-polyfill 2ms (cache hit)
1040 silly packumentCache full:https://registry.npmjs.org/web-streams-polyfill set size:140806 disposed:false
1041 silly placeDep ROOT node-domexception@1.0.0 OK for: fetch-blob@3.2.0 want: ^1.0.0
1042 silly placeDep ROOT web-streams-polyfill@3.3.3 OK for: fetch-blob@3.2.0 want: ^3.0.3
1043 silly placeDep ROOT eventemitter3@5.0.4 OK for: p-queue@9.3.3 want: ^5.0.4
1044 silly placeDep ROOT p-timeout@7.0.1 OK for: p-queue@9.3.3 want: ^7.0.0
1045 silly placeDep ROOT xml-parse-from-string@1.0.1 OK for: parse-bmfont-xml@1.1.6 want: ^1.0.0
1046 silly placeDep ROOT xml2js@0.5.0 OK for: parse-bmfont-xml@1.1.6 want: ^0.5.0
1047 silly fetch manifest sax@>=0.6.0
1048 silly packumentCache full:https://registry.npmjs.org/sax cache-miss
1049 http cache https://registry.npmjs.org/sax 2ms (cache hit)
1050 silly packumentCache full:https://registry.npmjs.org/sax set size:92982 disposed:false
1051 silly fetch manifest xmlbuilder@~11.0.0
1052 silly packumentCache full:https://registry.npmjs.org/xmlbuilder cache-miss
1053 http cache https://registry.npmjs.org/xmlbuilder 2ms (cache hit)
1054 silly packumentCache full:https://registry.npmjs.org/xmlbuilder set size:158707 disposed:false
1055 silly placeDep ROOT @pinojs/redact@0.4.0 OK for: pino@10.3.1 want: ^0.4.0
1056 silly placeDep ROOT atomic-sleep@1.0.0 OK for: pino@10.3.1 want: ^1.0.0
1057 silly placeDep ROOT on-exit-leak-free@2.1.2 OK for: pino@10.3.1 want: ^2.1.0
1058 silly placeDep ROOT pino-abstract-transport@3.0.0 OK for: pino@10.3.1 want: ^3.0.0
1059 silly placeDep ROOT pino-std-serializers@7.1.0 OK for: pino@10.3.1 want: ^7.0.0
1060 silly placeDep ROOT process-warning@5.1.0 OK for: pino@10.3.1 want: ^5.0.0
1061 silly placeDep ROOT quick-format-unescaped@4.0.4 OK for: pino@10.3.1 want: ^4.0.3
1062 silly placeDep ROOT real-require@0.2.0 OK for: pino@10.3.1 want: ^0.2.0
1063 silly placeDep ROOT safe-stable-stringify@2.5.0 OK for: pino@10.3.1 want: ^2.3.1
1064 silly placeDep ROOT sonic-boom@4.2.1 OK for: pino@10.3.1 want: ^4.0.1
1065 silly placeDep ROOT thread-stream@4.2.0 OK for: pino@10.3.1 want: ^4.0.0
1066 silly fetch manifest split2@^4.0.0
1067 silly packumentCache full:https://registry.npmjs.org/split2 cache-miss
1068 http cache https://registry.npmjs.org/split2 3ms (cache hit)
1069 silly packumentCache full:https://registry.npmjs.org/split2 set size:47438 disposed:false
1070 silly fetch manifest real-require@^1.0.0
1071 silly packumentCache full:https://registry.npmjs.org/real-require cache-hit
1072 silly placeDep ROOT split2@4.2.0 OK for: pino-abstract-transport@3.0.0 want: ^4.0.0
1073 silly placeDep node_modules/pixelmatch pngjs@6.0.0 OK for: pixelmatch@5.3.0 want: ^6.0.0
1074 silly placeDep ROOT @protobufjs/aspromise@1.1.2 OK for: protobufjs@7.6.6 want: ^1.1.2
1075 silly placeDep ROOT @protobufjs/base64@1.1.2 OK for: protobufjs@7.6.6 want: ^1.1.2
1076 silly placeDep ROOT @protobufjs/codegen@2.0.5 OK for: protobufjs@7.6.6 want: ^2.0.5
1077 silly placeDep ROOT @protobufjs/eventemitter@1.1.1 OK for: protobufjs@7.6.6 want: ^1.1.1
1078 silly placeDep ROOT @protobufjs/fetch@1.1.1 OK for: protobufjs@7.6.6 want: ^1.1.1
1079 silly placeDep ROOT @protobufjs/float@1.0.2 OK for: protobufjs@7.6.6 want: ^1.0.2
1080 silly placeDep ROOT @protobufjs/path@1.1.2 OK for: protobufjs@7.6.6 want: ^1.1.2
1081 silly placeDep ROOT @protobufjs/pool@1.1.0 OK for: protobufjs@7.6.6 want: ^1.1.0
1082 silly placeDep ROOT @protobufjs/utf8@1.1.2 OK for: protobufjs@7.6.6 want: ^1.1.1
1083 silly placeDep ROOT long@5.3.2 OK for: protobufjs@7.6.6 want: ^5.3.2
1084 silly placeDep node_modules/qified hookified@2.2.0 OK for: qified@0.10.1 want: ^2.1.1
1085 silly placeDep ROOT dijkstrajs@1.0.3 OK for: qrcode@1.5.4 want: ^1.0.1
1086 silly placeDep node_modules/qrcode pngjs@5.0.0 OK for: qrcode@1.5.4 want: ^5.0.0
1087 silly placeDep ROOT yargs@15.4.1 OK for: qrcode@1.5.4 want: ^15.3.1
1088 silly fetch manifest y18n@^4.0.0
1089 silly packumentCache full:https://registry.npmjs.org/y18n cache-miss
1090 http cache https://registry.npmjs.org/y18n 3ms (cache hit)
1091 silly packumentCache full:https://registry.npmjs.org/y18n set size:76206 disposed:false
1092 silly fetch manifest cliui@^6.0.0
1093 silly packumentCache full:https://registry.npmjs.org/cliui cache-miss
1094 http cache https://registry.npmjs.org/cliui 2ms (cache hit)
1095 silly packumentCache full:https://registry.npmjs.org/cliui set size:69089 disposed:false
1096 silly fetch manifest find-up@^4.1.0
1097 silly packumentCache full:https://registry.npmjs.org/find-up cache-miss
1098 http cache https://registry.npmjs.org/find-up 3ms (cache hit)
1099 silly packumentCache full:https://registry.npmjs.org/find-up set size:42620 disposed:false
1100 silly fetch manifest decamelize@^1.2.0
1101 silly packumentCache full:https://registry.npmjs.org/decamelize cache-miss
1102 http cache https://registry.npmjs.org/decamelize 2ms (cache hit)
1103 silly packumentCache full:https://registry.npmjs.org/decamelize set size:34500 disposed:false
1104 silly fetch manifest set-blocking@^2.0.0
1105 silly packumentCache full:https://registry.npmjs.org/set-blocking cache-miss
1106 http cache https://registry.npmjs.org/set-blocking 4ms (cache hit)
1107 silly packumentCache full:https://registry.npmjs.org/set-blocking set size:5763 disposed:false
1108 silly fetch manifest string-width@^4.2.0
1109 silly packumentCache full:https://registry.npmjs.org/string-width cache-miss
1110 http cache https://registry.npmjs.org/string-width 4ms (cache hit)
1111 silly packumentCache full:https://registry.npmjs.org/string-width set size:72458 disposed:false
1112 silly fetch manifest which-module@^2.0.0
1113 silly packumentCache full:https://registry.npmjs.org/which-module cache-miss
1114 http cache https://registry.npmjs.org/which-module 2ms (cache hit)
1115 silly packumentCache full:https://registry.npmjs.org/which-module set size:13898 disposed:false
1116 silly fetch manifest yargs-parser@^18.1.2
1117 silly packumentCache full:https://registry.npmjs.org/yargs-parser cache-miss
1118 http cache https://registry.npmjs.org/yargs-parser 5ms (cache hit)
1119 silly packumentCache full:https://registry.npmjs.org/yargs-parser set size:238681 disposed:false
1120 silly fetch manifest get-caller-file@^2.0.1
1121 silly packumentCache full:https://registry.npmjs.org/get-caller-file cache-miss
1122 http cache https://registry.npmjs.org/get-caller-file 4ms (cache hit)
1123 silly packumentCache full:https://registry.npmjs.org/get-caller-file set size:26456 disposed:false
1124 silly fetch manifest require-directory@^2.1.1
1125 silly packumentCache full:https://registry.npmjs.org/require-directory cache-miss
1126 http cache https://registry.npmjs.org/require-directory 4ms (cache hit)
1127 silly packumentCache full:https://registry.npmjs.org/require-directory set size:26866 disposed:false
1128 silly fetch manifest require-main-filename@^2.0.0
1129 silly packumentCache full:https://registry.npmjs.org/require-main-filename cache-miss
1130 http cache https://registry.npmjs.org/require-main-filename 4ms (cache hit)
1131 silly packumentCache full:https://registry.npmjs.org/require-main-filename set size:7471 disposed:false
1132 silly placeDep ROOT @img/colour@1.1.0 OK for: sharp@0.35.4 want: ^1.1.0
1133 silly placeDep ROOT @img/sharp-darwin-arm64@0.35.4 OK for: sharp@0.35.4 want: 0.35.4
1134 silly placeDep ROOT @img/sharp-darwin-x64@0.35.4 OK for: sharp@0.35.4 want: 0.35.4
1135 silly placeDep ROOT @img/sharp-freebsd-wasm32@0.35.4 OK for: sharp@0.35.4 want: 0.35.4
1136 silly placeDep ROOT @img/sharp-libvips-darwin-arm64@1.3.3 OK for: sharp@0.35.4 want: 1.3.3
1137 silly placeDep ROOT @img/sharp-libvips-darwin-x64@1.3.3 OK for: sharp@0.35.4 want: 1.3.3
1138 silly placeDep ROOT @img/sharp-libvips-linux-arm@1.3.3 OK for: sharp@0.35.4 want: 1.3.3
1139 silly placeDep ROOT @img/sharp-libvips-linux-arm64@1.3.3 OK for: sharp@0.35.4 want: 1.3.3
1140 silly placeDep ROOT @img/sharp-libvips-linux-ppc64@1.3.3 OK for: sharp@0.35.4 want: 1.3.3
1141 silly placeDep ROOT @img/sharp-libvips-linux-riscv64@1.3.3 OK for: sharp@0.35.4 want: 1.3.3
1142 silly placeDep ROOT @img/sharp-libvips-linux-s390x@1.3.3 OK for: sharp@0.35.4 want: 1.3.3
1143 silly placeDep ROOT @img/sharp-libvips-linux-x64@1.3.3 OK for: sharp@0.35.4 want: 1.3.3
1144 silly placeDep ROOT @img/sharp-libvips-linuxmusl-arm64@1.3.3 OK for: sharp@0.35.4 want: 1.3.3
1145 silly placeDep ROOT @img/sharp-libvips-linuxmusl-x64@1.3.3 OK for: sharp@0.35.4 want: 1.3.3
1146 silly placeDep ROOT @img/sharp-linux-arm@0.35.4 OK for: sharp@0.35.4 want: 0.35.4
1147 silly placeDep ROOT @img/sharp-linux-arm64@0.35.4 OK for: sharp@0.35.4 want: 0.35.4
1148 silly placeDep ROOT @img/sharp-linux-ppc64@0.35.4 OK for: sharp@0.35.4 want: 0.35.4
1149 silly placeDep ROOT @img/sharp-linux-riscv64@0.35.4 OK for: sharp@0.35.4 want: 0.35.4
1150 silly placeDep ROOT @img/sharp-linux-s390x@0.35.4 OK for: sharp@0.35.4 want: 0.35.4
1151 silly placeDep ROOT @img/sharp-linux-x64@0.35.4 OK for: sharp@0.35.4 want: 0.35.4
1152 silly placeDep ROOT @img/sharp-linuxmusl-arm64@0.35.4 OK for: sharp@0.35.4 want: 0.35.4
1153 silly placeDep ROOT @img/sharp-linuxmusl-x64@0.35.4 OK for: sharp@0.35.4 want: 0.35.4
1154 silly placeDep ROOT @img/sharp-webcontainers-wasm32@0.35.4 OK for: sharp@0.35.4 want: 0.35.4
1155 silly placeDep ROOT @img/sharp-win32-arm64@0.35.4 OK for: sharp@0.35.4 want: 0.35.4
1156 silly placeDep ROOT @img/sharp-win32-ia32@0.35.4 OK for: sharp@0.35.4 want: 0.35.4
1157 silly placeDep ROOT @img/sharp-win32-x64@0.35.4 OK for: sharp@0.35.4 want: 0.35.4
1158 silly placeDep ROOT detect-libc@2.1.2 OK for: sharp@0.35.4 want: ^2.1.2
1159 silly placeDep ROOT semver@7.8.5 OK for: sharp@0.35.4 want: ^7.8.5
1160 silly fetch manifest @img/sharp-wasm32@0.35.4
1161 silly packumentCache full:https://registry.npmjs.org/@img%2fsharp-wasm32 cache-miss
1162 http cache https://registry.npmjs.org/@img%2fsharp-wasm32 2ms (cache hit)
1163 silly packumentCache full:https://registry.npmjs.org/@img%2fsharp-wasm32 set size:103630 disposed:false
1164 silly placeDep ROOT @img/sharp-wasm32@0.35.4 OK for: @img/sharp-freebsd-wasm32@0.35.4 want: 0.35.4
1165 silly fetch manifest @emnapi/runtime@^1.11.3
1166 silly packumentCache full:https://registry.npmjs.org/@emnapi%2fruntime cache-miss
1167 http cache https://registry.npmjs.org/@emnapi%2fruntime 5ms (cache hit)
1168 silly packumentCache full:https://registry.npmjs.org/@emnapi%2fruntime set size:127256 disposed:false
1169 silly placeDep ROOT @emnapi/runtime@1.11.3 OK for: @img/sharp-wasm32@0.35.4 want: ^1.11.3
1170 silly placeDep ROOT acorn-node@1.8.2 OK for: syntax-error@1.4.0 want: ^1.2.0
1171 silly fetch manifest acorn@^7.0.0
1172 silly packumentCache full:https://registry.npmjs.org/acorn cache-miss
1173 http fetch GET 200 https://registry.npmjs.org/acorn 100ms (cache miss)
1174 silly packumentCache full:https://registry.npmjs.org/acorn set size:undefined disposed:false
1175 silly fetch manifest acorn-walk@^7.0.0
1176 silly packumentCache full:https://registry.npmjs.org/acorn-walk cache-miss
1177 http fetch GET 200 https://registry.npmjs.org/acorn-walk 24ms (cache miss)
1178 silly packumentCache full:https://registry.npmjs.org/acorn-walk set size:undefined disposed:false
1179 silly fetch manifest xtend@^4.0.2
1180 silly packumentCache full:https://registry.npmjs.org/xtend cache-miss
1181 http fetch GET 200 https://registry.npmjs.org/xtend 21ms (cache miss)
1182 silly packumentCache full:https://registry.npmjs.org/xtend set size:undefined disposed:false
1183 silly placeDep ROOT acorn@7.4.1 OK for: acorn-node@1.8.2 want: ^7.0.0
1184 silly placeDep ROOT acorn-walk@7.2.0 OK for: acorn-node@1.8.2 want: ^7.0.0
1185 silly placeDep ROOT xtend@4.0.2 OK for: acorn-node@1.8.2 want: ^4.0.2
1186 silly placeDep node_modules/thread-stream real-require@1.0.0 OK for: thread-stream@4.2.0 want: ^1.0.0
1187 silly placeDep ROOT @types/tinycolor2@1.4.6 OK for: tinygradient@1.1.5 want: ^1.4.0
1188 silly placeDep ROOT ieee754@1.2.1 OK for: token-types@6.1.2 want: ^1.2.1
1189 silly placeDep ROOT pako@1.0.11 OK for: utif2@4.1.0 want: ^1.0.11
1190 silly placeDep ROOT isexe@2.0.0 OK for: which@1.3.1 want: ^2.0.0
1191 silly placeDep ROOT sax@1.6.1 OK for: xml2js@0.5.0 want: >=0.6.0
1192 silly placeDep ROOT xmlbuilder@11.0.1 OK for: xml2js@0.5.0 want: ~11.0.0
1193 silly placeDep ROOT cliui@6.0.0 OK for: yargs@15.4.1 want: ^6.0.0
1194 silly placeDep ROOT decamelize@1.2.0 OK for: yargs@15.4.1 want: ^1.2.0
1195 silly placeDep ROOT find-up@4.1.0 OK for: yargs@15.4.1 want: ^4.1.0
1196 silly placeDep ROOT get-caller-file@2.0.5 OK for: yargs@15.4.1 want: ^2.0.1
1197 silly placeDep ROOT require-directory@2.1.1 OK for: yargs@15.4.1 want: ^2.1.1
1198 silly placeDep ROOT require-main-filename@2.0.0 OK for: yargs@15.4.1 want: ^2.0.0
1199 silly placeDep ROOT set-blocking@2.0.0 OK for: yargs@15.4.1 want: ^2.0.0
1200 silly placeDep ROOT string-width@4.2.3 OK for: yargs@15.4.1 want: ^4.2.0
1201 silly placeDep ROOT which-module@2.0.1 OK for: yargs@15.4.1 want: ^2.0.0
1202 silly placeDep ROOT y18n@4.0.3 OK for: yargs@15.4.1 want: ^4.0.0
1203 silly placeDep ROOT yargs-parser@18.1.3 OK for: yargs@15.4.1 want: ^18.1.2
1204 silly fetch manifest wrap-ansi@^6.2.0
1205 silly packumentCache full:https://registry.npmjs.org/wrap-ansi cache-miss
1206 http fetch GET 200 https://registry.npmjs.org/wrap-ansi 26ms (cache miss)
1207 silly packumentCache full:https://registry.npmjs.org/wrap-ansi set size:undefined disposed:false
1208 silly fetch manifest strip-ansi@^6.0.0
1209 silly packumentCache full:https://registry.npmjs.org/strip-ansi cache-miss
1210 http fetch GET 200 https://registry.npmjs.org/strip-ansi 24ms (cache miss)
1211 silly packumentCache full:https://registry.npmjs.org/strip-ansi set size:undefined disposed:false
1212 silly fetch manifest locate-path@^5.0.0
1213 silly packumentCache full:https://registry.npmjs.org/locate-path cache-miss
1214 http fetch GET 200 https://registry.npmjs.org/locate-path 24ms (cache miss)
1215 silly packumentCache full:https://registry.npmjs.org/locate-path set size:undefined disposed:false
1216 silly fetch manifest path-exists@^4.0.0
1217 silly packumentCache full:https://registry.npmjs.org/path-exists cache-miss
1218 http fetch GET 200 https://registry.npmjs.org/path-exists 22ms (cache miss)
1219 silly packumentCache full:https://registry.npmjs.org/path-exists set size:undefined disposed:false
1220 silly fetch manifest strip-ansi@^6.0.1
1221 silly packumentCache full:https://registry.npmjs.org/strip-ansi cache-miss
1222 http cache https://registry.npmjs.org/strip-ansi 2ms (cache hit)
1223 silly packumentCache full:https://registry.npmjs.org/strip-ansi set size:44998 disposed:false
1224 silly fetch manifest emoji-regex@^8.0.0
1225 silly packumentCache full:https://registry.npmjs.org/emoji-regex cache-miss
1226 http fetch GET 200 https://registry.npmjs.org/emoji-regex 27ms (cache miss)
1227 silly packumentCache full:https://registry.npmjs.org/emoji-regex set size:undefined disposed:false
1228 silly fetch manifest is-fullwidth-code-point@^3.0.0
1229 silly packumentCache full:https://registry.npmjs.org/is-fullwidth-code-point cache-miss
1230 http fetch GET 200 https://registry.npmjs.org/is-fullwidth-code-point 28ms (cache miss)
1231 silly packumentCache full:https://registry.npmjs.org/is-fullwidth-code-point set size:undefined disposed:false
1232 silly fetch manifest camelcase@^5.0.0
1233 silly packumentCache full:https://registry.npmjs.org/camelcase cache-miss
1234 http fetch GET 200 https://registry.npmjs.org/camelcase 28ms (cache miss)
1235 silly packumentCache full:https://registry.npmjs.org/camelcase set size:undefined disposed:false
1236 silly placeDep ROOT strip-ansi@6.0.1 OK for: cliui@6.0.0 want: ^6.0.0
1237 silly placeDep ROOT wrap-ansi@6.2.0 OK for: cliui@6.0.0 want: ^6.2.0
1238 silly fetch manifest ansi-regex@^5.0.1
1239 silly packumentCache full:https://registry.npmjs.org/ansi-regex cache-miss
1240 http fetch GET 200 https://registry.npmjs.org/ansi-regex 25ms (cache miss)
1241 silly packumentCache full:https://registry.npmjs.org/ansi-regex set size:undefined disposed:false
1242 silly fetch manifest ansi-styles@^4.0.0
1243 silly packumentCache full:https://registry.npmjs.org/ansi-styles cache-hit
1244 silly placeDep ROOT locate-path@5.0.0 OK for: find-up@4.1.0 want: ^5.0.0
1245 silly placeDep ROOT path-exists@4.0.0 OK for: find-up@4.1.0 want: ^4.0.0
1246 silly fetch manifest p-locate@^4.1.0
1247 silly packumentCache full:https://registry.npmjs.org/p-locate cache-miss
1248 http fetch GET 200 https://registry.npmjs.org/p-locate 26ms (cache miss)
1249 silly packumentCache full:https://registry.npmjs.org/p-locate set size:undefined disposed:false
1250 silly placeDep ROOT p-locate@4.1.0 OK for: locate-path@5.0.0 want: ^4.1.0
1251 silly fetch manifest p-limit@^2.2.0
1252 silly packumentCache full:https://registry.npmjs.org/p-limit cache-miss
1253 http fetch GET 200 https://registry.npmjs.org/p-limit 25ms (cache miss)
1254 silly packumentCache full:https://registry.npmjs.org/p-limit set size:undefined disposed:false
1255 silly placeDep ROOT p-limit@2.3.0 OK for: p-locate@4.1.0 want: ^2.2.0
1256 silly fetch manifest p-try@^2.0.0
1257 silly packumentCache full:https://registry.npmjs.org/p-try cache-miss
1258 http fetch GET 200 https://registry.npmjs.org/p-try 22ms (cache miss)
1259 silly packumentCache full:https://registry.npmjs.org/p-try set size:undefined disposed:false
1260 silly placeDep ROOT p-try@2.2.0 OK for: p-limit@2.3.0 want: ^2.0.0
1261 silly placeDep ROOT emoji-regex@8.0.0 OK for: string-width@4.2.3 want: ^8.0.0
1262 silly placeDep ROOT is-fullwidth-code-point@3.0.0 OK for: string-width@4.2.3 want: ^3.0.0
1263 silly placeDep ROOT ansi-regex@5.0.1 OK for: strip-ansi@6.0.1 want: ^5.0.1
1264 silly placeDep ROOT ansi-styles@4.3.0 OK for: wrap-ansi@6.2.0 want: ^4.0.0
1265 silly fetch manifest color-convert@^2.0.1
1266 silly packumentCache full:https://registry.npmjs.org/color-convert cache-miss
1267 http fetch GET 200 https://registry.npmjs.org/color-convert 32ms (cache miss)
1268 silly packumentCache full:https://registry.npmjs.org/color-convert set size:undefined disposed:false
1269 silly placeDep ROOT color-convert@2.0.1 OK for: ansi-styles@4.3.0 want: ^2.0.1
1270 silly fetch manifest color-name@~1.1.4
1271 silly packumentCache full:https://registry.npmjs.org/color-name cache-miss
1272 http fetch GET 200 https://registry.npmjs.org/color-name 33ms (cache miss)
1273 silly packumentCache full:https://registry.npmjs.org/color-name set size:undefined disposed:false
1274 silly placeDep ROOT color-name@1.1.4 OK for: color-convert@2.0.1 want: ~1.1.4
1275 silly placeDep ROOT camelcase@5.3.1 OK for: yargs-parser@18.1.3 want: ^5.0.0
1276 silly placeDep ROOT async.parallellimit@0.5.2 OK for: yt-search@2.13.1 want: ~0.5.2
1277 silly placeDep ROOT boolstring@2.0.1 OK for: yt-search@2.13.1 want: ~2.0.1
1278 silly placeDep ROOT cheerio@1.2.0 OK for: yt-search@2.13.1 want: ^1.0.0-rc.10
1279 silly placeDep ROOT dasu@0.4.3 OK for: yt-search@2.13.1 want: ~0.4.3
1280 silly placeDep ROOT human-time@0.0.2 OK for: yt-search@2.13.1 want: 0.0.2
1281 silly placeDep ROOT jsonpath-plus@10.3.0 OK for: yt-search@2.13.1 want: ~10.3.0
1282 silly placeDep ROOT minimist@1.2.8 OK for: yt-search@2.13.1 want: ~1.2.5
1283 silly placeDep ROOT node-fzf@0.14.0 OK for: yt-search@2.13.1 want: ~0.14.0
1284 silly fetch manifest async.util.eachoflimit@0.5.2
1285 silly packumentCache full:https://registry.npmjs.org/async.util.eachoflimit cache-miss
1286 http fetch GET 200 https://registry.npmjs.org/async.util.eachoflimit 26ms (cache miss)
1287 silly packumentCache full:https://registry.npmjs.org/async.util.eachoflimit set size:undefined disposed:false
1288 silly fetch manifest async.util.parallel@0.5.2
1289 silly packumentCache full:https://registry.npmjs.org/async.util.parallel cache-miss
1290 http fetch GET 200 https://registry.npmjs.org/async.util.parallel 22ms (cache miss)
1291 silly packumentCache full:https://registry.npmjs.org/async.util.parallel set size:undefined disposed:false
1292 silly fetch manifest parse5@^7.3.0
1293 silly packumentCache full:https://registry.npmjs.org/parse5 cache-miss
1294 http fetch GET 200 https://registry.npmjs.org/parse5 31ms (cache miss)
1295 silly packumentCache full:https://registry.npmjs.org/parse5 set size:undefined disposed:false
1296 silly fetch manifest undici@^7.19.0
1297 silly packumentCache full:https://registry.npmjs.org/undici cache-miss
1298 http fetch GET 200 https://registry.npmjs.org/undici 64ms (cache miss)
1299 silly packumentCache full:https://registry.npmjs.org/undici set size:undefined disposed:false
1300 silly fetch manifest domutils@^3.2.2
1301 silly packumentCache full:https://registry.npmjs.org/domutils cache-miss
1302 http fetch GET 200 https://registry.npmjs.org/domutils 27ms (cache miss)
1303 silly packumentCache full:https://registry.npmjs.org/domutils set size:undefined disposed:false
1304 silly fetch manifest domhandler@^5.0.3
1305 silly packumentCache full:https://registry.npmjs.org/domhandler cache-miss
1306 http fetch GET 200 https://registry.npmjs.org/domhandler 28ms (cache miss)
1307 silly packumentCache full:https://registry.npmjs.org/domhandler set size:undefined disposed:false
1308 silly fetch manifest htmlparser2@^10.1.0
1309 silly packumentCache full:https://registry.npmjs.org/htmlparser2 cache-miss
1310 http fetch GET 200 https://registry.npmjs.org/htmlparser2 31ms (cache miss)
1311 silly packumentCache full:https://registry.npmjs.org/htmlparser2 set size:undefined disposed:false
1312 silly fetch manifest cheerio-select@^2.1.0
1313 silly packumentCache full:https://registry.npmjs.org/cheerio-select cache-miss
1314 http fetch GET 200 https://registry.npmjs.org/cheerio-select 25ms (cache miss)
1315 silly packumentCache full:https://registry.npmjs.org/cheerio-select set size:undefined disposed:false
1316 silly fetch manifest dom-serializer@^2.0.0
1317 silly packumentCache full:https://registry.npmjs.org/dom-serializer cache-miss
1318 http fetch GET 200 https://registry.npmjs.org/dom-serializer 33ms (cache miss)
1319 silly packumentCache full:https://registry.npmjs.org/dom-serializer set size:undefined disposed:false
1320 silly fetch manifest whatwg-mimetype@^4.0.0
1321 silly packumentCache full:https://registry.npmjs.org/whatwg-mimetype cache-miss
1322 http fetch GET 200 https://registry.npmjs.org/whatwg-mimetype 24ms (cache miss)
1323 silly packumentCache full:https://registry.npmjs.org/whatwg-mimetype set size:undefined disposed:false
1324 silly fetch manifest encoding-sniffer@^0.2.1
1325 silly packumentCache full:https://registry.npmjs.org/encoding-sniffer cache-miss
1326 http fetch GET 200 https://registry.npmjs.org/encoding-sniffer 25ms (cache miss)
1327 silly packumentCache full:https://registry.npmjs.org/encoding-sniffer set size:undefined disposed:false
1328 silly fetch manifest parse5-parser-stream@^7.1.2
1329 silly packumentCache full:https://registry.npmjs.org/parse5-parser-stream cache-miss
1330 http fetch GET 200 https://registry.npmjs.org/parse5-parser-stream 26ms (cache miss)
1331 silly packumentCache full:https://registry.npmjs.org/parse5-parser-stream set size:undefined disposed:false
1332 silly fetch manifest parse5-htmlparser2-tree-adapter@^7.1.0
1333 silly packumentCache full:https://registry.npmjs.org/parse5-htmlparser2-tree-adapter cache-miss
1334 http fetch GET 200 https://registry.npmjs.org/parse5-htmlparser2-tree-adapter 26ms (cache miss)
1335 silly packumentCache full:https://registry.npmjs.org/parse5-htmlparser2-tree-adapter set size:undefined disposed:false
1336 silly fetch manifest jsep@^1.4.0
1337 silly packumentCache full:https://registry.npmjs.org/jsep cache-miss
1338 http fetch GET 200 https://registry.npmjs.org/jsep 31ms (cache miss)
1339 silly packumentCache full:https://registry.npmjs.org/jsep set size:undefined disposed:false
1340 silly fetch manifest @jsep-plugin/regex@^1.0.4
1341 silly packumentCache full:https://registry.npmjs.org/@jsep-plugin%2fregex cache-miss
1342 http fetch GET 200 https://registry.npmjs.org/@jsep-plugin%2fregex 38ms (cache miss)
1343 silly packumentCache full:https://registry.npmjs.org/@jsep-plugin%2fregex set size:undefined disposed:false
1344 silly fetch manifest @jsep-plugin/assignment@^1.3.0
1345 silly packumentCache full:https://registry.npmjs.org/@jsep-plugin%2fassignment cache-miss
1346 http fetch GET 200 https://registry.npmjs.org/@jsep-plugin%2fassignment 38ms (cache miss)
1347 silly packumentCache full:https://registry.npmjs.org/@jsep-plugin%2fassignment set size:undefined disposed:false
1348 silly fetch manifest keypress@~0.2.1
1349 silly packumentCache full:https://registry.npmjs.org/keypress cache-miss
1350 http fetch GET 200 https://registry.npmjs.org/keypress 190ms (cache miss)
1351 silly packumentCache full:https://registry.npmjs.org/keypress set size:undefined disposed:false
1352 silly fetch manifest picocolors@~1.1.1
1353 silly packumentCache full:https://registry.npmjs.org/picocolors cache-miss
1354 http fetch GET 200 https://registry.npmjs.org/picocolors 26ms (cache miss)
1355 silly packumentCache full:https://registry.npmjs.org/picocolors set size:undefined disposed:false
1356 silly fetch manifest redstar@0.0.2
1357 silly packumentCache full:https://registry.npmjs.org/redstar cache-miss
1358 http fetch GET 200 https://registry.npmjs.org/redstar 24ms (cache miss)
1359 silly packumentCache full:https://registry.npmjs.org/redstar set size:undefined disposed:false
1360 silly fetch manifest restore-cursor@~3.1.0
1361 silly packumentCache full:https://registry.npmjs.org/restore-cursor cache-miss
1362 http fetch GET 200 https://registry.npmjs.org/restore-cursor 25ms (cache miss)
1363 silly packumentCache full:https://registry.npmjs.org/restore-cursor set size:undefined disposed:false
1364 silly fetch manifest string-width@~2.1.1
1365 silly packumentCache full:https://registry.npmjs.org/string-width cache-hit
1366 silly fetch manifest ttys@0.0.3
1367 silly packumentCache full:https://registry.npmjs.org/ttys cache-miss
1368 http fetch GET 200 https://registry.npmjs.org/ttys 31ms (cache miss)
1369 silly packumentCache full:https://registry.npmjs.org/ttys set size:undefined disposed:false
1370 silly placeDep ROOT async.util.eachoflimit@0.5.2 OK for: async.parallellimit@0.5.2 want: 0.5.2
1371 silly placeDep ROOT async.util.parallel@0.5.2 OK for: async.parallellimit@0.5.2 want: 0.5.2
1372 silly fetch manifest async.util.keyiterator@0.5.2
1373 silly packumentCache full:https://registry.npmjs.org/async.util.keyiterator cache-miss
1374 http fetch GET 200 https://registry.npmjs.org/async.util.keyiterator 21ms (cache miss)
1375 silly packumentCache full:https://registry.npmjs.org/async.util.keyiterator set size:undefined disposed:false
1376 silly fetch manifest async.util.noop@0.5.2
1377 silly packumentCache full:https://registry.npmjs.org/async.util.noop cache-miss
1378 http fetch GET 200 https://registry.npmjs.org/async.util.noop 23ms (cache miss)
1379 silly packumentCache full:https://registry.npmjs.org/async.util.noop set size:undefined disposed:false
1380 silly fetch manifest async.util.once@0.5.2
1381 silly packumentCache full:https://registry.npmjs.org/async.util.once cache-miss
1382 http fetch GET 200 https://registry.npmjs.org/async.util.once 33ms (cache miss)
1383 silly packumentCache full:https://registry.npmjs.org/async.util.once set size:undefined disposed:false
1384 silly fetch manifest async.util.onlyonce@0.5.2
1385 silly packumentCache full:https://registry.npmjs.org/async.util.onlyonce cache-miss
1386 http fetch GET 200 https://registry.npmjs.org/async.util.onlyonce 25ms (cache miss)
1387 silly packumentCache full:https://registry.npmjs.org/async.util.onlyonce set size:undefined disposed:false
1388 silly fetch manifest async.util.isarraylike@0.5.2
1389 silly packumentCache full:https://registry.npmjs.org/async.util.isarraylike cache-miss
1390 http fetch GET 200 https://registry.npmjs.org/async.util.isarraylike 22ms (cache miss)
1391 silly packumentCache full:https://registry.npmjs.org/async.util.isarraylike set size:undefined disposed:false
1392 silly fetch manifest async.util.restparam@0.5.2
1393 silly packumentCache full:https://registry.npmjs.org/async.util.restparam cache-miss
1394 http fetch GET 200 https://registry.npmjs.org/async.util.restparam 24ms (cache miss)
1395 silly packumentCache full:https://registry.npmjs.org/async.util.restparam set size:undefined disposed:false
1396 silly placeDep ROOT async.util.keyiterator@0.5.2 OK for: async.util.eachoflimit@0.5.2 want: 0.5.2
1397 silly placeDep ROOT async.util.noop@0.5.2 OK for: async.util.eachoflimit@0.5.2 want: 0.5.2
1398 silly placeDep ROOT async.util.once@0.5.2 OK for: async.util.eachoflimit@0.5.2 want: 0.5.2
1399 silly placeDep ROOT async.util.onlyonce@0.5.2 OK for: async.util.eachoflimit@0.5.2 want: 0.5.2
1400 silly fetch manifest async.util.keys@0.5.2
1401 silly packumentCache full:https://registry.npmjs.org/async.util.keys cache-miss
1402 http fetch GET 200 https://registry.npmjs.org/async.util.keys 28ms (cache miss)
1403 silly packumentCache full:https://registry.npmjs.org/async.util.keys set size:undefined disposed:false
1404 silly placeDep ROOT async.util.isarraylike@0.5.2 OK for: async.util.keyiterator@0.5.2 want: 0.5.2
1405 silly placeDep ROOT async.util.keys@0.5.2 OK for: async.util.keyiterator@0.5.2 want: 0.5.2
1406 silly fetch manifest async.util.isarray@0.5.2
1407 silly packumentCache full:https://registry.npmjs.org/async.util.isarray cache-miss
1408 http fetch GET 200 https://registry.npmjs.org/async.util.isarray 33ms (cache miss)
1409 silly packumentCache full:https://registry.npmjs.org/async.util.isarray set size:undefined disposed:false
1410 silly placeDep ROOT async.util.isarray@0.5.2 OK for: async.util.isarraylike@0.5.2 want: 0.5.2
1411 silly placeDep ROOT async.util.restparam@0.5.2 OK for: async.util.parallel@0.5.2 want: 0.5.2
1412 silly placeDep ROOT cheerio-select@2.1.0 OK for: cheerio@1.2.0 want: ^2.1.0
1413 silly placeDep ROOT dom-serializer@2.0.0 OK for: cheerio@1.2.0 want: ^2.0.0
1414 silly placeDep ROOT domhandler@5.0.3 OK for: cheerio@1.2.0 want: ^5.0.3
1415 silly placeDep ROOT domutils@3.2.2 OK for: cheerio@1.2.0 want: ^3.2.2
1416 silly placeDep ROOT encoding-sniffer@0.2.1 OK for: cheerio@1.2.0 want: ^0.2.1
1417 silly placeDep ROOT htmlparser2@10.1.0 OK for: cheerio@1.2.0 want: ^10.1.0
1418 silly placeDep ROOT parse5@7.3.0 OK for: cheerio@1.2.0 want: ^7.3.0
1419 silly placeDep ROOT parse5-htmlparser2-tree-adapter@7.1.0 OK for: cheerio@1.2.0 want: ^7.1.0
1420 silly placeDep ROOT parse5-parser-stream@7.1.2 OK for: cheerio@1.2.0 want: ^7.1.2
1421 silly placeDep ROOT undici@7.29.1 OK for: cheerio@1.2.0 want: ^7.19.0
1422 silly placeDep ROOT whatwg-mimetype@4.0.0 OK for: cheerio@1.2.0 want: ^4.0.0
1423 silly fetch manifest boolbase@^1.0.0
1424 silly packumentCache full:https://registry.npmjs.org/boolbase cache-miss
1425 http fetch GET 200 https://registry.npmjs.org/boolbase 31ms (cache miss)
1426 silly packumentCache full:https://registry.npmjs.org/boolbase set size:undefined disposed:false
1427 silly fetch manifest css-what@^6.1.0
1428 silly packumentCache full:https://registry.npmjs.org/css-what cache-miss
1429 http fetch GET 200 https://registry.npmjs.org/css-what 26ms (cache miss)
1430 silly packumentCache full:https://registry.npmjs.org/css-what set size:undefined disposed:false
1431 silly fetch manifest domutils@^3.0.1
1432 silly packumentCache full:https://registry.npmjs.org/domutils cache-miss
1433 http cache https://registry.npmjs.org/domutils 2ms (cache hit)
1434 silly packumentCache full:https://registry.npmjs.org/domutils set size:110068 disposed:false
1435 silly fetch manifest css-select@^5.1.0
1436 silly packumentCache full:https://registry.npmjs.org/css-select cache-miss
1437 http fetch GET 200 https://registry.npmjs.org/css-select 28ms (cache miss)
1438 silly packumentCache full:https://registry.npmjs.org/css-select set size:undefined disposed:false
1439 silly fetch manifest domelementtype@^2.3.0
1440 silly packumentCache full:https://registry.npmjs.org/domelementtype cache-miss
1441 http fetch GET 200 https://registry.npmjs.org/domelementtype 26ms (cache miss)
1442 silly packumentCache full:https://registry.npmjs.org/domelementtype set size:undefined disposed:false
1443 silly fetch manifest entities@^4.2.0
1444 silly packumentCache full:https://registry.npmjs.org/entities cache-miss
1445 http fetch GET 200 https://registry.npmjs.org/entities 32ms (cache miss)
1446 silly packumentCache full:https://registry.npmjs.org/entities set size:undefined disposed:false
1447 silly fetch manifest domhandler@^5.0.2
1448 silly packumentCache full:https://registry.npmjs.org/domhandler cache-miss
1449 http cache https://registry.npmjs.org/domhandler 4ms (cache hit)
1450 silly packumentCache full:https://registry.npmjs.org/domhandler set size:78187 disposed:false
1451 silly fetch manifest iconv-lite@^0.6.3
1452 silly packumentCache full:https://registry.npmjs.org/iconv-lite cache-miss
1453 http fetch GET 200 https://registry.npmjs.org/iconv-lite 36ms (cache miss)
1454 silly packumentCache full:https://registry.npmjs.org/iconv-lite set size:undefined disposed:false
1455 silly fetch manifest whatwg-encoding@^3.1.1
1456 silly packumentCache full:https://registry.npmjs.org/whatwg-encoding cache-miss
1457 http fetch GET 200 https://registry.npmjs.org/whatwg-encoding 34ms (cache miss)
1458 silly packumentCache full:https://registry.npmjs.org/whatwg-encoding set size:undefined disposed:false
1459 silly fetch manifest entities@^7.0.1
1460 silly packumentCache full:https://registry.npmjs.org/entities cache-miss
1461 http cache https://registry.npmjs.org/entities 2ms (cache hit)
1462 silly packumentCache full:https://registry.npmjs.org/entities set size:101550 disposed:false
1463 silly fetch manifest entities@^6.0.0
1464 silly packumentCache full:https://registry.npmjs.org/entities cache-hit
1465 silly placeDep ROOT boolbase@1.0.0 OK for: cheerio-select@2.1.0 want: ^1.0.0
1466 silly placeDep ROOT css-select@5.2.2 OK for: cheerio-select@2.1.0 want: ^5.1.0
1467 silly placeDep ROOT css-what@6.2.2 OK for: cheerio-select@2.1.0 want: ^6.1.0
1468 silly placeDep ROOT domelementtype@2.3.0 OK for: cheerio-select@2.1.0 want: ^2.3.0
1469 silly fetch manifest nth-check@^2.0.1
1470 silly packumentCache full:https://registry.npmjs.org/nth-check cache-miss
1471 http fetch GET 200 https://registry.npmjs.org/nth-check 27ms (cache miss)
1472 silly packumentCache full:https://registry.npmjs.org/nth-check set size:undefined disposed:false
1473 silly placeDep ROOT nth-check@2.1.1 OK for: css-select@5.2.2 want: ^2.0.1
1474 silly placeDep ROOT entities@4.5.0 OK for: dom-serializer@2.0.0 want: ^4.2.0
1475 silly placeDep ROOT iconv-lite@0.6.3 OK for: encoding-sniffer@0.2.1 want: ^0.6.3
1476 silly placeDep ROOT whatwg-encoding@3.1.1 OK for: encoding-sniffer@0.2.1 want: ^3.1.1
1477 silly fetch manifest safer-buffer@>= 2.1.2 < 3.0.0
1478 silly packumentCache full:https://registry.npmjs.org/safer-buffer cache-miss
1479 http fetch GET 200 https://registry.npmjs.org/safer-buffer 25ms (cache miss)
1480 silly packumentCache full:https://registry.npmjs.org/safer-buffer set size:undefined disposed:false
1481 silly placeDep node_modules/htmlparser2 entities@7.0.1 OK for: htmlparser2@10.1.0 want: ^7.0.1
1482 silly placeDep ROOT safer-buffer@2.1.2 OK for: iconv-lite@0.6.3 want: >= 2.1.2 < 3.0.0
1483 silly placeDep ROOT @jsep-plugin/assignment@1.3.0 OK for: jsonpath-plus@10.3.0 want: ^1.3.0
1484 silly placeDep ROOT jsep@1.4.0 OK for: @jsep-plugin/assignment@1.3.0 want: ^0.4.0||^1.0.0
1485 silly placeDep ROOT @jsep-plugin/regex@1.0.4 OK for: jsonpath-plus@10.3.0 want: ^1.0.4
1486 silly placeDep ROOT keypress@0.2.1 OK for: node-fzf@0.14.0 want: ~0.2.1
1487 silly placeDep ROOT picocolors@1.1.1 OK for: node-fzf@0.14.0 want: ~1.1.1
1488 silly placeDep ROOT redstar@0.0.2 OK for: node-fzf@0.14.0 want: 0.0.2
1489 silly placeDep ROOT restore-cursor@3.1.0 OK for: node-fzf@0.14.0 want: ~3.1.0
1490 silly placeDep node_modules/node-fzf string-width@2.1.1 OK for: node-fzf@0.14.0 want: ~2.1.1
1491 silly placeDep ROOT ttys@0.0.3 OK for: node-fzf@0.14.0 want: 0.0.3
1492 silly fetch manifest minimatch@~3.0.4
1493 silly packumentCache full:https://registry.npmjs.org/minimatch cache-miss
1494 http fetch GET 200 https://registry.npmjs.org/minimatch 46ms (cache miss)
1495 silly packumentCache full:https://registry.npmjs.org/minimatch set size:undefined disposed:false
1496 silly fetch manifest onetime@^5.1.0
1497 silly packumentCache full:https://registry.npmjs.org/onetime cache-miss
1498 http fetch GET 200 https://registry.npmjs.org/onetime 26ms (cache miss)
1499 silly packumentCache full:https://registry.npmjs.org/onetime set size:undefined disposed:false
1500 silly fetch manifest signal-exit@^3.0.2
1501 silly packumentCache full:https://registry.npmjs.org/signal-exit cache-miss
1502 http fetch GET 200 https://registry.npmjs.org/signal-exit 27ms (cache miss)
1503 silly packumentCache full:https://registry.npmjs.org/signal-exit set size:undefined disposed:false
1504 silly fetch manifest strip-ansi@^4.0.0
1505 silly packumentCache full:https://registry.npmjs.org/strip-ansi cache-hit
1506 silly fetch manifest is-fullwidth-code-point@^2.0.0
1507 silly packumentCache full:https://registry.npmjs.org/is-fullwidth-code-point cache-miss
1508 http cache https://registry.npmjs.org/is-fullwidth-code-point 2ms (cache hit)
1509 silly packumentCache full:https://registry.npmjs.org/is-fullwidth-code-point set size:14578 disposed:false
1510 silly placeDep node_modules/parse5 entities@6.0.1 OK for: parse5@7.3.0 want: ^6.0.0
1511 silly placeDep ROOT minimatch@3.0.8 OK for: redstar@0.0.2 want: ~3.0.4
1512 silly fetch manifest brace-expansion@^1.1.7
1513 silly packumentCache full:https://registry.npmjs.org/brace-expansion cache-miss
1514 http fetch GET 200 https://registry.npmjs.org/brace-expansion 24ms (cache miss)
1515 silly packumentCache full:https://registry.npmjs.org/brace-expansion set size:undefined disposed:false
1516 silly placeDep ROOT brace-expansion@1.1.18 OK for: minimatch@3.0.8 want: ^1.1.7
1517 silly fetch manifest concat-map@0.0.1
1518 silly packumentCache full:https://registry.npmjs.org/concat-map cache-miss
1519 http fetch GET 200 https://registry.npmjs.org/concat-map 21ms (cache miss)
1520 silly packumentCache full:https://registry.npmjs.org/concat-map set size:undefined disposed:false
1521 silly fetch manifest balanced-match@^1.0.0
1522 silly packumentCache full:https://registry.npmjs.org/balanced-match cache-miss
1523 http fetch GET 200 https://registry.npmjs.org/balanced-match 25ms (cache miss)
1524 silly packumentCache full:https://registry.npmjs.org/balanced-match set size:undefined disposed:false
1525 silly placeDep ROOT balanced-match@1.0.2 OK for: brace-expansion@1.1.18 want: ^1.0.0
1526 silly placeDep ROOT concat-map@0.0.1 OK for: brace-expansion@1.1.18 want: 0.0.1
1527 silly placeDep ROOT onetime@5.1.2 OK for: restore-cursor@3.1.0 want: ^5.1.0
1528 silly placeDep ROOT signal-exit@3.0.7 OK for: restore-cursor@3.1.0 want: ^3.0.2
1529 silly fetch manifest mimic-fn@^2.1.0
1530 silly packumentCache full:https://registry.npmjs.org/mimic-fn cache-miss
1531 http fetch GET 200 https://registry.npmjs.org/mimic-fn 26ms (cache miss)
1532 silly packumentCache full:https://registry.npmjs.org/mimic-fn set size:undefined disposed:false
1533 silly placeDep ROOT mimic-fn@2.1.0 OK for: onetime@5.1.2 want: ^2.1.0
1534 silly placeDep node_modules/@whiskeysockets/baileys @hapi/hoek@9.3.0 OK for: @hapi/boom@9.1.4 want: 9.x.x
1535 silly placeDep node_modules/@whiskeysockets/baileys pino-abstract-transport@2.0.0 OK for: pino@9.14.0 want: ^2.0.0
1536 silly placeDep node_modules/@whiskeysockets/baileys thread-stream@3.2.0 OK for: pino@9.14.0 want: ^3.0.0
1537 silly placeDep node_modules/form-data mime-db@1.52.0 OK for: mime-types@2.1.35 want: 1.52.0
1538 silly placeDep ROOT supports-color@7.2.0 OK for: chalk@4.1.2 want: ^7.1.0
1539 silly fetch manifest has-flag@^4.0.0
1540 silly packumentCache full:https://registry.npmjs.org/has-flag cache-miss
1541 http fetch GET 200 https://registry.npmjs.org/has-flag 21ms (cache miss)
1542 silly packumentCache full:https://registry.npmjs.org/has-flag set size:undefined disposed:false
1543 silly placeDep ROOT has-flag@4.0.0 OK for: supports-color@7.2.0 want: ^4.0.0
1544 silly placeDep node_modules/node-fzf is-fullwidth-code-point@2.0.0 OK for: string-width@2.1.1 want: ^2.0.0
1545 silly placeDep node_modules/node-fzf strip-ansi@4.0.0 OK for: string-width@2.1.1 want: ^4.0.0
1546 silly fetch manifest ansi-regex@^3.0.0
1547 silly packumentCache full:https://registry.npmjs.org/ansi-regex cache-miss
1548 http cache https://registry.npmjs.org/ansi-regex 3ms (cache hit)
1549 silly packumentCache full:https://registry.npmjs.org/ansi-regex set size:48203 disposed:false
1550 silly placeDep node_modules/node-fzf ansi-regex@3.0.1 OK for: strip-ansi@4.0.0 want: ^3.0.0
1551 silly reify moves {}
1552 silly audit bulk request {
1552 silly audit   '@hapi/boom': [ '10.0.1', '9.1.4' ],
1552 silly audit   'yo-soy-yo-baileys': [ '0.7.14' ],
1552 silly audit   sharp: [ '0.35.4' ],
1552 silly audit   axios: [ '1.20.0' ],
1552 silly audit   chalk: [ '5.6.2', '4.1.2' ],
1552 silly audit   'fluent-ffmpeg': [ '2.1.3' ],
1552 silly audit   'form-data': [ '4.0.6' ],
1552 silly audit   'gradient-string': [ '2.0.2' ],
1552 silly audit   'grapheme-splitter': [ '1.0.4' ],
1552 silly audit   'human-readable': [ '0.2.1' ],
1552 silly audit   jimp: [ '1.6.1' ],
1552 silly audit   'mime-types': [ '3.0.2', '2.1.35' ],
1552 silly audit   moment: [ '2.30.1' ],
1552 silly audit   'moment-timezone': [ '0.5.48' ],
1552 silly audit   'node-cache': [ '5.1.2' ],
1552 silly audit   'node-fetch': [ '3.3.2' ],
1552 silly audit   'node-webpmux': [ '3.2.1' ],
1552 silly audit   pino: [ '10.3.1', '9.14.0' ],
1552 silly audit   qrcode: [ '1.5.4' ],
1552 silly audit   'qrcode-terminal': [ '0.12.0' ],
1552 silly audit   'readline-sync': [ '1.4.10' ],
1552 silly audit   'syntax-error': [ '1.4.0' ],
1552 silly audit   uuid: [ '14.0.2' ],
1552 silly audit   'yt-search': [ '2.13.1' ],
1552 silly audit   '@hapi/hoek': [ '11.0.7', '9.3.0' ],
1552 silly audit   '@cacheable/node-cache': [ '1.7.6' ],
1552 silly audit   'async-mutex': [ '0.5.0' ],
1552 silly audit   fflate: [ '0.8.3' ],
1552 silly audit   libsignal: [ '6.0.0' ],
1552 silly audit   'lru-cache': [ '11.5.2' ],
1552 silly audit   'music-metadata': [ '11.15.0' ],
1552 silly audit   'p-queue': [ '9.3.3' ],
1552 silly audit   protobufjs: [ '7.6.6' ],
1552 silly audit   'whatsapp-rust-bridge': [ '0.5.2' ],
1552 silly audit   ws: [ '8.21.3' ],
1552 silly audit   cacheable: [ '2.5.0' ],
1552 silly audit   hookified: [ '1.15.1', '2.2.0' ],
1552 silly audit   keyv: [ '5.6.0' ],
1552 silly audit   tslib: [ '2.8.1' ],
1552 silly audit   'follow-redirects': [ '1.16.0' ],
1552 silly audit   'https-proxy-agent': [ '5.0.1' ],
1552 silly audit   'proxy-from-env': [ '2.1.0' ],
1552 silly audit   '@cacheable/memory': [ '2.2.0' ],
1552 silly audit   '@cacheable/utils': [ '2.5.0' ],
1552 silly audit   qified: [ '0.10.1' ],
1552 silly audit   '@keyv/bigmap': [ '1.3.1' ],
1552 silly audit   hashery: [ '1.5.1' ],
1552 silly audit   async: [ '0.2.10' ],
1552 silly audit   which: [ '1.3.1' ],
1552 silly audit   asynckit: [ '0.4.0' ],
1552 silly audit   'combined-stream': [ '1.0.8' ],
1552 silly audit   'es-set-tostringtag': [ '2.1.0' ],
1552 silly audit   hasown: [ '2.0.4' ],
1552 silly audit   'delayed-stream': [ '1.0.0' ],
1552 silly audit   'es-errors': [ '1.3.0' ],
1552 silly audit   'get-intrinsic': [ '1.3.0' ],
1552 silly audit   'has-tostringtag': [ '1.0.2' ],
1552 silly audit   'call-bind-apply-helpers': [ '1.0.2' ],
1552 silly audit   'es-define-property': [ '1.0.1' ],
1552 silly audit   'es-object-atoms': [ '1.1.2' ],
1552 silly audit   'function-bind': [ '1.1.2' ],
1552 silly audit   'get-proto': [ '1.0.1' ],
1552 silly audit   gopd: [ '1.2.0' ],
1552 silly audit   'has-symbols': [ '1.1.0' ],
1552 silly audit   'math-intrinsics': [ '1.1.0' ],
1552 silly audit   'dunder-proto': [ '1.0.1' ],
1552 silly audit   tinygradient: [ '1.1.5' ],
1552 silly audit   'agent-base': [ '6.0.2' ],
1552 silly audit   debug: [ '4.4.3' ],
1552 silly audit   ms: [ '2.1.3' ],
1552 silly audit   '@jimp/core': [ '1.6.1' ],
1552 silly audit   '@jimp/diff': [ '1.6.1' ],
1552 silly audit   '@jimp/js-bmp': [ '1.6.1' ],
1552 silly audit   '@jimp/js-gif': [ '1.6.1' ],
1552 silly audit   '@jimp/js-jpeg': [ '1.6.1' ],
1552 silly audit   '@jimp/js-png': [ '1.6.1' ],
1552 silly audit   '@jimp/js-tiff': [ '1.6.1' ],
1552 silly audit   '@jimp/plugin-blit': [ '1.6.1' ],
1552 silly audit   '@jimp/plugin-blur': [ '1.6.1' ],
1552 silly audit   '@jimp/plugin-circle': [ '1.6.1' ],
1552 silly audit   '@jimp/plugin-color': [ '1.6.1' ],
1552 silly audit   '@jimp/plugin-contain': [ '1.6.1' ],
1552 silly audit   '@jimp/plugin-cover': [ '1.6.1' ],
1552 silly audit   '@jimp/plugin-crop': [ '1.6.1' ],
1552 silly audit   '@jimp/plugin-displace': [ '1.6.1' ],
1552 silly audit   '@jimp/plugin-dither': [ '1.6.1' ],
1552 silly audit   '@jimp/plugin-fisheye': [ '1.6.1' ],
1552 silly audit   '@jimp/plugin-flip': [ '1.6.1' ],
1552 silly audit   '@jimp/plugin-hash': [ '1.6.1' ],
1552 silly audit   '@jimp/plugin-mask': [ '1.6.1' ],
1552 silly audit   '@jimp/plugin-print': [ '1.6.1' ],
1552 silly audit   '@jimp/plugin-quantize': [ '1.6.1' ],
1552 silly audit   '@jimp/plugin-resize': [ '1.6.1' ],
1552 silly audit   '@jimp/plugin-rotate': [ '1.6.1' ],
1552 silly audit   '@jimp/plugin-threshold': [ '1.6.1' ],
1552 silly audit   '@jimp/types': [ '1.6.1' ],
1552 silly audit   '@jimp/utils': [ '1.6.1' ],
1552 silly audit   '@jimp/file-ops': [ '1.6.1' ],
1552 silly audit   'await-to-js': [ '3.0.0' ],
1552 silly audit   'exif-parser': [ '0.1.12' ],
1552 silly audit   'file-type': [ '21.3.4' ],
1552 silly audit   mime: [ '3.0.0' ],
1552 silly audit   pixelmatch: [ '5.3.0' ],
1552 silly audit   'bmp-ts': [ '1.0.9' ],
1552 silly audit   gifwrap: [ '0.10.1' ],
1552 silly audit   omggif: [ '1.0.10' ],
1552 silly audit   'jpeg-js': [ '0.4.4' ],
1552 silly audit   pngjs: [ '7.0.0', '6.0.0', '5.0.0' ],
1552 silly audit   utif2: [ '4.1.0' ],
1552 silly audit   zod: [ '3.25.76' ],
1552 silly audit   tinycolor2: [ '1.6.0' ],
1552 silly audit   'any-base': [ '1.1.0' ],
1552 silly audit   'parse-bmfont-ascii': [ '1.0.6' ],
1552 silly audit   'parse-bmfont-binary': [ '1.0.6' ],
1552 silly audit   'parse-bmfont-xml': [ '1.1.6' ],
1552 silly audit   'simple-xml-to-json': [ '1.2.7' ],
1552 silly audit   'image-q': [ '4.0.0' ],
1552 silly audit   '@tokenizer/inflate': [ '0.4.1' ],
1552 silly audit   strtok3: [ '10.3.5' ],
1552 silly audit   'token-types': [ '6.1.2' ],
1552 silly audit   'uint8array-extras': [ '1.5.0' ],
1552 silly audit   '@types/node': [ '16.9.1' ],
1552 silly audit   '@keyv/serialize': [ '1.1.1' ],
1552 silly audit   'curve25519-js': [ '0.0.4' ],
1552 silly audit   'mime-db': [ '1.54.0', '1.52.0' ],
1552 silly audit   '@borewit/text-codec': [ '0.2.2' ],
1552 silly audit   '@tokenizer/token': [ '0.3.0' ],
1552 silly audit   'content-type': [ '2.1.0' ],
1552 silly audit   'media-typer': [ '2.0.0' ],
1552 silly audit   'win-guid': [ '0.2.1' ],
1552 silly audit   clone: [ '2.1.2' ],
1552 silly audit   'data-uri-to-buffer': [ '4.0.1' ],
1552 silly audit   'fetch-blob': [ '3.2.0' ],
1552 silly audit   'formdata-polyfill': [ '4.0.10' ],
1552 silly audit   'node-domexception': [ '1.0.0' ],
1552 silly audit   'web-streams-polyfill': [ '3.3.3' ],
1552 silly audit   eventemitter3: [ '5.0.4' ],
1552 silly audit   'p-timeout': [ '7.0.1' ],
1552 silly audit   'xml-parse-from-string': [ '1.0.1' ],
1552 silly audit   xml2js: [ '0.5.0' ],
1552 silly audit   '@pinojs/redact': [ '0.4.0' ],
1552 silly audit   'atomic-sleep': [ '1.0.0' ],
1552 silly audit   'on-exit-leak-free': [ '2.1.2' ],
1552 silly audit   'pino-abstract-transport': [ '3.0.0', '2.0.0' ],
1552 silly audit   'pino-std-serializers': [ '7.1.0' ],
1552 silly audit   'process-warning': [ '5.1.0' ],
1552 silly audit   'quick-format-unescaped': [ '4.0.4' ],
1552 silly audit   'real-require': [ '0.2.0', '1.0.0' ],
1552 silly audit   'safe-stable-stringify': [ '2.5.0' ],
1552 silly audit   'sonic-boom': [ '4.2.1' ],
1552 silly audit   'thread-stream': [ '4.2.0', '3.2.0' ],
1552 silly audit   split2: [ '4.2.0' ],
1552 silly audit   '@protobufjs/aspromise': [ '1.1.2' ],
1552 silly audit   '@protobufjs/base64': [ '1.1.2' ],
1552 silly audit   '@protobufjs/codegen': [ '2.0.5' ],
1552 silly audit   '@protobufjs/eventemitter': [ '1.1.1' ],
1552 silly audit   '@protobufjs/fetch': [ '1.1.1' ],
1552 silly audit   '@protobufjs/float': [ '1.0.2' ],
1552 silly audit   '@protobufjs/path': [ '1.1.2' ],
1552 silly audit   '@protobufjs/pool': [ '1.1.0' ],
1552 silly audit   '@protobufjs/utf8': [ '1.1.2' ],
1552 silly audit   long: [ '5.3.2' ],
1552 silly audit   dijkstrajs: [ '1.0.3' ],
1552 silly audit   yargs: [ '15.4.1' ],
1552 silly audit   '@img/colour': [ '1.1.0' ],
1552 silly audit   '@img/sharp-darwin-arm64': [ '0.35.4' ],
1552 silly audit   '@img/sharp-darwin-x64': [ '0.35.4' ],
1552 silly audit   '@img/sharp-freebsd-wasm32': [ '0.35.4' ],
1552 silly audit   '@img/sharp-libvips-darwin-arm64': [ '1.3.3' ],
1552 silly audit   '@img/sharp-libvips-darwin-x64': [ '1.3.3' ],
1552 silly audit   '@img/sharp-libvips-linux-arm': [ '1.3.3' ],
1552 silly audit   '@img/sharp-libvips-linux-arm64': [ '1.3.3' ],
1552 silly audit   '@img/sharp-libvips-linux-ppc64': [ '1.3.3' ],
1552 silly audit   '@img/sharp-libvips-linux-riscv64': [ '1.3.3' ],
1552 silly audit   '@img/sharp-libvips-linux-s390x': [ '1.3.3' ],
1552 silly audit   '@img/sharp-libvips-linux-x64': [ '1.3.3' ],
1552 silly audit   '@img/sharp-libvips-linuxmusl-arm64': [ '1.3.3' ],
1552 silly audit   '@img/sharp-libvips-linuxmusl-x64': [ '1.3.3' ],
1552 silly audit   '@img/sharp-linux-arm': [ '0.35.4' ],
1552 silly audit   '@img/sharp-linux-arm64': [ '0.35.4' ],
1552 silly audit   '@img/sharp-linux-ppc64': [ '0.35.4' ],
1552 silly audit   '@img/sharp-linux-riscv64': [ '0.35.4' ],
1552 silly audit   '@img/sharp-linux-s390x': [ '0.35.4' ],
1552 silly audit   '@img/sharp-linux-x64': [ '0.35.4' ],
1552 silly audit   '@img/sharp-linuxmusl-arm64': [ '0.35.4' ],
1552 silly audit   '@img/sharp-linuxmusl-x64': [ '0.35.4' ],
1552 silly audit   '@img/sharp-webcontainers-wasm32': [ '0.35.4' ],
1552 silly audit   '@img/sharp-win32-arm64': [ '0.35.4' ],
1552 silly audit   '@img/sharp-win32-ia32': [ '0.35.4' ],
1552 silly audit   '@img/sharp-win32-x64': [ '0.35.4' ],
1552 silly audit   'detect-libc': [ '2.1.2' ],
1552 silly audit   semver: [ '7.8.5' ],
1552 silly audit   '@img/sharp-wasm32': [ '0.35.4' ],
1552 silly audit   '@emnapi/runtime': [ '1.11.3' ],
1552 silly audit   'acorn-node': [ '1.8.2' ],
1552 silly audit   acorn: [ '7.4.1' ],
1552 silly audit   'acorn-walk': [ '7.2.0' ],
1552 silly audit   xtend: [ '4.0.2' ],
1552 silly audit   '@types/tinycolor2': [ '1.4.6' ],
1552 silly audit   ieee754: [ '1.2.1' ],
1552 silly audit   pako: [ '1.0.11' ],
1552 silly audit   isexe: [ '2.0.0' ],
1552 silly audit   sax: [ '1.6.1' ],
1552 silly audit   xmlbuilder: [ '11.0.1' ],
1552 silly audit   cliui: [ '6.0.0' ],
1552 silly audit   decamelize: [ '1.2.0' ],
1552 silly audit   'find-up': [ '4.1.0' ],
1552 silly audit   'get-caller-file': [ '2.0.5' ],
1552 silly audit   'require-directory': [ '2.1.1' ],
1552 silly audit   'require-main-filename': [ '2.0.0' ],
1552 silly audit   'set-blocking': [ '2.0.0' ],
1552 silly audit   'string-width': [ '4.2.3', '2.1.1' ],
1552 silly audit   'which-module': [ '2.0.1' ],
1552 silly audit   y18n: [ '4.0.3' ],
1552 silly audit   'yargs-parser': [ '18.1.3' ],
1552 silly audit   'strip-ansi': [ '6.0.1', '4.0.0' ],
1552 silly audit   'wrap-ansi': [ '6.2.0' ],
1552 silly audit   'locate-path': [ '5.0.0' ],
1552 silly audit   'path-exists': [ '4.0.0' ],
1552 silly audit   'p-locate': [ '4.1.0' ],
1552 silly audit   'p-limit': [ '2.3.0' ],
1552 silly audit   'p-try': [ '2.2.0' ],
1552 silly audit   'emoji-regex': [ '8.0.0' ],
1552 silly audit   'is-fullwidth-code-point': [ '3.0.0', '2.0.0' ],
1552 silly audit   'ansi-regex': [ '5.0.1', '3.0.1' ],
1552 silly audit   'ansi-styles': [ '4.3.0' ],
1552 silly audit   'color-convert': [ '2.0.1' ],
1552 silly audit   'color-name': [ '1.1.4' ],
1552 silly audit   camelcase: [ '5.3.1' ],
1552 silly audit   'async.parallellimit': [ '0.5.2' ],
1552 silly audit   boolstring: [ '2.0.1' ],
1552 silly audit   cheerio: [ '1.2.0' ],
1552 silly audit   dasu: [ '0.4.3' ],
1552 silly audit   'human-time': [ '0.0.2' ],
1552 silly audit   'jsonpath-plus': [ '10.3.0' ],
1552 silly audit   minimist: [ '1.2.8' ],
1552 silly audit   'node-fzf': [ '0.14.0' ],
1552 silly audit   'async.util.eachoflimit': [ '0.5.2' ],
1552 silly audit   'async.util.parallel': [ '0.5.2' ],
1552 silly audit   'async.util.keyiterator': [ '0.5.2' ],
1552 silly audit   'async.util.noop': [ '0.5.2' ],
1552 silly audit   'async.util.once': [ '0.5.2' ],
1552 silly audit   'async.util.onlyonce': [ '0.5.2' ],
1552 silly audit   'async.util.isarraylike': [ '0.5.2' ],
1552 silly audit   'async.util.keys': [ '0.5.2' ],
1552 silly audit   'async.util.isarray': [ '0.5.2' ],
1552 silly audit   'async.util.restparam': [ '0.5.2' ],
1552 silly audit   'cheerio-select': [ '2.1.0' ],
1552 silly audit   'dom-serializer': [ '2.0.0' ],
1552 silly audit   domhandler: [ '5.0.3' ],
1552 silly audit   domutils: [ '3.2.2' ],
1552 silly audit   'encoding-sniffer': [ '0.2.1' ],
1552 silly audit   htmlparser2: [ '10.1.0' ],
1552 silly audit   parse5: [ '7.3.0' ],
1552 silly audit   'parse5-htmlparser2-tree-adapter': [ '7.1.0' ],
1552 silly audit   'parse5-parser-stream': [ '7.1.2' ],
1552 silly audit   undici: [ '7.29.1' ],
1552 silly audit   'whatwg-mimetype': [ '4.0.0' ],
1552 silly audit   boolbase: [ '1.0.0' ],
1552 silly audit   'css-select': [ '5.2.2' ],
1552 silly audit   'css-what': [ '6.2.2' ],
1552 silly audit   domelementtype: [ '2.3.0' ],
1552 silly audit   'nth-check': [ '2.1.1' ],
1552 silly audit   entities: [ '4.5.0', '7.0.1', '6.0.1' ],
1552 silly audit   'iconv-lite': [ '0.6.3' ],
1552 silly audit   'whatwg-encoding': [ '3.1.1' ],
1552 silly audit   'safer-buffer': [ '2.1.2' ],
1552 silly audit   '@jsep-plugin/assignment': [ '1.3.0' ],
1552 silly audit   jsep: [ '1.4.0' ],
1552 silly audit   '@jsep-plugin/regex': [ '1.0.4' ],
1552 silly audit   keypress: [ '0.2.1' ],
1552 silly audit   picocolors: [ '1.1.1' ],
1552 silly audit   redstar: [ '0.0.2' ],
1552 silly audit   'restore-cursor': [ '3.1.0' ],
1552 silly audit   ttys: [ '0.0.3' ],
1552 silly audit   minimatch: [ '3.0.8' ],
1552 silly audit   'brace-expansion': [ '1.1.18' ],
1552 silly audit   'balanced-match': [ '1.0.2' ],
1552 silly audit   'concat-map': [ '0.0.1' ],
1552 silly audit   onetime: [ '5.1.2' ],
1552 silly audit   'signal-exit': [ '3.0.7' ],
1552 silly audit   'mimic-fn': [ '2.1.0' ],
1552 silly audit   'supports-color': [ '7.2.0' ],
1552 silly audit   'has-flag': [ '4.0.0' ]
1552 silly audit }
1553 http cache supports-color@https://registry.npmjs.org/supports-color/-/supports-color-7.2.0.tgz 0ms (cache hit)
1554 http cache has-flag@https://registry.npmjs.org/has-flag/-/has-flag-4.0.0.tgz 0ms (cache hit)
1555 http cache concat-map@https://registry.npmjs.org/concat-map/-/concat-map-0.0.1.tgz 0ms (cache hit)
1556 http cache onetime@https://registry.npmjs.org/onetime/-/onetime-5.1.2.tgz 0ms (cache hit)
1557 http cache signal-exit@https://registry.npmjs.org/signal-exit/-/signal-exit-3.0.7.tgz 0ms (cache hit)
1558 http cache balanced-match@https://registry.npmjs.org/balanced-match/-/balanced-match-1.0.2.tgz 0ms (cache hit)
1559 http cache ttys@https://registry.npmjs.org/ttys/-/ttys-0.0.3.tgz 0ms (cache hit)
1560 http cache minimatch@https://registry.npmjs.org/minimatch/-/minimatch-3.0.8.tgz 0ms (cache hit)
1561 http cache brace-expansion@https://registry.npmjs.org/brace-expansion/-/brace-expansion-1.1.18.tgz 0ms (cache hit)
1562 http cache restore-cursor@https://registry.npmjs.org/restore-cursor/-/restore-cursor-3.1.0.tgz 0ms (cache hit)
1563 http cache redstar@https://registry.npmjs.org/redstar/-/redstar-0.0.2.tgz 0ms (cache hit)
1564 http cache picocolors@https://registry.npmjs.org/picocolors/-/picocolors-1.1.1.tgz 0ms (cache hit)
1565 http cache keypress@https://registry.npmjs.org/keypress/-/keypress-0.2.1.tgz 0ms (cache hit)
1566 http cache @jsep-plugin/regex@https://registry.npmjs.org/@jsep-plugin/regex/-/regex-1.0.4.tgz 0ms (cache hit)
1567 http cache jsep@https://registry.npmjs.org/jsep/-/jsep-1.4.0.tgz 0ms (cache hit)
1568 http cache @jsep-plugin/assignment@https://registry.npmjs.org/@jsep-plugin/assignment/-/assignment-1.3.0.tgz 0ms (cache hit)
1569 http cache safer-buffer@https://registry.npmjs.org/safer-buffer/-/safer-buffer-2.1.2.tgz 0ms (cache hit)
1570 http cache whatwg-encoding@https://registry.npmjs.org/whatwg-encoding/-/whatwg-encoding-3.1.1.tgz 0ms (cache hit)
1571 http cache entities@https://registry.npmjs.org/entities/-/entities-4.5.0.tgz 0ms (cache hit)
1572 http cache iconv-lite@https://registry.npmjs.org/iconv-lite/-/iconv-lite-0.6.3.tgz 0ms (cache hit)
1573 http cache domelementtype@https://registry.npmjs.org/domelementtype/-/domelementtype-2.3.0.tgz 0ms (cache hit)
1574 http cache nth-check@https://registry.npmjs.org/nth-check/-/nth-check-2.1.1.tgz 0ms (cache hit)
1575 http cache css-what@https://registry.npmjs.org/css-what/-/css-what-6.2.2.tgz 0ms (cache hit)
1576 http cache whatwg-mimetype@https://registry.npmjs.org/whatwg-mimetype/-/whatwg-mimetype-4.0.0.tgz 0ms (cache hit)
1577 http cache css-select@https://registry.npmjs.org/css-select/-/css-select-5.2.2.tgz 0ms (cache hit)
1578 http cache undici@https://registry.npmjs.org/undici/-/undici-7.29.1.tgz 0ms (cache hit)
1579 http cache parse5-parser-stream@https://registry.npmjs.org/parse5-parser-stream/-/parse5-parser-stream-7.1.2.tgz 0ms (cache hit)
1580 http cache boolbase@https://registry.npmjs.org/boolbase/-/boolbase-1.0.0.tgz 0ms (cache hit)
1581 http cache parse5@https://registry.npmjs.org/parse5/-/parse5-7.3.0.tgz 0ms (cache hit)
1582 http cache parse5-htmlparser2-tree-adapter@https://registry.npmjs.org/parse5-htmlparser2-tree-adapter/-/parse5-htmlparser2-tree-adapter-7.1.0.tgz 0ms (cache hit)
1583 http cache htmlparser2@https://registry.npmjs.org/htmlparser2/-/htmlparser2-10.1.0.tgz 0ms (cache hit)
1584 http cache encoding-sniffer@https://registry.npmjs.org/encoding-sniffer/-/encoding-sniffer-0.2.1.tgz 0ms (cache hit)
1585 http cache domutils@https://registry.npmjs.org/domutils/-/domutils-3.2.2.tgz 0ms (cache hit)
1586 http cache domhandler@https://registry.npmjs.org/domhandler/-/domhandler-5.0.3.tgz 0ms (cache hit)
1587 http cache dom-serializer@https://registry.npmjs.org/dom-serializer/-/dom-serializer-2.0.0.tgz 0ms (cache hit)
1588 http cache async.util.restparam@https://registry.npmjs.org/async.util.restparam/-/async.util.restparam-0.5.2.tgz 0ms (cache hit)
1589 http cache cheerio-select@https://registry.npmjs.org/cheerio-select/-/cheerio-select-2.1.0.tgz 0ms (cache hit)
1590 http cache async.util.isarray@https://registry.npmjs.org/async.util.isarray/-/async.util.isarray-0.5.2.tgz 0ms (cache hit)
1591 http cache async.util.keys@https://registry.npmjs.org/async.util.keys/-/async.util.keys-0.5.2.tgz 0ms (cache hit)
1592 http cache async.util.isarraylike@https://registry.npmjs.org/async.util.isarraylike/-/async.util.isarraylike-0.5.2.tgz 0ms (cache hit)
1593 http cache async.util.onlyonce@https://registry.npmjs.org/async.util.onlyonce/-/async.util.onlyonce-0.5.2.tgz 0ms (cache hit)
1594 http cache async.util.once@https://registry.npmjs.org/async.util.once/-/async.util.once-0.5.2.tgz 0ms (cache hit)
1595 http cache async.util.keyiterator@https://registry.npmjs.org/async.util.keyiterator/-/async.util.keyiterator-0.5.2.tgz 0ms (cache hit)
1596 http cache async.util.noop@https://registry.npmjs.org/async.util.noop/-/async.util.noop-0.5.2.tgz 0ms (cache hit)
1597 http cache async.util.parallel@https://registry.npmjs.org/async.util.parallel/-/async.util.parallel-0.5.2.tgz 0ms (cache hit)
1598 http cache node-fzf@https://registry.npmjs.org/node-fzf/-/node-fzf-0.14.0.tgz 0ms (cache hit)
1599 http cache minimist@https://registry.npmjs.org/minimist/-/minimist-1.2.8.tgz 0ms (cache hit)
1600 http cache async.util.eachoflimit@https://registry.npmjs.org/async.util.eachoflimit/-/async.util.eachoflimit-0.5.2.tgz 0ms (cache hit)
1601 http cache jsonpath-plus@https://registry.npmjs.org/jsonpath-plus/-/jsonpath-plus-10.3.0.tgz 0ms (cache hit)
1602 http cache dasu@https://registry.npmjs.org/dasu/-/dasu-0.4.3.tgz 0ms (cache hit)
1603 http cache human-time@https://registry.npmjs.org/human-time/-/human-time-0.0.2.tgz 0ms (cache hit)
1604 http cache cheerio@https://registry.npmjs.org/cheerio/-/cheerio-1.2.0.tgz 0ms (cache hit)
1605 http cache boolstring@https://registry.npmjs.org/boolstring/-/boolstring-2.0.1.tgz 0ms (cache hit)
1606 http cache async.parallellimit@https://registry.npmjs.org/async.parallellimit/-/async.parallellimit-0.5.2.tgz 0ms (cache hit)
1607 http cache camelcase@https://registry.npmjs.org/camelcase/-/camelcase-5.3.1.tgz 0ms (cache hit)
1608 http cache color-name@https://registry.npmjs.org/color-name/-/color-name-1.1.4.tgz 0ms (cache hit)
1609 http cache color-convert@https://registry.npmjs.org/color-convert/-/color-convert-2.0.1.tgz 0ms (cache hit)
1610 http cache ansi-regex@https://registry.npmjs.org/ansi-regex/-/ansi-regex-5.0.1.tgz 0ms (cache hit)
1611 http cache ansi-styles@https://registry.npmjs.org/ansi-styles/-/ansi-styles-4.3.0.tgz 0ms (cache hit)
1612 http cache is-fullwidth-code-point@https://registry.npmjs.org/is-fullwidth-code-point/-/is-fullwidth-code-point-3.0.0.tgz 0ms (cache hit)
1613 http cache p-try@https://registry.npmjs.org/p-try/-/p-try-2.2.0.tgz 0ms (cache hit)
1614 http cache emoji-regex@https://registry.npmjs.org/emoji-regex/-/emoji-regex-8.0.0.tgz 0ms (cache hit)
1615 http cache p-limit@https://registry.npmjs.org/p-limit/-/p-limit-2.3.0.tgz 0ms (cache hit)
1616 http cache p-locate@https://registry.npmjs.org/p-locate/-/p-locate-4.1.0.tgz 0ms (cache hit)
1617 http cache path-exists@https://registry.npmjs.org/path-exists/-/path-exists-4.0.0.tgz 0ms (cache hit)
1618 http cache locate-path@https://registry.npmjs.org/locate-path/-/locate-path-5.0.0.tgz 0ms (cache hit)
1619 http cache wrap-ansi@https://registry.npmjs.org/wrap-ansi/-/wrap-ansi-6.2.0.tgz 0ms (cache hit)
1620 http cache strip-ansi@https://registry.npmjs.org/strip-ansi/-/strip-ansi-6.0.1.tgz 0ms (cache hit)
1621 http cache yargs-parser@https://registry.npmjs.org/yargs-parser/-/yargs-parser-18.1.3.tgz 0ms (cache hit)
1622 http cache y18n@https://registry.npmjs.org/y18n/-/y18n-4.0.3.tgz 0ms (cache hit)
1623 http cache which-module@https://registry.npmjs.org/which-module/-/which-module-2.0.1.tgz 0ms (cache hit)
1624 http cache string-width@https://registry.npmjs.org/string-width/-/string-width-4.2.3.tgz 0ms (cache hit)
1625 http cache set-blocking@https://registry.npmjs.org/set-blocking/-/set-blocking-2.0.0.tgz 0ms (cache hit)
1626 http cache require-main-filename@https://registry.npmjs.org/require-main-filename/-/require-main-filename-2.0.0.tgz 0ms (cache hit)
1627 http cache require-directory@https://registry.npmjs.org/require-directory/-/require-directory-2.1.1.tgz 0ms (cache hit)
1628 http cache get-caller-file@https://registry.npmjs.org/get-caller-file/-/get-caller-file-2.0.5.tgz 0ms (cache hit)
1629 http cache find-up@https://registry.npmjs.org/find-up/-/find-up-4.1.0.tgz 0ms (cache hit)
1630 http cache decamelize@https://registry.npmjs.org/decamelize/-/decamelize-1.2.0.tgz 0ms (cache hit)
1631 http cache cliui@https://registry.npmjs.org/cliui/-/cliui-6.0.0.tgz 0ms (cache hit)
1632 http cache xmlbuilder@https://registry.npmjs.org/xmlbuilder/-/xmlbuilder-11.0.1.tgz 0ms (cache hit)
1633 http cache sax@https://registry.npmjs.org/sax/-/sax-1.6.1.tgz 0ms (cache hit)
1634 http cache isexe@https://registry.npmjs.org/isexe/-/isexe-2.0.0.tgz 0ms (cache hit)
1635 http cache pako@https://registry.npmjs.org/pako/-/pako-1.0.11.tgz 0ms (cache hit)
1636 http cache ieee754@https://registry.npmjs.org/ieee754/-/ieee754-1.2.1.tgz 0ms (cache hit)
1637 http cache xtend@https://registry.npmjs.org/xtend/-/xtend-4.0.2.tgz 0ms (cache hit)
1638 http cache acorn@https://registry.npmjs.org/acorn/-/acorn-7.4.1.tgz 0ms (cache hit)
1639 http cache @types/tinycolor2@https://registry.npmjs.org/@types/tinycolor2/-/tinycolor2-1.4.6.tgz 0ms (cache hit)
1640 http cache acorn-node@https://registry.npmjs.org/acorn-node/-/acorn-node-1.8.2.tgz 0ms (cache hit)
1641 http cache semver@https://registry.npmjs.org/semver/-/semver-7.8.5.tgz 0ms (cache hit)
1642 http cache acorn-walk@https://registry.npmjs.org/acorn-walk/-/acorn-walk-7.2.0.tgz 0ms (cache hit)
1643 http cache detect-libc@https://registry.npmjs.org/detect-libc/-/detect-libc-2.1.2.tgz 0ms (cache hit)
1644 http cache @img/sharp-linux-arm64@https://registry.npmjs.org/@img/sharp-linux-arm64/-/sharp-linux-arm64-0.35.4.tgz 0ms (cache hit)
1645 http cache @img/sharp-libvips-linux-arm64@https://registry.npmjs.org/@img/sharp-libvips-linux-arm64/-/sharp-libvips-linux-arm64-1.3.3.tgz 0ms (cache hit)
1646 http cache @img/colour@https://registry.npmjs.org/@img/colour/-/colour-1.1.0.tgz 0ms (cache hit)
1647 http cache yargs@https://registry.npmjs.org/yargs/-/yargs-15.4.1.tgz 0ms (cache hit)
1648 http cache dijkstrajs@https://registry.npmjs.org/dijkstrajs/-/dijkstrajs-1.0.3.tgz 0ms (cache hit)
1649 http cache long@https://registry.npmjs.org/long/-/long-5.3.2.tgz 0ms (cache hit)
1650 http cache @protobufjs/utf8@https://registry.npmjs.org/@protobufjs/utf8/-/utf8-1.1.2.tgz 0ms (cache hit)
1651 http cache @protobufjs/pool@https://registry.npmjs.org/@protobufjs/pool/-/pool-1.1.0.tgz 0ms (cache hit)
1652 http cache @protobufjs/path@https://registry.npmjs.org/@protobufjs/path/-/path-1.1.2.tgz 0ms (cache hit)
1653 http cache @protobufjs/float@https://registry.npmjs.org/@protobufjs/float/-/float-1.0.2.tgz 0ms (cache hit)
1654 http cache @protobufjs/fetch@https://registry.npmjs.org/@protobufjs/fetch/-/fetch-1.1.1.tgz 0ms (cache hit)
1655 http cache @protobufjs/eventemitter@https://registry.npmjs.org/@protobufjs/eventemitter/-/eventemitter-1.1.1.tgz 0ms (cache hit)
1656 http cache @protobufjs/codegen@https://registry.npmjs.org/@protobufjs/codegen/-/codegen-2.0.5.tgz 0ms (cache hit)
1657 http cache @protobufjs/base64@https://registry.npmjs.org/@protobufjs/base64/-/base64-1.1.2.tgz 0ms (cache hit)
1658 http cache @protobufjs/aspromise@https://registry.npmjs.org/@protobufjs/aspromise/-/aspromise-1.1.2.tgz 0ms (cache hit)
1659 http cache thread-stream@https://registry.npmjs.org/thread-stream/-/thread-stream-4.2.0.tgz 0ms (cache hit)
1660 http cache split2@https://registry.npmjs.org/split2/-/split2-4.2.0.tgz 0ms (cache hit)
1661 http cache sonic-boom@https://registry.npmjs.org/sonic-boom/-/sonic-boom-4.2.1.tgz 0ms (cache hit)
1662 http cache safe-stable-stringify@https://registry.npmjs.org/safe-stable-stringify/-/safe-stable-stringify-2.5.0.tgz 0ms (cache hit)
1663 http cache real-require@https://registry.npmjs.org/real-require/-/real-require-0.2.0.tgz 0ms (cache hit)
1664 http cache quick-format-unescaped@https://registry.npmjs.org/quick-format-unescaped/-/quick-format-unescaped-4.0.4.tgz 0ms (cache hit)
1665 http cache process-warning@https://registry.npmjs.org/process-warning/-/process-warning-5.1.0.tgz 0ms (cache hit)
1666 http cache pino-abstract-transport@https://registry.npmjs.org/pino-abstract-transport/-/pino-abstract-transport-3.0.0.tgz 0ms (cache hit)
1667 http cache pino-std-serializers@https://registry.npmjs.org/pino-std-serializers/-/pino-std-serializers-7.1.0.tgz 0ms (cache hit)
1668 http cache on-exit-leak-free@https://registry.npmjs.org/on-exit-leak-free/-/on-exit-leak-free-2.1.2.tgz 0ms (cache hit)
1669 http cache atomic-sleep@https://registry.npmjs.org/atomic-sleep/-/atomic-sleep-1.0.0.tgz 0ms (cache hit)
1670 http cache mimic-fn@https://registry.npmjs.org/mimic-fn/-/mimic-fn-2.1.0.tgz 0ms (cache hit)
1671 http cache @pinojs/redact@https://registry.npmjs.org/@pinojs/redact/-/redact-0.4.0.tgz 0ms (cache hit)
1672 http cache xml2js@https://registry.npmjs.org/xml2js/-/xml2js-0.5.0.tgz 0ms (cache hit)
1673 http cache xml-parse-from-string@https://registry.npmjs.org/xml-parse-from-string/-/xml-parse-from-string-1.0.1.tgz 0ms (cache hit)
1674 http cache p-timeout@https://registry.npmjs.org/p-timeout/-/p-timeout-7.0.1.tgz 0ms (cache hit)
1675 http cache web-streams-polyfill@https://registry.npmjs.org/web-streams-polyfill/-/web-streams-polyfill-3.3.3.tgz 0ms (cache hit)
1676 http cache node-domexception@https://registry.npmjs.org/node-domexception/-/node-domexception-1.0.0.tgz 0ms (cache hit)
1677 http cache fetch-blob@https://registry.npmjs.org/fetch-blob/-/fetch-blob-3.2.0.tgz 0ms (cache hit)
1678 http cache formdata-polyfill@https://registry.npmjs.org/formdata-polyfill/-/formdata-polyfill-4.0.10.tgz 0ms (cache hit)
1679 http cache data-uri-to-buffer@https://registry.npmjs.org/data-uri-to-buffer/-/data-uri-to-buffer-4.0.1.tgz 0ms (cache hit)
1680 http cache win-guid@https://registry.npmjs.org/win-guid/-/win-guid-0.2.1.tgz 0ms (cache hit)
1681 http cache media-typer@https://registry.npmjs.org/media-typer/-/media-typer-2.0.0.tgz 0ms (cache hit)
1682 http cache clone@https://registry.npmjs.org/clone/-/clone-2.1.2.tgz 0ms (cache hit)
1683 http cache eventemitter3@https://registry.npmjs.org/eventemitter3/-/eventemitter3-5.0.4.tgz 0ms (cache hit)
1684 http cache content-type@https://registry.npmjs.org/content-type/-/content-type-2.1.0.tgz 0ms (cache hit)
1685 http cache @tokenizer/token@https://registry.npmjs.org/@tokenizer/token/-/token-0.3.0.tgz 0ms (cache hit)
1686 http cache @borewit/text-codec@https://registry.npmjs.org/@borewit/text-codec/-/text-codec-0.2.2.tgz 0ms (cache hit)
1687 http cache mime-db@https://registry.npmjs.org/mime-db/-/mime-db-1.54.0.tgz 0ms (cache hit)
1688 http cache curve25519-js@https://registry.npmjs.org/curve25519-js/-/curve25519-js-0.0.4.tgz 0ms (cache hit)
1689 http cache @keyv/serialize@https://registry.npmjs.org/@keyv/serialize/-/serialize-1.1.1.tgz 0ms (cache hit)
1690 http cache @types/node@https://registry.npmjs.org/@types/node/-/node-16.9.1.tgz 0ms (cache hit)
1691 http cache token-types@https://registry.npmjs.org/token-types/-/token-types-6.1.2.tgz 0ms (cache hit)
1692 http cache uint8array-extras@https://registry.npmjs.org/uint8array-extras/-/uint8array-extras-1.5.0.tgz 0ms (cache hit)
1693 http cache strtok3@https://registry.npmjs.org/strtok3/-/strtok3-10.3.5.tgz 0ms (cache hit)
1694 http cache @tokenizer/inflate@https://registry.npmjs.org/@tokenizer/inflate/-/inflate-0.4.1.tgz 0ms (cache hit)
1695 http cache image-q@https://registry.npmjs.org/image-q/-/image-q-4.0.0.tgz 0ms (cache hit)
1696 http cache simple-xml-to-json@https://registry.npmjs.org/simple-xml-to-json/-/simple-xml-to-json-1.2.7.tgz 0ms (cache hit)
1697 http cache parse-bmfont-xml@https://registry.npmjs.org/parse-bmfont-xml/-/parse-bmfont-xml-1.1.6.tgz 0ms (cache hit)
1698 http cache parse-bmfont-binary@https://registry.npmjs.org/parse-bmfont-binary/-/parse-bmfont-binary-1.0.6.tgz 0ms (cache hit)
1699 http cache parse-bmfont-ascii@https://registry.npmjs.org/parse-bmfont-ascii/-/parse-bmfont-ascii-1.0.6.tgz 0ms (cache hit)
1700 http cache any-base@https://registry.npmjs.org/any-base/-/any-base-1.1.0.tgz 0ms (cache hit)
1701 http cache tinycolor2@https://registry.npmjs.org/tinycolor2/-/tinycolor2-1.6.0.tgz 0ms (cache hit)
1702 http cache zod@https://registry.npmjs.org/zod/-/zod-3.25.76.tgz 0ms (cache hit)
1703 http cache pngjs@https://registry.npmjs.org/pngjs/-/pngjs-7.0.0.tgz 0ms (cache hit)
1704 http cache utif2@https://registry.npmjs.org/utif2/-/utif2-4.1.0.tgz 0ms (cache hit)
1705 http cache jpeg-js@https://registry.npmjs.org/jpeg-js/-/jpeg-js-0.4.4.tgz 0ms (cache hit)
1706 http cache gifwrap@https://registry.npmjs.org/gifwrap/-/gifwrap-0.10.1.tgz 0ms (cache hit)
1707 http cache omggif@https://registry.npmjs.org/omggif/-/omggif-1.0.10.tgz 0ms (cache hit)
1708 http cache bmp-ts@https://registry.npmjs.org/bmp-ts/-/bmp-ts-1.0.9.tgz 0ms (cache hit)
1709 http cache pixelmatch@https://registry.npmjs.org/pixelmatch/-/pixelmatch-5.3.0.tgz 0ms (cache hit)
1710 http cache mime@https://registry.npmjs.org/mime/-/mime-3.0.0.tgz 0ms (cache hit)
1711 http cache file-type@https://registry.npmjs.org/file-type/-/file-type-21.3.4.tgz 0ms (cache hit)
1712 http cache exif-parser@https://registry.npmjs.org/exif-parser/-/exif-parser-0.1.12.tgz 0ms (cache hit)
1713 http cache await-to-js@https://registry.npmjs.org/await-to-js/-/await-to-js-3.0.0.tgz 0ms (cache hit)
1714 http cache @jimp/utils@https://registry.npmjs.org/@jimp/utils/-/utils-1.6.1.tgz 0ms (cache hit)
1715 http cache @jimp/file-ops@https://registry.npmjs.org/@jimp/file-ops/-/file-ops-1.6.1.tgz 0ms (cache hit)
1716 http cache @jimp/types@https://registry.npmjs.org/@jimp/types/-/types-1.6.1.tgz 0ms (cache hit)
1717 http cache @jimp/plugin-threshold@https://registry.npmjs.org/@jimp/plugin-threshold/-/plugin-threshold-1.6.1.tgz 0ms (cache hit)
1718 http cache @jimp/plugin-resize@https://registry.npmjs.org/@jimp/plugin-resize/-/plugin-resize-1.6.1.tgz 0ms (cache hit)
1719 http cache @jimp/plugin-rotate@https://registry.npmjs.org/@jimp/plugin-rotate/-/plugin-rotate-1.6.1.tgz 0ms (cache hit)
1720 http cache @jimp/plugin-quantize@https://registry.npmjs.org/@jimp/plugin-quantize/-/plugin-quantize-1.6.1.tgz 0ms (cache hit)
1721 http cache @jimp/plugin-print@https://registry.npmjs.org/@jimp/plugin-print/-/plugin-print-1.6.1.tgz 0ms (cache hit)
1722 http cache @jimp/plugin-mask@https://registry.npmjs.org/@jimp/plugin-mask/-/plugin-mask-1.6.1.tgz 0ms (cache hit)
1723 http cache @jimp/plugin-fisheye@https://registry.npmjs.org/@jimp/plugin-fisheye/-/plugin-fisheye-1.6.1.tgz 0ms (cache hit)
1724 http cache @jimp/plugin-flip@https://registry.npmjs.org/@jimp/plugin-flip/-/plugin-flip-1.6.1.tgz 0ms (cache hit)
1725 http cache @jimp/plugin-hash@https://registry.npmjs.org/@jimp/plugin-hash/-/plugin-hash-1.6.1.tgz 0ms (cache hit)
1726 http cache @jimp/plugin-dither@https://registry.npmjs.org/@jimp/plugin-dither/-/plugin-dither-1.6.1.tgz 0ms (cache hit)
1727 http cache @jimp/plugin-displace@https://registry.npmjs.org/@jimp/plugin-displace/-/plugin-displace-1.6.1.tgz 0ms (cache hit)
1728 http cache @jimp/plugin-crop@https://registry.npmjs.org/@jimp/plugin-crop/-/plugin-crop-1.6.1.tgz 0ms (cache hit)
1729 http cache @jimp/plugin-cover@https://registry.npmjs.org/@jimp/plugin-cover/-/plugin-cover-1.6.1.tgz 0ms (cache hit)
1730 http cache @jimp/plugin-contain@https://registry.npmjs.org/@jimp/plugin-contain/-/plugin-contain-1.6.1.tgz 0ms (cache hit)
1731 http cache @jimp/plugin-color@https://registry.npmjs.org/@jimp/plugin-color/-/plugin-color-1.6.1.tgz 0ms (cache hit)
1732 http cache @jimp/plugin-circle@https://registry.npmjs.org/@jimp/plugin-circle/-/plugin-circle-1.6.1.tgz 0ms (cache hit)
1733 http cache @jimp/js-tiff@https://registry.npmjs.org/@jimp/js-tiff/-/js-tiff-1.6.1.tgz 0ms (cache hit)
1734 http cache @jimp/plugin-blit@https://registry.npmjs.org/@jimp/plugin-blit/-/plugin-blit-1.6.1.tgz 0ms (cache hit)
1735 http cache @jimp/js-png@https://registry.npmjs.org/@jimp/js-png/-/js-png-1.6.1.tgz 0ms (cache hit)
1736 http cache @jimp/js-jpeg@https://registry.npmjs.org/@jimp/js-jpeg/-/js-jpeg-1.6.1.tgz 0ms (cache hit)
1737 http cache @jimp/js-gif@https://registry.npmjs.org/@jimp/js-gif/-/js-gif-1.6.1.tgz 0ms (cache hit)
1738 http cache @jimp/js-bmp@https://registry.npmjs.org/@jimp/js-bmp/-/js-bmp-1.6.1.tgz 0ms (cache hit)
1739 http cache @jimp/plugin-blur@https://registry.npmjs.org/@jimp/plugin-blur/-/plugin-blur-1.6.1.tgz 0ms (cache hit)
1740 http cache @jimp/diff@https://registry.npmjs.org/@jimp/diff/-/diff-1.6.1.tgz 0ms (cache hit)
1741 http cache @jimp/core@https://registry.npmjs.org/@jimp/core/-/core-1.6.1.tgz 0ms (cache hit)
1742 http cache ms@https://registry.npmjs.org/ms/-/ms-2.1.3.tgz 0ms (cache hit)
1743 http cache debug@https://registry.npmjs.org/debug/-/debug-4.4.3.tgz 0ms (cache hit)
1744 http cache agent-base@https://registry.npmjs.org/agent-base/-/agent-base-6.0.2.tgz 0ms (cache hit)
1745 http cache tinygradient@https://registry.npmjs.org/tinygradient/-/tinygradient-1.1.5.tgz 0ms (cache hit)
1746 http cache dunder-proto@https://registry.npmjs.org/dunder-proto/-/dunder-proto-1.0.1.tgz 0ms (cache hit)
1747 http cache math-intrinsics@https://registry.npmjs.org/math-intrinsics/-/math-intrinsics-1.1.0.tgz 0ms (cache hit)
1748 http cache has-symbols@https://registry.npmjs.org/has-symbols/-/has-symbols-1.1.0.tgz 0ms (cache hit)
1749 http cache get-proto@https://registry.npmjs.org/get-proto/-/get-proto-1.0.1.tgz 0ms (cache hit)
1750 http cache gopd@https://registry.npmjs.org/gopd/-/gopd-1.2.0.tgz 0ms (cache hit)
1751 http cache function-bind@https://registry.npmjs.org/function-bind/-/function-bind-1.1.2.tgz 0ms (cache hit)
1752 http cache es-object-atoms@https://registry.npmjs.org/es-object-atoms/-/es-object-atoms-1.1.2.tgz 0ms (cache hit)
1753 http cache es-define-property@https://registry.npmjs.org/es-define-property/-/es-define-property-1.0.1.tgz 0ms (cache hit)
1754 http cache call-bind-apply-helpers@https://registry.npmjs.org/call-bind-apply-helpers/-/call-bind-apply-helpers-1.0.2.tgz 1ms (cache hit)
1755 http cache get-intrinsic@https://registry.npmjs.org/get-intrinsic/-/get-intrinsic-1.3.0.tgz 0ms (cache hit)
1756 http cache has-tostringtag@https://registry.npmjs.org/has-tostringtag/-/has-tostringtag-1.0.2.tgz 0ms (cache hit)
1757 http cache es-errors@https://registry.npmjs.org/es-errors/-/es-errors-1.3.0.tgz 0ms (cache hit)
1758 http cache delayed-stream@https://registry.npmjs.org/delayed-stream/-/delayed-stream-1.0.0.tgz 0ms (cache hit)
1759 http cache hasown@https://registry.npmjs.org/hasown/-/hasown-2.0.4.tgz 0ms (cache hit)
1760 http cache es-set-tostringtag@https://registry.npmjs.org/es-set-tostringtag/-/es-set-tostringtag-2.1.0.tgz 0ms (cache hit)
1761 http cache combined-stream@https://registry.npmjs.org/combined-stream/-/combined-stream-1.0.8.tgz 0ms (cache hit)
1762 http cache asynckit@https://registry.npmjs.org/asynckit/-/asynckit-0.4.0.tgz 0ms (cache hit)
1763 http cache which@https://registry.npmjs.org/which/-/which-1.3.1.tgz 0ms (cache hit)
1764 http cache async@https://registry.npmjs.org/async/-/async-0.2.10.tgz 0ms (cache hit)
1765 http cache hashery@https://registry.npmjs.org/hashery/-/hashery-1.5.1.tgz 0ms (cache hit)
1766 http cache qified@https://registry.npmjs.org/qified/-/qified-0.10.1.tgz 0ms (cache hit)
1767 http cache @keyv/bigmap@https://registry.npmjs.org/@keyv/bigmap/-/bigmap-1.3.1.tgz 0ms (cache hit)
1768 http cache @cacheable/utils@https://registry.npmjs.org/@cacheable/utils/-/utils-2.5.0.tgz 0ms (cache hit)
1769 http cache @cacheable/memory@https://registry.npmjs.org/@cacheable/memory/-/memory-2.2.0.tgz 0ms (cache hit)
1770 http cache proxy-from-env@https://registry.npmjs.org/proxy-from-env/-/proxy-from-env-2.1.0.tgz 0ms (cache hit)
1771 http cache keyv@https://registry.npmjs.org/keyv/-/keyv-5.6.0.tgz 0ms (cache hit)
1772 http cache hookified@https://registry.npmjs.org/hookified/-/hookified-1.15.1.tgz 0ms (cache hit)
1773 http cache https-proxy-agent@https://registry.npmjs.org/https-proxy-agent/-/https-proxy-agent-5.0.1.tgz 0ms (cache hit)
1774 http cache cacheable@https://registry.npmjs.org/cacheable/-/cacheable-2.5.0.tgz 0ms (cache hit)
1775 http cache ws@https://registry.npmjs.org/ws/-/ws-8.21.3.tgz 0ms (cache hit)
1776 http cache whatsapp-rust-bridge@https://registry.npmjs.org/whatsapp-rust-bridge/-/whatsapp-rust-bridge-0.5.2.tgz 0ms (cache hit)
1777 http cache protobufjs@https://registry.npmjs.org/protobufjs/-/protobufjs-7.6.6.tgz 0ms (cache hit)
1778 http cache p-queue@https://registry.npmjs.org/p-queue/-/p-queue-9.3.3.tgz 0ms (cache hit)
1779 http cache follow-redirects@https://registry.npmjs.org/follow-redirects/-/follow-redirects-1.16.0.tgz 0ms (cache hit)
1780 http cache music-metadata@https://registry.npmjs.org/music-metadata/-/music-metadata-11.15.0.tgz 0ms (cache hit)
1781 http cache lru-cache@https://registry.npmjs.org/lru-cache/-/lru-cache-11.5.2.tgz 0ms (cache hit)
1782 http cache async-mutex@https://registry.npmjs.org/async-mutex/-/async-mutex-0.5.0.tgz 0ms (cache hit)
1783 http cache tslib@https://registry.npmjs.org/tslib/-/tslib-2.8.1.tgz 0ms (cache hit)
1784 http cache fflate@https://registry.npmjs.org/fflate/-/fflate-0.8.3.tgz 0ms (cache hit)
1785 http cache @cacheable/node-cache@https://registry.npmjs.org/@cacheable/node-cache/-/node-cache-1.7.6.tgz 0ms (cache hit)
1786 http cache @hapi/hoek@https://registry.npmjs.org/@hapi/hoek/-/hoek-11.0.7.tgz 0ms (cache hit)
1787 http cache uuid@https://registry.npmjs.org/uuid/-/uuid-14.0.2.tgz 0ms (cache hit)
1788 http cache syntax-error@https://registry.npmjs.org/syntax-error/-/syntax-error-1.4.0.tgz 0ms (cache hit)
1789 http cache yt-search@https://registry.npmjs.org/yt-search/-/yt-search-2.13.1.tgz 0ms (cache hit)
1790 http cache readline-sync@https://registry.npmjs.org/readline-sync/-/readline-sync-1.4.10.tgz 0ms (cache hit)
1791 http cache qrcode-terminal@https://registry.npmjs.org/qrcode-terminal/-/qrcode-terminal-0.12.0.tgz 0ms (cache hit)
1792 http cache qrcode@https://registry.npmjs.org/qrcode/-/qrcode-1.5.4.tgz 0ms (cache hit)
1793 http cache pino@https://registry.npmjs.org/pino/-/pino-10.3.1.tgz 0ms (cache hit)
1794 http cache node-webpmux@https://registry.npmjs.org/node-webpmux/-/node-webpmux-3.2.1.tgz 0ms (cache hit)
1795 http cache node-fetch@https://registry.npmjs.org/node-fetch/-/node-fetch-3.3.2.tgz 0ms (cache hit)
1796 http cache node-cache@https://registry.npmjs.org/node-cache/-/node-cache-5.1.2.tgz 0ms (cache hit)
1797 http cache moment-timezone@https://registry.npmjs.org/moment-timezone/-/moment-timezone-0.5.48.tgz 0ms (cache hit)
1798 http cache moment@https://registry.npmjs.org/moment/-/moment-2.30.1.tgz 0ms (cache hit)
1799 http cache mime-types@https://registry.npmjs.org/mime-types/-/mime-types-3.0.2.tgz 0ms (cache hit)
1800 http cache human-readable@https://registry.npmjs.org/human-readable/-/human-readable-0.2.1.tgz 0ms (cache hit)
1801 http cache jimp@https://registry.npmjs.org/jimp/-/jimp-1.6.1.tgz 0ms (cache hit)
1802 http cache gradient-string@https://registry.npmjs.org/gradient-string/-/gradient-string-2.0.2.tgz 0ms (cache hit)
1803 http cache grapheme-splitter@https://registry.npmjs.org/grapheme-splitter/-/grapheme-splitter-1.0.4.tgz 0ms (cache hit)
1804 http cache form-data@https://registry.npmjs.org/form-data/-/form-data-4.0.6.tgz 0ms (cache hit)
1805 http cache fluent-ffmpeg@https://registry.npmjs.org/fluent-ffmpeg/-/fluent-ffmpeg-2.1.3.tgz 0ms (cache hit)
1806 http cache axios@https://registry.npmjs.org/axios/-/axios-1.20.0.tgz 0ms (cache hit)
1807 http cache sharp@https://registry.npmjs.org/sharp/-/sharp-0.35.4.tgz 0ms (cache hit)
1808 http cache chalk@https://registry.npmjs.org/chalk/-/chalk-5.6.2.tgz 0ms (cache hit)
1809 http cache @hapi/boom@https://registry.npmjs.org/@hapi/boom/-/boom-10.0.1.tgz 0ms (cache hit)
1810 http cache entities@https://registry.npmjs.org/entities/-/entities-6.0.1.tgz 0ms (cache hit)
1811 http cache entities@https://registry.npmjs.org/entities/-/entities-7.0.1.tgz 0ms (cache hit)
1812 http cache strip-ansi@https://registry.npmjs.org/strip-ansi/-/strip-ansi-4.0.0.tgz 0ms (cache hit)
1813 http cache ansi-regex@https://registry.npmjs.org/ansi-regex/-/ansi-regex-3.0.1.tgz 0ms (cache hit)
1814 http cache string-width@https://registry.npmjs.org/string-width/-/string-width-2.1.1.tgz 0ms (cache hit)
1815 http cache is-fullwidth-code-point@https://registry.npmjs.org/is-fullwidth-code-point/-/is-fullwidth-code-point-2.0.0.tgz 0ms (cache hit)
1816 http cache real-require@https://registry.npmjs.org/real-require/-/real-require-1.0.0.tgz 0ms (cache hit)
1817 http cache pngjs@https://registry.npmjs.org/pngjs/-/pngjs-6.0.0.tgz 0ms (cache hit)
1818 http cache hookified@https://registry.npmjs.org/hookified/-/hookified-2.2.0.tgz 0ms (cache hit)
1819 http cache pngjs@https://registry.npmjs.org/pngjs/-/pngjs-5.0.0.tgz 0ms (cache hit)
1820 http cache mime-db@https://registry.npmjs.org/mime-db/-/mime-db-1.52.0.tgz 0ms (cache hit)
1821 http cache mime-types@https://registry.npmjs.org/mime-types/-/mime-types-2.1.35.tgz 0ms (cache hit)
1822 http cache chalk@https://registry.npmjs.org/chalk/-/chalk-4.1.2.tgz 0ms (cache hit)
1823 http cache thread-stream@https://registry.npmjs.org/thread-stream/-/thread-stream-3.2.0.tgz 0ms (cache hit)
1824 http cache pino-abstract-transport@https://registry.npmjs.org/pino-abstract-transport/-/pino-abstract-transport-2.0.0.tgz 0ms (cache hit)
1825 http cache @hapi/hoek@https://registry.npmjs.org/@hapi/hoek/-/hoek-9.3.0.tgz 0ms (cache hit)
1826 http cache @hapi/boom@https://registry.npmjs.org/@hapi/boom/-/boom-9.1.4.tgz 0ms (cache hit)
1827 http cache pino@https://registry.npmjs.org/pino/-/pino-9.14.0.tgz 0ms (cache hit)
1828 silly tarball no local data for supports-color@https://registry.npmjs.org/supports-color/-/supports-color-7.2.0.tgz. Extracting by manifest.
1829 silly tarball no local data for has-flag@https://registry.npmjs.org/has-flag/-/has-flag-4.0.0.tgz. Extracting by manifest.
1830 silly tarball no local data for concat-map@https://registry.npmjs.org/concat-map/-/concat-map-0.0.1.tgz. Extracting by manifest.
1831 silly tarball no local data for onetime@https://registry.npmjs.org/onetime/-/onetime-5.1.2.tgz. Extracting by manifest.
1832 silly tarball no local data for signal-exit@https://registry.npmjs.org/signal-exit/-/signal-exit-3.0.7.tgz. Extracting by manifest.
1833 silly tarball no local data for balanced-match@https://registry.npmjs.org/balanced-match/-/balanced-match-1.0.2.tgz. Extracting by manifest.
1834 silly tarball no local data for ttys@https://registry.npmjs.org/ttys/-/ttys-0.0.3.tgz. Extracting by manifest.
1835 silly tarball no local data for minimatch@https://registry.npmjs.org/minimatch/-/minimatch-3.0.8.tgz. Extracting by manifest.
1836 silly tarball no local data for brace-expansion@https://registry.npmjs.org/brace-expansion/-/brace-expansion-1.1.18.tgz. Extracting by manifest.
1837 silly tarball no local data for restore-cursor@https://registry.npmjs.org/restore-cursor/-/restore-cursor-3.1.0.tgz. Extracting by manifest.
1838 silly tarball no local data for redstar@https://registry.npmjs.org/redstar/-/redstar-0.0.2.tgz. Extracting by manifest.
1839 silly tarball no local data for picocolors@https://registry.npmjs.org/picocolors/-/picocolors-1.1.1.tgz. Extracting by manifest.
1840 silly tarball no local data for keypress@https://registry.npmjs.org/keypress/-/keypress-0.2.1.tgz. Extracting by manifest.
1841 silly tarball no local data for @jsep-plugin/regex@https://registry.npmjs.org/@jsep-plugin/regex/-/regex-1.0.4.tgz. Extracting by manifest.
1842 silly tarball no local data for jsep@https://registry.npmjs.org/jsep/-/jsep-1.4.0.tgz. Extracting by manifest.
1843 silly tarball no local data for @jsep-plugin/assignment@https://registry.npmjs.org/@jsep-plugin/assignment/-/assignment-1.3.0.tgz. Extracting by manifest.
1844 silly tarball no local data for safer-buffer@https://registry.npmjs.org/safer-buffer/-/safer-buffer-2.1.2.tgz. Extracting by manifest.
1845 silly tarball no local data for whatwg-encoding@https://registry.npmjs.org/whatwg-encoding/-/whatwg-encoding-3.1.1.tgz. Extracting by manifest.
1846 silly tarball no local data for entities@https://registry.npmjs.org/entities/-/entities-4.5.0.tgz. Extracting by manifest.
1847 silly tarball no local data for iconv-lite@https://registry.npmjs.org/iconv-lite/-/iconv-lite-0.6.3.tgz. Extracting by manifest.
1848 silly tarball no local data for domelementtype@https://registry.npmjs.org/domelementtype/-/domelementtype-2.3.0.tgz. Extracting by manifest.
1849 silly tarball no local data for nth-check@https://registry.npmjs.org/nth-check/-/nth-check-2.1.1.tgz. Extracting by manifest.
1850 silly tarball no local data for css-what@https://registry.npmjs.org/css-what/-/css-what-6.2.2.tgz. Extracting by manifest.
1851 silly tarball no local data for whatwg-mimetype@https://registry.npmjs.org/whatwg-mimetype/-/whatwg-mimetype-4.0.0.tgz. Extracting by manifest.
1852 silly tarball no local data for css-select@https://registry.npmjs.org/css-select/-/css-select-5.2.2.tgz. Extracting by manifest.
1853 silly tarball no local data for undici@https://registry.npmjs.org/undici/-/undici-7.29.1.tgz. Extracting by manifest.
1854 silly tarball no local data for parse5-parser-stream@https://registry.npmjs.org/parse5-parser-stream/-/parse5-parser-stream-7.1.2.tgz. Extracting by manifest.
1855 silly tarball no local data for boolbase@https://registry.npmjs.org/boolbase/-/boolbase-1.0.0.tgz. Extracting by manifest.
1856 silly tarball no local data for parse5@https://registry.npmjs.org/parse5/-/parse5-7.3.0.tgz. Extracting by manifest.
1857 silly tarball no local data for parse5-htmlparser2-tree-adapter@https://registry.npmjs.org/parse5-htmlparser2-tree-adapter/-/parse5-htmlparser2-tree-adapter-7.1.0.tgz. Extracting by manifest.
1858 silly tarball no local data for htmlparser2@https://registry.npmjs.org/htmlparser2/-/htmlparser2-10.1.0.tgz. Extracting by manifest.
1859 silly tarball no local data for encoding-sniffer@https://registry.npmjs.org/encoding-sniffer/-/encoding-sniffer-0.2.1.tgz. Extracting by manifest.
1860 silly tarball no local data for domutils@https://registry.npmjs.org/domutils/-/domutils-3.2.2.tgz. Extracting by manifest.
1861 silly tarball no local data for domhandler@https://registry.npmjs.org/domhandler/-/domhandler-5.0.3.tgz. Extracting by manifest.
1862 silly tarball no local data for dom-serializer@https://registry.npmjs.org/dom-serializer/-/dom-serializer-2.0.0.tgz. Extracting by manifest.
1863 silly tarball no local data for async.util.restparam@https://registry.npmjs.org/async.util.restparam/-/async.util.restparam-0.5.2.tgz. Extracting by manifest.
1864 silly tarball no local data for cheerio-select@https://registry.npmjs.org/cheerio-select/-/cheerio-select-2.1.0.tgz. Extracting by manifest.
1865 silly tarball no local data for async.util.isarray@https://registry.npmjs.org/async.util.isarray/-/async.util.isarray-0.5.2.tgz. Extracting by manifest.
1866 silly tarball no local data for async.util.keys@https://registry.npmjs.org/async.util.keys/-/async.util.keys-0.5.2.tgz. Extracting by manifest.
1867 silly tarball no local data for async.util.isarraylike@https://registry.npmjs.org/async.util.isarraylike/-/async.util.isarraylike-0.5.2.tgz. Extracting by manifest.
1868 silly tarball no local data for async.util.onlyonce@https://registry.npmjs.org/async.util.onlyonce/-/async.util.onlyonce-0.5.2.tgz. Extracting by manifest.
1869 silly tarball no local data for async.util.once@https://registry.npmjs.org/async.util.once/-/async.util.once-0.5.2.tgz. Extracting by manifest.
1870 silly tarball no local data for async.util.keyiterator@https://registry.npmjs.org/async.util.keyiterator/-/async.util.keyiterator-0.5.2.tgz. Extracting by manifest.
1871 silly tarball no local data for async.util.noop@https://registry.npmjs.org/async.util.noop/-/async.util.noop-0.5.2.tgz. Extracting by manifest.
1872 silly tarball no local data for async.util.parallel@https://registry.npmjs.org/async.util.parallel/-/async.util.parallel-0.5.2.tgz. Extracting by manifest.
1873 silly tarball no local data for node-fzf@https://registry.npmjs.org/node-fzf/-/node-fzf-0.14.0.tgz. Extracting by manifest.
1874 silly tarball no local data for minimist@https://registry.npmjs.org/minimist/-/minimist-1.2.8.tgz. Extracting by manifest.
1875 silly tarball no local data for async.util.eachoflimit@https://registry.npmjs.org/async.util.eachoflimit/-/async.util.eachoflimit-0.5.2.tgz. Extracting by manifest.
1876 silly tarball no local data for jsonpath-plus@https://registry.npmjs.org/jsonpath-plus/-/jsonpath-plus-10.3.0.tgz. Extracting by manifest.
1877 silly tarball no local data for dasu@https://registry.npmjs.org/dasu/-/dasu-0.4.3.tgz. Extracting by manifest.
1878 silly tarball no local data for human-time@https://registry.npmjs.org/human-time/-/human-time-0.0.2.tgz. Extracting by manifest.
1879 silly tarball no local data for cheerio@https://registry.npmjs.org/cheerio/-/cheerio-1.2.0.tgz. Extracting by manifest.
1880 silly tarball no local data for boolstring@https://registry.npmjs.org/boolstring/-/boolstring-2.0.1.tgz. Extracting by manifest.
1881 silly tarball no local data for async.parallellimit@https://registry.npmjs.org/async.parallellimit/-/async.parallellimit-0.5.2.tgz. Extracting by manifest.
1882 silly tarball no local data for camelcase@https://registry.npmjs.org/camelcase/-/camelcase-5.3.1.tgz. Extracting by manifest.
1883 silly tarball no local data for color-name@https://registry.npmjs.org/color-name/-/color-name-1.1.4.tgz. Extracting by manifest.
1884 silly tarball no local data for color-convert@https://registry.npmjs.org/color-convert/-/color-convert-2.0.1.tgz. Extracting by manifest.
1885 silly tarball no local data for ansi-regex@https://registry.npmjs.org/ansi-regex/-/ansi-regex-5.0.1.tgz. Extracting by manifest.
1886 silly tarball no local data for ansi-styles@https://registry.npmjs.org/ansi-styles/-/ansi-styles-4.3.0.tgz. Extracting by manifest.
1887 silly tarball no local data for is-fullwidth-code-point@https://registry.npmjs.org/is-fullwidth-code-point/-/is-fullwidth-code-point-3.0.0.tgz. Extracting by manifest.
1888 silly tarball no local data for p-try@https://registry.npmjs.org/p-try/-/p-try-2.2.0.tgz. Extracting by manifest.
1889 silly tarball no local data for emoji-regex@https://registry.npmjs.org/emoji-regex/-/emoji-regex-8.0.0.tgz. Extracting by manifest.
1890 silly tarball no local data for p-limit@https://registry.npmjs.org/p-limit/-/p-limit-2.3.0.tgz. Extracting by manifest.
1891 silly tarball no local data for p-locate@https://registry.npmjs.org/p-locate/-/p-locate-4.1.0.tgz. Extracting by manifest.
1892 silly tarball no local data for path-exists@https://registry.npmjs.org/path-exists/-/path-exists-4.0.0.tgz. Extracting by manifest.
1893 silly tarball no local data for locate-path@https://registry.npmjs.org/locate-path/-/locate-path-5.0.0.tgz. Extracting by manifest.
1894 silly tarball no local data for wrap-ansi@https://registry.npmjs.org/wrap-ansi/-/wrap-ansi-6.2.0.tgz. Extracting by manifest.
1895 silly tarball no local data for strip-ansi@https://registry.npmjs.org/strip-ansi/-/strip-ansi-6.0.1.tgz. Extracting by manifest.
1896 silly tarball no local data for yargs-parser@https://registry.npmjs.org/yargs-parser/-/yargs-parser-18.1.3.tgz. Extracting by manifest.
1897 silly tarball no local data for y18n@https://registry.npmjs.org/y18n/-/y18n-4.0.3.tgz. Extracting by manifest.
1898 silly tarball no local data for which-module@https://registry.npmjs.org/which-module/-/which-module-2.0.1.tgz. Extracting by manifest.
1899 silly tarball no local data for string-width@https://registry.npmjs.org/string-width/-/string-width-4.2.3.tgz. Extracting by manifest.
1900 silly tarball no local data for set-blocking@https://registry.npmjs.org/set-blocking/-/set-blocking-2.0.0.tgz. Extracting by manifest.
1901 silly tarball no local data for require-main-filename@https://registry.npmjs.org/require-main-filename/-/require-main-filename-2.0.0.tgz. Extracting by manifest.
1902 silly tarball no local data for require-directory@https://registry.npmjs.org/require-directory/-/require-directory-2.1.1.tgz. Extracting by manifest.
1903 silly tarball no local data for get-caller-file@https://registry.npmjs.org/get-caller-file/-/get-caller-file-2.0.5.tgz. Extracting by manifest.
1904 silly tarball no local data for find-up@https://registry.npmjs.org/find-up/-/find-up-4.1.0.tgz. Extracting by manifest.
1905 silly tarball no local data for decamelize@https://registry.npmjs.org/decamelize/-/decamelize-1.2.0.tgz. Extracting by manifest.
1906 silly tarball no local data for cliui@https://registry.npmjs.org/cliui/-/cliui-6.0.0.tgz. Extracting by manifest.
1907 silly tarball no local data for xmlbuilder@https://registry.npmjs.org/xmlbuilder/-/xmlbuilder-11.0.1.tgz. Extracting by manifest.
1908 silly tarball no local data for sax@https://registry.npmjs.org/sax/-/sax-1.6.1.tgz. Extracting by manifest.
1909 silly tarball no local data for isexe@https://registry.npmjs.org/isexe/-/isexe-2.0.0.tgz. Extracting by manifest.
1910 silly tarball no local data for pako@https://registry.npmjs.org/pako/-/pako-1.0.11.tgz. Extracting by manifest.
1911 silly tarball no local data for ieee754@https://registry.npmjs.org/ieee754/-/ieee754-1.2.1.tgz. Extracting by manifest.
1912 silly tarball no local data for xtend@https://registry.npmjs.org/xtend/-/xtend-4.0.2.tgz. Extracting by manifest.
1913 silly tarball no local data for acorn@https://registry.npmjs.org/acorn/-/acorn-7.4.1.tgz. Extracting by manifest.
1914 silly tarball no local data for @types/tinycolor2@https://registry.npmjs.org/@types/tinycolor2/-/tinycolor2-1.4.6.tgz. Extracting by manifest.
1915 silly tarball no local data for acorn-node@https://registry.npmjs.org/acorn-node/-/acorn-node-1.8.2.tgz. Extracting by manifest.
1916 silly tarball no local data for semver@https://registry.npmjs.org/semver/-/semver-7.8.5.tgz. Extracting by manifest.
1917 silly tarball no local data for acorn-walk@https://registry.npmjs.org/acorn-walk/-/acorn-walk-7.2.0.tgz. Extracting by manifest.
1918 silly tarball no local data for detect-libc@https://registry.npmjs.org/detect-libc/-/detect-libc-2.1.2.tgz. Extracting by manifest.
1919 silly tarball no local data for @img/sharp-linux-arm64@https://registry.npmjs.org/@img/sharp-linux-arm64/-/sharp-linux-arm64-0.35.4.tgz. Extracting by manifest.
1920 silly tarball no local data for @img/sharp-libvips-linux-arm64@https://registry.npmjs.org/@img/sharp-libvips-linux-arm64/-/sharp-libvips-linux-arm64-1.3.3.tgz. Extracting by manifest.
1921 silly tarball no local data for @img/colour@https://registry.npmjs.org/@img/colour/-/colour-1.1.0.tgz. Extracting by manifest.
1922 silly tarball no local data for yargs@https://registry.npmjs.org/yargs/-/yargs-15.4.1.tgz. Extracting by manifest.
1923 silly tarball no local data for dijkstrajs@https://registry.npmjs.org/dijkstrajs/-/dijkstrajs-1.0.3.tgz. Extracting by manifest.
1924 silly tarball no local data for long@https://registry.npmjs.org/long/-/long-5.3.2.tgz. Extracting by manifest.
1925 silly tarball no local data for @protobufjs/utf8@https://registry.npmjs.org/@protobufjs/utf8/-/utf8-1.1.2.tgz. Extracting by manifest.
1926 silly tarball no local data for @protobufjs/pool@https://registry.npmjs.org/@protobufjs/pool/-/pool-1.1.0.tgz. Extracting by manifest.
1927 silly tarball no local data for @protobufjs/path@https://registry.npmjs.org/@protobufjs/path/-/path-1.1.2.tgz. Extracting by manifest.
1928 silly tarball no local data for @protobufjs/float@https://registry.npmjs.org/@protobufjs/float/-/float-1.0.2.tgz. Extracting by manifest.
1929 silly tarball no local data for @protobufjs/fetch@https://registry.npmjs.org/@protobufjs/fetch/-/fetch-1.1.1.tgz. Extracting by manifest.
1930 silly tarball no local data for @protobufjs/eventemitter@https://registry.npmjs.org/@protobufjs/eventemitter/-/eventemitter-1.1.1.tgz. Extracting by manifest.
1931 silly tarball no local data for @protobufjs/codegen@https://registry.npmjs.org/@protobufjs/codegen/-/codegen-2.0.5.tgz. Extracting by manifest.
1932 silly tarball no local data for @protobufjs/base64@https://registry.npmjs.org/@protobufjs/base64/-/base64-1.1.2.tgz. Extracting by manifest.
1933 silly tarball no local data for @protobufjs/aspromise@https://registry.npmjs.org/@protobufjs/aspromise/-/aspromise-1.1.2.tgz. Extracting by manifest.
1934 silly tarball no local data for thread-stream@https://registry.npmjs.org/thread-stream/-/thread-stream-4.2.0.tgz. Extracting by manifest.
1935 silly tarball no local data for split2@https://registry.npmjs.org/split2/-/split2-4.2.0.tgz. Extracting by manifest.
1936 silly tarball no local data for sonic-boom@https://registry.npmjs.org/sonic-boom/-/sonic-boom-4.2.1.tgz. Extracting by manifest.
1937 silly tarball no local data for safe-stable-stringify@https://registry.npmjs.org/safe-stable-stringify/-/safe-stable-stringify-2.5.0.tgz. Extracting by manifest.
1938 silly tarball no local data for real-require@https://registry.npmjs.org/real-require/-/real-require-0.2.0.tgz. Extracting by manifest.
1939 silly tarball no local data for quick-format-unescaped@https://registry.npmjs.org/quick-format-unescaped/-/quick-format-unescaped-4.0.4.tgz. Extracting by manifest.
1940 silly tarball no local data for process-warning@https://registry.npmjs.org/process-warning/-/process-warning-5.1.0.tgz. Extracting by manifest.
1941 silly tarball no local data for pino-abstract-transport@https://registry.npmjs.org/pino-abstract-transport/-/pino-abstract-transport-3.0.0.tgz. Extracting by manifest.
1942 silly tarball no local data for pino-std-serializers@https://registry.npmjs.org/pino-std-serializers/-/pino-std-serializers-7.1.0.tgz. Extracting by manifest.
1943 silly tarball no local data for on-exit-leak-free@https://registry.npmjs.org/on-exit-leak-free/-/on-exit-leak-free-2.1.2.tgz. Extracting by manifest.
1944 silly tarball no local data for atomic-sleep@https://registry.npmjs.org/atomic-sleep/-/atomic-sleep-1.0.0.tgz. Extracting by manifest.
1945 silly tarball no local data for mimic-fn@https://registry.npmjs.org/mimic-fn/-/mimic-fn-2.1.0.tgz. Extracting by manifest.
1946 silly tarball no local data for @pinojs/redact@https://registry.npmjs.org/@pinojs/redact/-/redact-0.4.0.tgz. Extracting by manifest.
1947 silly tarball no local data for xml2js@https://registry.npmjs.org/xml2js/-/xml2js-0.5.0.tgz. Extracting by manifest.
1948 silly tarball no local data for xml-parse-from-string@https://registry.npmjs.org/xml-parse-from-string/-/xml-parse-from-string-1.0.1.tgz. Extracting by manifest.
1949 silly tarball no local data for p-timeout@https://registry.npmjs.org/p-timeout/-/p-timeout-7.0.1.tgz. Extracting by manifest.
1950 silly tarball no local data for web-streams-polyfill@https://registry.npmjs.org/web-streams-polyfill/-/web-streams-polyfill-3.3.3.tgz. Extracting by manifest.
1951 silly tarball no local data for node-domexception@https://registry.npmjs.org/node-domexception/-/node-domexception-1.0.0.tgz. Extracting by manifest.
1952 silly tarball no local data for fetch-blob@https://registry.npmjs.org/fetch-blob/-/fetch-blob-3.2.0.tgz. Extracting by manifest.
1953 silly tarball no local data for formdata-polyfill@https://registry.npmjs.org/formdata-polyfill/-/formdata-polyfill-4.0.10.tgz. Extracting by manifest.
1954 silly tarball no local data for data-uri-to-buffer@https://registry.npmjs.org/data-uri-to-buffer/-/data-uri-to-buffer-4.0.1.tgz. Extracting by manifest.
1955 silly tarball no local data for win-guid@https://registry.npmjs.org/win-guid/-/win-guid-0.2.1.tgz. Extracting by manifest.
1956 silly tarball no local data for media-typer@https://registry.npmjs.org/media-typer/-/media-typer-2.0.0.tgz. Extracting by manifest.
1957 silly tarball no local data for clone@https://registry.npmjs.org/clone/-/clone-2.1.2.tgz. Extracting by manifest.
1958 silly tarball no local data for eventemitter3@https://registry.npmjs.org/eventemitter3/-/eventemitter3-5.0.4.tgz. Extracting by manifest.
1959 silly tarball no local data for content-type@https://registry.npmjs.org/content-type/-/content-type-2.1.0.tgz. Extracting by manifest.
1960 silly tarball no local data for @tokenizer/token@https://registry.npmjs.org/@tokenizer/token/-/token-0.3.0.tgz. Extracting by manifest.
1961 silly tarball no local data for @borewit/text-codec@https://registry.npmjs.org/@borewit/text-codec/-/text-codec-0.2.2.tgz. Extracting by manifest.
1962 silly tarball no local data for mime-db@https://registry.npmjs.org/mime-db/-/mime-db-1.54.0.tgz. Extracting by manifest.
1963 silly tarball no local data for curve25519-js@https://registry.npmjs.org/curve25519-js/-/curve25519-js-0.0.4.tgz. Extracting by manifest.
1964 silly tarball no local data for @keyv/serialize@https://registry.npmjs.org/@keyv/serialize/-/serialize-1.1.1.tgz. Extracting by manifest.
1965 silly tarball no local data for @types/node@https://registry.npmjs.org/@types/node/-/node-16.9.1.tgz. Extracting by manifest.
1966 silly tarball no local data for token-types@https://registry.npmjs.org/token-types/-/token-types-6.1.2.tgz. Extracting by manifest.
1967 silly tarball no local data for uint8array-extras@https://registry.npmjs.org/uint8array-extras/-/uint8array-extras-1.5.0.tgz. Extracting by manifest.
1968 silly tarball no local data for strtok3@https://registry.npmjs.org/strtok3/-/strtok3-10.3.5.tgz. Extracting by manifest.
1969 silly tarball no local data for @tokenizer/inflate@https://registry.npmjs.org/@tokenizer/inflate/-/inflate-0.4.1.tgz. Extracting by manifest.
1970 silly tarball no local data for image-q@https://registry.npmjs.org/image-q/-/image-q-4.0.0.tgz. Extracting by manifest.
1971 silly tarball no local data for simple-xml-to-json@https://registry.npmjs.org/simple-xml-to-json/-/simple-xml-to-json-1.2.7.tgz. Extracting by manifest.
1972 silly tarball no local data for parse-bmfont-xml@https://registry.npmjs.org/parse-bmfont-xml/-/parse-bmfont-xml-1.1.6.tgz. Extracting by manifest.
1973 silly tarball no local data for parse-bmfont-binary@https://registry.npmjs.org/parse-bmfont-binary/-/parse-bmfont-binary-1.0.6.tgz. Extracting by manifest.
1974 silly tarball no local data for parse-bmfont-ascii@https://registry.npmjs.org/parse-bmfont-ascii/-/parse-bmfont-ascii-1.0.6.tgz. Extracting by manifest.
1975 silly tarball no local data for any-base@https://registry.npmjs.org/any-base/-/any-base-1.1.0.tgz. Extracting by manifest.
1976 silly tarball no local data for tinycolor2@https://registry.npmjs.org/tinycolor2/-/tinycolor2-1.6.0.tgz. Extracting by manifest.
1977 silly tarball no local data for zod@https://registry.npmjs.org/zod/-/zod-3.25.76.tgz. Extracting by manifest.
1978 silly tarball no local data for pngjs@https://registry.npmjs.org/pngjs/-/pngjs-7.0.0.tgz. Extracting by manifest.
1979 silly tarball no local data for utif2@https://registry.npmjs.org/utif2/-/utif2-4.1.0.tgz. Extracting by manifest.
1980 silly tarball no local data for jpeg-js@https://registry.npmjs.org/jpeg-js/-/jpeg-js-0.4.4.tgz. Extracting by manifest.
1981 silly tarball no local data for gifwrap@https://registry.npmjs.org/gifwrap/-/gifwrap-0.10.1.tgz. Extracting by manifest.
1982 silly tarball no local data for omggif@https://registry.npmjs.org/omggif/-/omggif-1.0.10.tgz. Extracting by manifest.
1983 silly tarball no local data for bmp-ts@https://registry.npmjs.org/bmp-ts/-/bmp-ts-1.0.9.tgz. Extracting by manifest.
1984 silly tarball no local data for pixelmatch@https://registry.npmjs.org/pixelmatch/-/pixelmatch-5.3.0.tgz. Extracting by manifest.
1985 silly tarball no local data for mime@https://registry.npmjs.org/mime/-/mime-3.0.0.tgz. Extracting by manifest.
1986 silly tarball no local data for file-type@https://registry.npmjs.org/file-type/-/file-type-21.3.4.tgz. Extracting by manifest.
1987 silly tarball no local data for exif-parser@https://registry.npmjs.org/exif-parser/-/exif-parser-0.1.12.tgz. Extracting by manifest.
1988 silly tarball no local data for await-to-js@https://registry.npmjs.org/await-to-js/-/await-to-js-3.0.0.tgz. Extracting by manifest.
1989 silly tarball no local data for @jimp/utils@https://registry.npmjs.org/@jimp/utils/-/utils-1.6.1.tgz. Extracting by manifest.
1990 silly tarball no local data for @jimp/file-ops@https://registry.npmjs.org/@jimp/file-ops/-/file-ops-1.6.1.tgz. Extracting by manifest.
1991 silly tarball no local data for @jimp/types@https://registry.npmjs.org/@jimp/types/-/types-1.6.1.tgz. Extracting by manifest.
1992 silly tarball no local data for @jimp/plugin-threshold@https://registry.npmjs.org/@jimp/plugin-threshold/-/plugin-threshold-1.6.1.tgz. Extracting by manifest.
1993 silly tarball no local data for @jimp/plugin-resize@https://registry.npmjs.org/@jimp/plugin-resize/-/plugin-resize-1.6.1.tgz. Extracting by manifest.
1994 silly tarball no local data for @jimp/plugin-rotate@https://registry.npmjs.org/@jimp/plugin-rotate/-/plugin-rotate-1.6.1.tgz. Extracting by manifest.
1995 silly tarball no local data for @jimp/plugin-quantize@https://registry.npmjs.org/@jimp/plugin-quantize/-/plugin-quantize-1.6.1.tgz. Extracting by manifest.
1996 silly tarball no local data for @jimp/plugin-print@https://registry.npmjs.org/@jimp/plugin-print/-/plugin-print-1.6.1.tgz. Extracting by manifest.
1997 silly tarball no local data for @jimp/plugin-mask@https://registry.npmjs.org/@jimp/plugin-mask/-/plugin-mask-1.6.1.tgz. Extracting by manifest.
1998 silly tarball no local data for @jimp/plugin-fisheye@https://registry.npmjs.org/@jimp/plugin-fisheye/-/plugin-fisheye-1.6.1.tgz. Extracting by manifest.
1999 silly tarball no local data for @jimp/plugin-flip@https://registry.npmjs.org/@jimp/plugin-flip/-/plugin-flip-1.6.1.tgz. Extracting by manifest.
2000 silly tarball no local data for @jimp/plugin-hash@https://registry.npmjs.org/@jimp/plugin-hash/-/plugin-hash-1.6.1.tgz. Extracting by manifest.
2001 silly tarball no local data for @jimp/plugin-dither@https://registry.npmjs.org/@jimp/plugin-dither/-/plugin-dither-1.6.1.tgz. Extracting by manifest.
2002 silly tarball no local data for @jimp/plugin-displace@https://registry.npmjs.org/@jimp/plugin-displace/-/plugin-displace-1.6.1.tgz. Extracting by manifest.
2003 silly tarball no local data for @jimp/plugin-crop@https://registry.npmjs.org/@jimp/plugin-crop/-/plugin-crop-1.6.1.tgz. Extracting by manifest.
2004 silly tarball no local data for @jimp/plugin-cover@https://registry.npmjs.org/@jimp/plugin-cover/-/plugin-cover-1.6.1.tgz. Extracting by manifest.
2005 silly tarball no local data for @jimp/plugin-contain@https://registry.npmjs.org/@jimp/plugin-contain/-/plugin-contain-1.6.1.tgz. Extracting by manifest.
2006 silly tarball no local data for @jimp/plugin-color@https://registry.npmjs.org/@jimp/plugin-color/-/plugin-color-1.6.1.tgz. Extracting by manifest.
2007 silly tarball no local data for @jimp/plugin-circle@https://registry.npmjs.org/@jimp/plugin-circle/-/plugin-circle-1.6.1.tgz. Extracting by manifest.
2008 silly tarball no local data for @jimp/js-tiff@https://registry.npmjs.org/@jimp/js-tiff/-/js-tiff-1.6.1.tgz. Extracting by manifest.
2009 silly tarball no local data for @jimp/plugin-blit@https://registry.npmjs.org/@jimp/plugin-blit/-/plugin-blit-1.6.1.tgz. Extracting by manifest.
2010 silly tarball no local data for @jimp/js-png@https://registry.npmjs.org/@jimp/js-png/-/js-png-1.6.1.tgz. Extracting by manifest.
2011 silly tarball no local data for @jimp/js-jpeg@https://registry.npmjs.org/@jimp/js-jpeg/-/js-jpeg-1.6.1.tgz. Extracting by manifest.
2012 silly tarball no local data for @jimp/js-gif@https://registry.npmjs.org/@jimp/js-gif/-/js-gif-1.6.1.tgz. Extracting by manifest.
2013 silly tarball no local data for @jimp/js-bmp@https://registry.npmjs.org/@jimp/js-bmp/-/js-bmp-1.6.1.tgz. Extracting by manifest.
2014 silly tarball no local data for @jimp/plugin-blur@https://registry.npmjs.org/@jimp/plugin-blur/-/plugin-blur-1.6.1.tgz. Extracting by manifest.
2015 silly tarball no local data for @jimp/diff@https://registry.npmjs.org/@jimp/diff/-/diff-1.6.1.tgz. Extracting by manifest.
2016 silly tarball no local data for @jimp/core@https://registry.npmjs.org/@jimp/core/-/core-1.6.1.tgz. Extracting by manifest.
2017 silly tarball no local data for ms@https://registry.npmjs.org/ms/-/ms-2.1.3.tgz. Extracting by manifest.
2018 silly tarball no local data for debug@https://registry.npmjs.org/debug/-/debug-4.4.3.tgz. Extracting by manifest.
2019 silly tarball no local data for agent-base@https://registry.npmjs.org/agent-base/-/agent-base-6.0.2.tgz. Extracting by manifest.
2020 silly tarball no local data for tinygradient@https://registry.npmjs.org/tinygradient/-/tinygradient-1.1.5.tgz. Extracting by manifest.
2021 silly tarball no local data for dunder-proto@https://registry.npmjs.org/dunder-proto/-/dunder-proto-1.0.1.tgz. Extracting by manifest.
2022 silly tarball no local data for math-intrinsics@https://registry.npmjs.org/math-intrinsics/-/math-intrinsics-1.1.0.tgz. Extracting by manifest.
2023 silly tarball no local data for has-symbols@https://registry.npmjs.org/has-symbols/-/has-symbols-1.1.0.tgz. Extracting by manifest.
2024 silly tarball no local data for get-proto@https://registry.npmjs.org/get-proto/-/get-proto-1.0.1.tgz. Extracting by manifest.
2025 silly tarball no local data for gopd@https://registry.npmjs.org/gopd/-/gopd-1.2.0.tgz. Extracting by manifest.
2026 silly tarball no local data for function-bind@https://registry.npmjs.org/function-bind/-/function-bind-1.1.2.tgz. Extracting by manifest.
2027 silly tarball no local data for es-object-atoms@https://registry.npmjs.org/es-object-atoms/-/es-object-atoms-1.1.2.tgz. Extracting by manifest.
2028 silly tarball no local data for es-define-property@https://registry.npmjs.org/es-define-property/-/es-define-property-1.0.1.tgz. Extracting by manifest.
2029 silly tarball no local data for call-bind-apply-helpers@https://registry.npmjs.org/call-bind-apply-helpers/-/call-bind-apply-helpers-1.0.2.tgz. Extracting by manifest.
2030 silly tarball no local data for get-intrinsic@https://registry.npmjs.org/get-intrinsic/-/get-intrinsic-1.3.0.tgz. Extracting by manifest.
2031 silly tarball no local data for has-tostringtag@https://registry.npmjs.org/has-tostringtag/-/has-tostringtag-1.0.2.tgz. Extracting by manifest.
2032 silly tarball no local data for es-errors@https://registry.npmjs.org/es-errors/-/es-errors-1.3.0.tgz. Extracting by manifest.
2033 silly tarball no local data for delayed-stream@https://registry.npmjs.org/delayed-stream/-/delayed-stream-1.0.0.tgz. Extracting by manifest.
2034 silly tarball no local data for hasown@https://registry.npmjs.org/hasown/-/hasown-2.0.4.tgz. Extracting by manifest.
2035 silly tarball no local data for es-set-tostringtag@https://registry.npmjs.org/es-set-tostringtag/-/es-set-tostringtag-2.1.0.tgz. Extracting by manifest.
2036 silly tarball no local data for combined-stream@https://registry.npmjs.org/combined-stream/-/combined-stream-1.0.8.tgz. Extracting by manifest.
2037 silly tarball no local data for asynckit@https://registry.npmjs.org/asynckit/-/asynckit-0.4.0.tgz. Extracting by manifest.
2038 silly tarball no local data for which@https://registry.npmjs.org/which/-/which-1.3.1.tgz. Extracting by manifest.
2039 silly tarball no local data for async@https://registry.npmjs.org/async/-/async-0.2.10.tgz. Extracting by manifest.
2040 silly tarball no local data for hashery@https://registry.npmjs.org/hashery/-/hashery-1.5.1.tgz. Extracting by manifest.
2041 silly tarball no local data for qified@https://registry.npmjs.org/qified/-/qified-0.10.1.tgz. Extracting by manifest.
2042 silly tarball no local data for @keyv/bigmap@https://registry.npmjs.org/@keyv/bigmap/-/bigmap-1.3.1.tgz. Extracting by manifest.
2043 silly tarball no local data for @cacheable/utils@https://registry.npmjs.org/@cacheable/utils/-/utils-2.5.0.tgz. Extracting by manifest.
2044 silly tarball no local data for @cacheable/memory@https://registry.npmjs.org/@cacheable/memory/-/memory-2.2.0.tgz. Extracting by manifest.
2045 silly tarball no local data for proxy-from-env@https://registry.npmjs.org/proxy-from-env/-/proxy-from-env-2.1.0.tgz. Extracting by manifest.
2046 silly tarball no local data for keyv@https://registry.npmjs.org/keyv/-/keyv-5.6.0.tgz. Extracting by manifest.
2047 silly tarball no local data for hookified@https://registry.npmjs.org/hookified/-/hookified-1.15.1.tgz. Extracting by manifest.
2048 silly tarball no local data for https-proxy-agent@https://registry.npmjs.org/https-proxy-agent/-/https-proxy-agent-5.0.1.tgz. Extracting by manifest.
2049 silly tarball no local data for cacheable@https://registry.npmjs.org/cacheable/-/cacheable-2.5.0.tgz. Extracting by manifest.
2050 silly tarball no local data for ws@https://registry.npmjs.org/ws/-/ws-8.21.3.tgz. Extracting by manifest.
2051 silly tarball no local data for whatsapp-rust-bridge@https://registry.npmjs.org/whatsapp-rust-bridge/-/whatsapp-rust-bridge-0.5.2.tgz. Extracting by manifest.
2052 silly tarball no local data for protobufjs@https://registry.npmjs.org/protobufjs/-/protobufjs-7.6.6.tgz. Extracting by manifest.
2053 silly tarball no local data for p-queue@https://registry.npmjs.org/p-queue/-/p-queue-9.3.3.tgz. Extracting by manifest.
2054 silly tarball no local data for follow-redirects@https://registry.npmjs.org/follow-redirects/-/follow-redirects-1.16.0.tgz. Extracting by manifest.
2055 silly tarball no local data for music-metadata@https://registry.npmjs.org/music-metadata/-/music-metadata-11.15.0.tgz. Extracting by manifest.
2056 silly tarball no local data for lru-cache@https://registry.npmjs.org/lru-cache/-/lru-cache-11.5.2.tgz. Extracting by manifest.
2057 silly tarball no local data for async-mutex@https://registry.npmjs.org/async-mutex/-/async-mutex-0.5.0.tgz. Extracting by manifest.
2058 silly tarball no local data for tslib@https://registry.npmjs.org/tslib/-/tslib-2.8.1.tgz. Extracting by manifest.
2059 silly tarball no local data for fflate@https://registry.npmjs.org/fflate/-/fflate-0.8.3.tgz. Extracting by manifest.
2060 silly tarball no local data for @cacheable/node-cache@https://registry.npmjs.org/@cacheable/node-cache/-/node-cache-1.7.6.tgz. Extracting by manifest.
2061 silly tarball no local data for @hapi/hoek@https://registry.npmjs.org/@hapi/hoek/-/hoek-11.0.7.tgz. Extracting by manifest.
2062 silly tarball no local data for uuid@https://registry.npmjs.org/uuid/-/uuid-14.0.2.tgz. Extracting by manifest.
2063 silly tarball no local data for syntax-error@https://registry.npmjs.org/syntax-error/-/syntax-error-1.4.0.tgz. Extracting by manifest.
2064 silly tarball no local data for yt-search@https://registry.npmjs.org/yt-search/-/yt-search-2.13.1.tgz. Extracting by manifest.
2065 silly tarball no local data for readline-sync@https://registry.npmjs.org/readline-sync/-/readline-sync-1.4.10.tgz. Extracting by manifest.
2066 silly tarball no local data for qrcode-terminal@https://registry.npmjs.org/qrcode-terminal/-/qrcode-terminal-0.12.0.tgz. Extracting by manifest.
2067 silly tarball no local data for qrcode@https://registry.npmjs.org/qrcode/-/qrcode-1.5.4.tgz. Extracting by manifest.
2068 silly tarball no local data for pino@https://registry.npmjs.org/pino/-/pino-10.3.1.tgz. Extracting by manifest.
2069 silly tarball no local data for node-webpmux@https://registry.npmjs.org/node-webpmux/-/node-webpmux-3.2.1.tgz. Extracting by manifest.
2070 silly tarball no local data for node-fetch@https://registry.npmjs.org/node-fetch/-/node-fetch-3.3.2.tgz. Extracting by manifest.
2071 silly tarball no local data for node-cache@https://registry.npmjs.org/node-cache/-/node-cache-5.1.2.tgz. Extracting by manifest.
2072 silly tarball no local data for moment-timezone@https://registry.npmjs.org/moment-timezone/-/moment-timezone-0.5.48.tgz. Extracting by manifest.
2073 silly tarball no local data for moment@https://registry.npmjs.org/moment/-/moment-2.30.1.tgz. Extracting by manifest.
2074 silly tarball no local data for mime-types@https://registry.npmjs.org/mime-types/-/mime-types-3.0.2.tgz. Extracting by manifest.
2075 silly tarball no local data for human-readable@https://registry.npmjs.org/human-readable/-/human-readable-0.2.1.tgz. Extracting by manifest.
2076 silly tarball no local data for jimp@https://registry.npmjs.org/jimp/-/jimp-1.6.1.tgz. Extracting by manifest.
2077 silly tarball no local data for gradient-string@https://registry.npmjs.org/gradient-string/-/gradient-string-2.0.2.tgz. Extracting by manifest.
2078 silly tarball no local data for grapheme-splitter@https://registry.npmjs.org/grapheme-splitter/-/grapheme-splitter-1.0.4.tgz. Extracting by manifest.
2079 silly tarball no local data for form-data@https://registry.npmjs.org/form-data/-/form-data-4.0.6.tgz. Extracting by manifest.
2080 silly tarball no local data for fluent-ffmpeg@https://registry.npmjs.org/fluent-ffmpeg/-/fluent-ffmpeg-2.1.3.tgz. Extracting by manifest.
2081 silly tarball no local data for axios@https://registry.npmjs.org/axios/-/axios-1.20.0.tgz. Extracting by manifest.
2082 silly tarball no local data for sharp@https://registry.npmjs.org/sharp/-/sharp-0.35.4.tgz. Extracting by manifest.
2083 silly tarball no local data for chalk@https://registry.npmjs.org/chalk/-/chalk-5.6.2.tgz. Extracting by manifest.
2084 silly tarball no local data for @hapi/boom@https://registry.npmjs.org/@hapi/boom/-/boom-10.0.1.tgz. Extracting by manifest.
2085 silly tarball no local data for entities@https://registry.npmjs.org/entities/-/entities-6.0.1.tgz. Extracting by manifest.
2086 silly tarball no local data for entities@https://registry.npmjs.org/entities/-/entities-7.0.1.tgz. Extracting by manifest.
2087 silly tarball no local data for strip-ansi@https://registry.npmjs.org/strip-ansi/-/strip-ansi-4.0.0.tgz. Extracting by manifest.
2088 silly tarball no local data for ansi-regex@https://registry.npmjs.org/ansi-regex/-/ansi-regex-3.0.1.tgz. Extracting by manifest.
2089 silly tarball no local data for string-width@https://registry.npmjs.org/string-width/-/string-width-2.1.1.tgz. Extracting by manifest.
2090 silly tarball no local data for is-fullwidth-code-point@https://registry.npmjs.org/is-fullwidth-code-point/-/is-fullwidth-code-point-2.0.0.tgz. Extracting by manifest.
2091 silly tarball no local data for real-require@https://registry.npmjs.org/real-require/-/real-require-1.0.0.tgz. Extracting by manifest.
2092 silly tarball no local data for pngjs@https://registry.npmjs.org/pngjs/-/pngjs-6.0.0.tgz. Extracting by manifest.
2093 silly tarball no local data for hookified@https://registry.npmjs.org/hookified/-/hookified-2.2.0.tgz. Extracting by manifest.
2094 silly tarball no local data for pngjs@https://registry.npmjs.org/pngjs/-/pngjs-5.0.0.tgz. Extracting by manifest.
2095 silly tarball no local data for mime-db@https://registry.npmjs.org/mime-db/-/mime-db-1.52.0.tgz. Extracting by manifest.
2096 silly tarball no local data for mime-types@https://registry.npmjs.org/mime-types/-/mime-types-2.1.35.tgz. Extracting by manifest.
2097 silly tarball no local data for chalk@https://registry.npmjs.org/chalk/-/chalk-4.1.2.tgz. Extracting by manifest.
2098 silly tarball no local data for thread-stream@https://registry.npmjs.org/thread-stream/-/thread-stream-3.2.0.tgz. Extracting by manifest.
2099 silly tarball no local data for pino-abstract-transport@https://registry.npmjs.org/pino-abstract-transport/-/pino-abstract-transport-2.0.0.tgz. Extracting by manifest.
2100 silly tarball no local data for @hapi/hoek@https://registry.npmjs.org/@hapi/hoek/-/hoek-9.3.0.tgz. Extracting by manifest.
2101 silly tarball no local data for @hapi/boom@https://registry.npmjs.org/@hapi/boom/-/boom-9.1.4.tgz. Extracting by manifest.
2102 silly tarball no local data for pino@https://registry.npmjs.org/pino/-/pino-9.14.0.tgz. Extracting by manifest.
2103 http fetch POST 200 https://registry.npmjs.org/-/npm/v1/security/advisories/bulk 376ms
2104 silly audit report {
2104 silly audit report   minimatch: [
2104 silly audit report     {
2104 silly audit report       id: 1113459,
2104 silly audit report       url: 'https://github.com/advisories/GHSA-3ppc-4f35-3m26',
2104 silly audit report       title: 'minimatch has a ReDoS via repeated wildcards with non-matching literal in pattern',
2104 silly audit report       severity: 'high',
2104 silly audit report       vulnerable_versions: '<3.1.3',
2104 silly audit report       cwe: [Array],
2104 silly audit report       cvss: [Object]
2104 silly audit report     },
2104 silly audit report     {
2104 silly audit report       id: 1113538,
2104 silly audit report       url: 'https://github.com/advisories/GHSA-7r86-cg39-jmmj',
2104 silly audit report       title: 'minimatch has ReDoS: matchOne() combinatorial backtracking via multiple non-adjacent GLOBSTAR segments',
2104 silly audit report       severity: 'high',
2104 silly audit report       vulnerable_versions: '<3.1.3',
2104 silly audit report       cwe: [Array],
2104 silly audit report       cvss: [Object]
2104 silly audit report     },
2104 silly audit report     {
2104 silly audit report       id: 1113546,
2104 silly audit report       url: 'https://github.com/advisories/GHSA-23c5-xmqv-rm74',
2104 silly audit report       title: 'minimatch ReDoS: nested *() extglobs generate catastrophically backtracking regular expressions',
2104 silly audit report       severity: 'high',
2104 silly audit report       vulnerable_versions: '<3.1.4',
2104 silly audit report       cwe: [Array],
2104 silly audit report       cvss: [Object]
2104 silly audit report     }
2104 silly audit report   ]
2104 silly audit report }
2105 silly packumentCache corgi:https://registry.npmjs.org/minimatch cache-miss
2106 http fetch GET 200 https://registry.npmjs.org/has-flag/-/has-flag-4.0.0.tgz 552ms (cache miss)
2107 http fetch GET 200 https://registry.npmjs.org/ttys/-/ttys-0.0.3.tgz 564ms (cache miss)
2108 http fetch GET 200 https://registry.npmjs.org/balanced-match/-/balanced-match-1.0.2.tgz 565ms (cache miss)
2109 http fetch GET 200 https://registry.npmjs.org/picocolors/-/picocolors-1.1.1.tgz 561ms (cache miss)
2110 http fetch GET 200 https://registry.npmjs.org/supports-color/-/supports-color-7.2.0.tgz 598ms (cache miss)
2111 http fetch GET 200 https://registry.npmjs.org/onetime/-/onetime-5.1.2.tgz 595ms (cache miss)
2112 http fetch GET 200 https://registry.npmjs.org/redstar/-/redstar-0.0.2.tgz 591ms (cache miss)
2113 http fetch GET 200 https://registry.npmjs.org/concat-map/-/concat-map-0.0.1.tgz 596ms (cache miss)
2114 http fetch GET 200 https://registry.npmjs.org/@jsep-plugin/assignment/-/assignment-1.3.0.tgz 590ms (cache miss)
2115 http fetch GET 200 https://registry.npmjs.org/brace-expansion/-/brace-expansion-1.1.18.tgz 609ms (cache miss)
2116 http fetch GET 200 https://registry.npmjs.org/whatwg-encoding/-/whatwg-encoding-3.1.1.tgz 606ms (cache miss)
2117 http fetch GET 200 https://registry.npmjs.org/signal-exit/-/signal-exit-3.0.7.tgz 628ms (cache miss)
2118 http fetch GET 200 https://registry.npmjs.org/restore-cursor/-/restore-cursor-3.1.0.tgz 624ms (cache miss)
2119 warn deprecated whatwg-encoding@3.1.1: Use @exodus/bytes instead for a more spec-conformant and faster implementation
2120 http fetch GET 200 https://registry.npmjs.org/async.util.keys/-/async.util.keys-0.5.2.tgz 609ms (cache miss)
2121 http fetch GET 200 https://registry.npmjs.org/boolbase/-/boolbase-1.0.0.tgz 637ms (cache miss)
2122 http fetch GET 200 https://registry.npmjs.org/async.util.isarray/-/async.util.isarray-0.5.2.tgz 635ms (cache miss)
2123 http fetch GET 200 https://registry.npmjs.org/async.util.onlyonce/-/async.util.onlyonce-0.5.2.tgz 646ms (cache miss)
2124 http fetch GET 200 https://registry.npmjs.org/async.util.once/-/async.util.once-0.5.2.tgz 646ms (cache miss)
2125 http fetch GET 200 https://registry.npmjs.org/async.util.keyiterator/-/async.util.keyiterator-0.5.2.tgz 646ms (cache miss)
2126 http fetch GET 200 https://registry.npmjs.org/async.util.noop/-/async.util.noop-0.5.2.tgz 647ms (cache miss)
2127 http fetch GET 200 https://registry.npmjs.org/keypress/-/keypress-0.2.1.tgz 684ms (cache miss)
2128 http fetch GET 200 https://registry.npmjs.org/async.util.restparam/-/async.util.restparam-0.5.2.tgz 670ms (cache miss)
2129 http fetch GET 200 https://registry.npmjs.org/async.util.isarraylike/-/async.util.isarraylike-0.5.2.tgz 668ms (cache miss)
2130 http fetch GET 200 https://registry.npmjs.org/color-convert/-/color-convert-2.0.1.tgz 661ms (cache miss)
2131 http fetch GET 200 https://registry.npmjs.org/async.util.parallel/-/async.util.parallel-0.5.2.tgz 685ms (cache miss)
2132 http fetch GET 200 https://registry.npmjs.org/dasu/-/dasu-0.4.3.tgz 683ms (cache miss)
2133 http fetch GET 200 https://registry.npmjs.org/node-fzf/-/node-fzf-0.14.0.tgz 686ms (cache miss)
2134 http fetch GET 200 https://registry.npmjs.org/camelcase/-/camelcase-5.3.1.tgz 682ms (cache miss)
2135 http fetch GET 200 https://registry.npmjs.org/ansi-styles/-/ansi-styles-4.3.0.tgz 681ms (cache miss)
2136 http fetch GET 200 https://registry.npmjs.org/p-locate/-/p-locate-4.1.0.tgz 679ms (cache miss)
2137 http fetch GET 200 https://registry.npmjs.org/async.parallellimit/-/async.parallellimit-0.5.2.tgz 684ms (cache miss)
2138 http fetch GET 200 https://registry.npmjs.org/async.util.eachoflimit/-/async.util.eachoflimit-0.5.2.tgz 702ms (cache miss)
2139 http fetch GET 200 https://registry.npmjs.org/color-name/-/color-name-1.1.4.tgz 698ms (cache miss)
2140 http fetch GET 200 https://registry.npmjs.org/emoji-regex/-/emoji-regex-8.0.0.tgz 697ms (cache miss)
2141 http fetch GET 200 https://registry.npmjs.org/y18n/-/y18n-4.0.3.tgz 694ms (cache miss)
2142 http fetch GET 200 https://registry.npmjs.org/human-time/-/human-time-0.0.2.tgz 721ms (cache miss)
2143 http fetch GET 200 https://registry.npmjs.org/boolstring/-/boolstring-2.0.1.tgz 720ms (cache miss)
2144 http fetch GET 200 https://registry.npmjs.org/p-try/-/p-try-2.2.0.tgz 716ms (cache miss)
2145 http fetch GET 200 https://registry.npmjs.org/p-limit/-/p-limit-2.3.0.tgz 716ms (cache miss)
2146 http fetch GET 200 https://registry.npmjs.org/path-exists/-/path-exists-4.0.0.tgz 715ms (cache miss)
2147 http fetch GET 200 https://registry.npmjs.org/minimatch/-/minimatch-3.0.8.tgz 831ms (cache miss)
2148 http fetch GET 200 https://registry.npmjs.org/is-fullwidth-code-point/-/is-fullwidth-code-point-3.0.0.tgz 805ms (cache miss)
2149 http fetch GET 200 https://registry.npmjs.org/ansi-regex/-/ansi-regex-5.0.1.tgz 806ms (cache miss)
2150 http fetch GET 200 https://registry.npmjs.org/strip-ansi/-/strip-ansi-6.0.1.tgz 801ms (cache miss)
2151 http fetch GET 200 https://registry.npmjs.org/decamelize/-/decamelize-1.2.0.tgz 798ms (cache miss)
2152 http fetch GET 200 https://registry.npmjs.org/parse5-parser-stream/-/parse5-parser-stream-7.1.2.tgz 853ms (cache miss)
2153 http fetch GET 200 https://registry.npmjs.org/wrap-ansi/-/wrap-ansi-6.2.0.tgz 838ms (cache miss)
2154 http fetch GET 200 https://registry.npmjs.org/string-width/-/string-width-4.2.3.tgz 836ms (cache miss)
2155 http fetch GET 200 https://registry.npmjs.org/set-blocking/-/set-blocking-2.0.0.tgz 836ms (cache miss)
2156 http fetch GET 200 https://registry.npmjs.org/ieee754/-/ieee754-1.2.1.tgz 833ms (cache miss)
2157 http fetch GET 200 https://registry.npmjs.org/safer-buffer/-/safer-buffer-2.1.2.tgz 894ms (cache miss)
2158 http fetch GET 200 https://registry.npmjs.org/which-module/-/which-module-2.0.1.tgz 867ms (cache miss)
2159 http fetch GET 200 https://registry.npmjs.org/require-main-filename/-/require-main-filename-2.0.0.tgz 866ms (cache miss)
2160 http fetch GET 200 https://registry.npmjs.org/require-directory/-/require-directory-2.1.1.tgz 866ms (cache miss)
2161 http fetch GET 200 https://registry.npmjs.org/get-caller-file/-/get-caller-file-2.0.5.tgz 866ms (cache miss)
2162 http fetch GET 200 https://registry.npmjs.org/locate-path/-/locate-path-5.0.0.tgz 900ms (cache miss)
2163 http fetch GET 200 https://registry.npmjs.org/xtend/-/xtend-4.0.2.tgz 893ms (cache miss)
2164 http fetch GET 200 https://registry.npmjs.org/yargs-parser/-/yargs-parser-18.1.3.tgz 931ms (cache miss)
2165 http fetch GET 200 https://registry.npmjs.org/@protobufjs/pool/-/pool-1.1.0.tgz 920ms (cache miss)
2166 http fetch GET 200 https://registry.npmjs.org/parse5-htmlparser2-tree-adapter/-/parse5-htmlparser2-tree-adapter-7.1.0.tgz 975ms (cache miss)
2167 http fetch GET 200 https://registry.npmjs.org/find-up/-/find-up-4.1.0.tgz 958ms (cache miss)
2168 http fetch GET 200 https://registry.npmjs.org/isexe/-/isexe-2.0.0.tgz 956ms (cache miss)
2169 http fetch GET 200 https://registry.npmjs.org/@protobufjs/path/-/path-1.1.2.tgz 953ms (cache miss)
2170 http fetch GET 200 https://registry.npmjs.org/domelementtype/-/domelementtype-2.3.0.tgz 1014ms (cache miss)
2171 http fetch GET 200 https://registry.npmjs.org/cliui/-/cliui-6.0.0.tgz 989ms (cache miss)
2172 http fetch GET 200 https://registry.npmjs.org/dijkstrajs/-/dijkstrajs-1.0.3.tgz 984ms (cache miss)
2173 http fetch GET 200 https://registry.npmjs.org/@protobufjs/fetch/-/fetch-1.1.1.tgz 984ms (cache miss)
2174 http fetch GET 200 https://registry.npmjs.org/@types/tinycolor2/-/tinycolor2-1.4.6.tgz 1016ms (cache miss)
2175 http fetch GET 200 https://registry.npmjs.org/@protobufjs/float/-/float-1.0.2.tgz 1051ms (cache miss)
2176 http fetch GET 200 https://registry.npmjs.org/@img/colour/-/colour-1.1.0.tgz 1057ms (cache miss)
2177 http fetch GET 200 https://registry.npmjs.org/split2/-/split2-4.2.0.tgz 1075ms (cache miss)
2178 http fetch GET 200 https://registry.npmjs.org/quick-format-unescaped/-/quick-format-unescaped-4.0.4.tgz 1074ms (cache miss)
2179 http fetch GET 200 https://registry.npmjs.org/@protobufjs/codegen/-/codegen-2.0.5.tgz 1077ms (cache miss)
2180 http fetch GET 200 https://registry.npmjs.org/safe-stable-stringify/-/safe-stable-stringify-2.5.0.tgz 1076ms (cache miss)
2181 http fetch GET 200 https://registry.npmjs.org/mimic-fn/-/mimic-fn-2.1.0.tgz 1074ms (cache miss)
2182 http fetch GET 200 https://registry.npmjs.org/whatwg-mimetype/-/whatwg-mimetype-4.0.0.tgz 1135ms (cache miss)
2183 http fetch GET 200 https://registry.npmjs.org/@protobufjs/base64/-/base64-1.1.2.tgz 1100ms (cache miss)
2184 http fetch GET 200 https://registry.npmjs.org/xml-parse-from-string/-/xml-parse-from-string-1.0.1.tgz 1095ms (cache miss)
2185 http fetch GET 200 https://registry.npmjs.org/process-warning/-/process-warning-5.1.0.tgz 1098ms (cache miss)
2186 http fetch GET 200 https://registry.npmjs.org/pino-std-serializers/-/pino-std-serializers-7.1.0.tgz 1097ms (cache miss)
2187 http fetch GET 200 https://registry.npmjs.org/data-uri-to-buffer/-/data-uri-to-buffer-4.0.1.tgz 1093ms (cache miss)
2188 http fetch GET 200 https://registry.npmjs.org/@protobufjs/eventemitter/-/eventemitter-1.1.1.tgz 1129ms (cache miss)
2189 http fetch GET 200 https://registry.npmjs.org/@protobufjs/aspromise/-/aspromise-1.1.2.tgz 1132ms (cache miss)
2190 http fetch GET 200 https://registry.npmjs.org/p-timeout/-/p-timeout-7.0.1.tgz 1125ms (cache miss)
2191 http fetch GET 200 https://registry.npmjs.org/node-domexception/-/node-domexception-1.0.0.tgz 1126ms (cache miss)
2192 http fetch GET 200 https://registry.npmjs.org/atomic-sleep/-/atomic-sleep-1.0.0.tgz 1128ms (cache miss)
2193 http fetch GET 200 https://registry.npmjs.org/real-require/-/real-require-0.2.0.tgz 1152ms (cache miss)
2194 http fetch GET 200 https://registry.npmjs.org/formdata-polyfill/-/formdata-polyfill-4.0.10.tgz 1147ms (cache miss)
2195 http fetch GET 200 https://registry.npmjs.org/win-guid/-/win-guid-0.2.1.tgz 1147ms (cache miss)
2196 http fetch GET 200 https://registry.npmjs.org/media-typer/-/media-typer-2.0.0.tgz 1147ms (cache miss)
2197 http fetch GET 200 https://registry.npmjs.org/fetch-blob/-/fetch-blob-3.2.0.tgz 1148ms (cache miss)
2198 http fetch GET 200 https://registry.npmjs.org/@protobufjs/utf8/-/utf8-1.1.2.tgz 1178ms (cache miss)
2199 http fetch GET 200 https://registry.npmjs.org/@tokenizer/token/-/token-0.3.0.tgz 1166ms (cache miss)
2200 http fetch GET 200 https://registry.npmjs.org/sax/-/sax-1.6.1.tgz 1204ms (cache miss)
2201 http fetch GET 200 https://registry.npmjs.org/clone/-/clone-2.1.2.tgz 1186ms (cache miss)
2202 http fetch GET 200 https://registry.npmjs.org/token-types/-/token-types-6.1.2.tgz 1183ms (cache miss)
2203 http fetch GET 200 https://registry.npmjs.org/@keyv/serialize/-/serialize-1.1.1.tgz 1185ms (cache miss)
2204 http fetch GET 200 https://registry.npmjs.org/detect-libc/-/detect-libc-2.1.2.tgz 1221ms (cache miss)
2205 http fetch GET 200 https://registry.npmjs.org/curve25519-js/-/curve25519-js-0.0.4.tgz 1209ms (cache miss)
2206 http fetch GET 200 https://registry.npmjs.org/parse-bmfont-binary/-/parse-bmfont-binary-1.0.6.tgz 1207ms (cache miss)
2207 http fetch GET 200 https://registry.npmjs.org/omggif/-/omggif-1.0.10.tgz 1231ms (cache miss)
2208 http fetch GET 200 https://registry.npmjs.org/@borewit/text-codec/-/text-codec-0.2.2.tgz 1257ms (cache miss)
2209 http fetch GET 200 https://registry.npmjs.org/parse-bmfont-ascii/-/parse-bmfont-ascii-1.0.6.tgz 1252ms (cache miss)
2210 http fetch GET 200 https://registry.npmjs.org/parse-bmfont-xml/-/parse-bmfont-xml-1.1.6.tgz 1270ms (cache miss)
2211 http fetch GET 200 https://registry.npmjs.org/uint8array-extras/-/uint8array-extras-1.5.0.tgz 1273ms (cache miss)
2212 http fetch GET 200 https://registry.npmjs.org/any-base/-/any-base-1.1.0.tgz 1270ms (cache miss)
2213 http fetch GET 200 https://registry.npmjs.org/xml2js/-/xml2js-0.5.0.tgz 1303ms (cache miss)
2214 http fetch GET 200 https://registry.npmjs.org/mime/-/mime-3.0.0.tgz 1291ms (cache miss)
2215 http fetch GET 200 https://registry.npmjs.org/pixelmatch/-/pixelmatch-5.3.0.tgz 1292ms (cache miss)
2216 http fetch GET 200 https://registry.npmjs.org/@jimp/utils/-/utils-1.6.1.tgz 1291ms (cache miss)
2217 http fetch GET 200 https://registry.npmjs.org/content-type/-/content-type-2.1.0.tgz 1333ms (cache miss)
2218 http fetch GET 200 https://registry.npmjs.org/mime-db/-/mime-db-1.54.0.tgz 1333ms (cache miss)
2219 http fetch GET 200 https://registry.npmjs.org/@jimp/types/-/types-1.6.1.tgz 1322ms (cache miss)
2220 http fetch GET 200 https://registry.npmjs.org/@jimp/plugin-flip/-/plugin-flip-1.6.1.tgz 1318ms (cache miss)
2221 http fetch GET 200 https://registry.npmjs.org/long/-/long-5.3.2.tgz 1381ms (cache miss)
2222 http fetch GET 200 https://registry.npmjs.org/@jimp/plugin-cover/-/plugin-cover-1.6.1.tgz 1350ms (cache miss)
2223 http fetch GET 200 https://registry.npmjs.org/simple-xml-to-json/-/simple-xml-to-json-1.2.7.tgz 1388ms (cache miss)
2224 http fetch GET 200 https://registry.npmjs.org/@jimp/plugin-dither/-/plugin-dither-1.6.1.tgz 1374ms (cache miss)
2225 http fetch GET 200 https://registry.npmjs.org/@jimp/plugin-contain/-/plugin-contain-1.6.1.tgz 1375ms (cache miss)
2226 http fetch GET 200 https://registry.npmjs.org/@jimp/plugin-mask/-/plugin-mask-1.6.1.tgz 1425ms (cache miss)
2227 http fetch GET 200 https://registry.npmjs.org/@jimp/plugin-circle/-/plugin-circle-1.6.1.tgz 1421ms (cache miss)
2228 http fetch GET 200 https://registry.npmjs.org/acorn-walk/-/acorn-walk-7.2.0.tgz 1504ms (cache miss)
2229 http fetch GET 200 https://registry.npmjs.org/@jimp/plugin-fisheye/-/plugin-fisheye-1.6.1.tgz 1477ms (cache miss)
2230 http fetch GET 200 https://registry.npmjs.org/@jimp/js-tiff/-/js-tiff-1.6.1.tgz 1475ms (cache miss)
2231 http fetch GET 200 https://registry.npmjs.org/file-type/-/file-type-21.3.4.tgz 1532ms (cache miss)
2232 http fetch GET 200 https://registry.npmjs.org/@jimp/js-png/-/js-png-1.6.1.tgz 1523ms (cache miss)
2233 http fetch GET 200 https://registry.npmjs.org/@jimp/js-jpeg/-/js-jpeg-1.6.1.tgz 1523ms (cache miss)
2234 http fetch GET 200 https://registry.npmjs.org/utif2/-/utif2-4.1.0.tgz 1579ms (cache miss)
2235 http fetch GET 200 https://registry.npmjs.org/jpeg-js/-/jpeg-js-0.4.4.tgz 1580ms (cache miss)
2236 http fetch GET 200 https://registry.npmjs.org/tinygradient/-/tinygradient-1.1.5.tgz 1562ms (cache miss)
2237 http fetch GET 200 https://registry.npmjs.org/@jimp/diff/-/diff-1.6.1.tgz 1564ms (cache miss)
2238 http fetch GET 200 https://registry.npmjs.org/math-intrinsics/-/math-intrinsics-1.1.0.tgz 1561ms (cache miss)
2239 http fetch GET 200 https://registry.npmjs.org/debug/-/debug-4.4.3.tgz 1615ms (cache miss)
2240 http fetch GET 200 https://registry.npmjs.org/get-proto/-/get-proto-1.0.1.tgz 1613ms (cache miss)
2241 http fetch GET 200 https://registry.npmjs.org/eventemitter3/-/eventemitter3-5.0.4.tgz 1677ms (cache miss)
2242 http fetch GET 200 https://registry.npmjs.org/@tokenizer/inflate/-/inflate-0.4.1.tgz 1672ms (cache miss)
2243 http fetch GET 200 https://registry.npmjs.org/on-exit-leak-free/-/on-exit-leak-free-2.1.2.tgz 1683ms (cache miss)
2244 http fetch GET 200 https://registry.npmjs.org/ms/-/ms-2.1.3.tgz 1653ms (cache miss)
2245 http fetch GET 200 https://registry.npmjs.org/function-bind/-/function-bind-1.1.2.tgz 1649ms (cache miss)
2246 http fetch GET 200 https://registry.npmjs.org/es-object-atoms/-/es-object-atoms-1.1.2.tgz 1649ms (cache miss)
2247 http fetch GET 200 https://registry.npmjs.org/gopd/-/gopd-1.2.0.tgz 1650ms (cache miss)
2248 http fetch GET 200 https://registry.npmjs.org/has-tostringtag/-/has-tostringtag-1.0.2.tgz 1648ms (cache miss)
2249 http fetch GET 200 https://registry.npmjs.org/has-symbols/-/has-symbols-1.1.0.tgz 1653ms (cache miss)
2250 http fetch GET 200 https://registry.npmjs.org/@jimp/js-gif/-/js-gif-1.6.1.tgz 1680ms (cache miss)
2251 http fetch GET 200 https://registry.npmjs.org/es-define-property/-/es-define-property-1.0.1.tgz 1676ms (cache miss)
2252 http fetch GET 200 https://registry.npmjs.org/delayed-stream/-/delayed-stream-1.0.0.tgz 1692ms (cache miss)
2253 http fetch GET 200 https://registry.npmjs.org/es-set-tostringtag/-/es-set-tostringtag-2.1.0.tgz 1692ms (cache miss)
2254 http fetch GET 200 https://registry.npmjs.org/combined-stream/-/combined-stream-1.0.8.tgz 1692ms (cache miss)
2255 http fetch GET 200 https://registry.npmjs.org/get-intrinsic/-/get-intrinsic-1.3.0.tgz 1704ms (cache miss)
2256 http fetch GET 200 https://registry.npmjs.org/which/-/which-1.3.1.tgz 1702ms (cache miss)
2257 http fetch GET 200 https://registry.npmjs.org/hasown/-/hasown-2.0.4.tgz 1713ms (cache miss)
2258 http fetch GET 200 https://registry.npmjs.org/async/-/async-0.2.10.tgz 1712ms (cache miss)
2259 http fetch GET 200 https://registry.npmjs.org/call-bind-apply-helpers/-/call-bind-apply-helpers-1.0.2.tgz 1716ms (cache miss)
2260 http fetch GET 200 https://registry.npmjs.org/asynckit/-/asynckit-0.4.0.tgz 1712ms (cache miss)
2261 http fetch GET 200 https://registry.npmjs.org/https-proxy-agent/-/https-proxy-agent-5.0.1.tgz 1722ms (cache miss)
2262 http fetch GET 200 https://registry.npmjs.org/proxy-from-env/-/proxy-from-env-2.1.0.tgz 1724ms (cache miss)
2263 http fetch GET 200 https://registry.npmjs.org/uuid/-/uuid-14.0.2.tgz 1733ms (cache miss)
2264 http fetch GET 200 https://registry.npmjs.org/dom-serializer/-/dom-serializer-2.0.0.tgz 1821ms (cache miss)
2265 http fetch GET 200 https://registry.npmjs.org/acorn-node/-/acorn-node-1.8.2.tgz 1801ms (cache miss)
2266 http fetch GET 200 https://registry.npmjs.org/dunder-proto/-/dunder-proto-1.0.1.tgz 1759ms (cache miss)
2267 http fetch GET 200 https://registry.npmjs.org/@keyv/bigmap/-/bigmap-1.3.1.tgz 1751ms (cache miss)
2268 http fetch GET 200 https://registry.npmjs.org/@jsep-plugin/regex/-/regex-1.0.4.tgz 1851ms (cache miss)
2269 http fetch GET 200 https://registry.npmjs.org/follow-redirects/-/follow-redirects-1.16.0.tgz 1793ms (cache miss)
2270 http fetch GET 200 https://registry.npmjs.org/syntax-error/-/syntax-error-1.4.0.tgz 1791ms (cache miss)
2271 http fetch GET 200 https://registry.npmjs.org/human-readable/-/human-readable-0.2.1.tgz 1788ms (cache miss)
2272 http fetch GET 200 https://registry.npmjs.org/gradient-string/-/gradient-string-2.0.2.tgz 1788ms (cache miss)
2273 http fetch GET 200 https://registry.npmjs.org/@cacheable/node-cache/-/node-cache-1.7.6.tgz 1795ms (cache miss)
2274 http fetch GET 200 https://registry.npmjs.org/mime-types/-/mime-types-3.0.2.tgz 1796ms (cache miss)
2275 http fetch GET 200 https://registry.npmjs.org/minimist/-/minimist-1.2.8.tgz 1885ms (cache miss)
2276 http fetch GET 200 https://registry.npmjs.org/qified/-/qified-0.10.1.tgz 1818ms (cache miss)
2277 http fetch GET 200 https://registry.npmjs.org/yt-search/-/yt-search-2.13.1.tgz 1809ms (cache miss)
2278 http fetch GET 200 https://registry.npmjs.org/ansi-regex/-/ansi-regex-3.0.1.tgz 1800ms (cache miss)
2279 http fetch GET 200 https://registry.npmjs.org/strip-ansi/-/strip-ansi-4.0.0.tgz 1802ms (cache miss)
2280 http fetch GET 200 https://registry.npmjs.org/string-width/-/string-width-2.1.1.tgz 1801ms (cache miss)
2281 http fetch GET 200 https://registry.npmjs.org/@hapi/boom/-/boom-10.0.1.tgz 1805ms (cache miss)
2282 http fetch GET 200 https://registry.npmjs.org/keyv/-/keyv-5.6.0.tgz 1824ms (cache miss)
2283 http fetch GET 200 https://registry.npmjs.org/is-fullwidth-code-point/-/is-fullwidth-code-point-2.0.0.tgz 1809ms (cache miss)
2284 http fetch GET 200 https://registry.npmjs.org/real-require/-/real-require-1.0.0.tgz 1809ms (cache miss)
2285 http fetch GET 200 https://registry.npmjs.org/node-cache/-/node-cache-5.1.2.tgz 1824ms (cache miss)
2286 http fetch GET 200 https://registry.npmjs.org/chalk/-/chalk-4.1.2.tgz 1815ms (cache miss)
2287 http fetch GET 200 https://registry.npmjs.org/mime-types/-/mime-types-2.1.35.tgz 1815ms (cache miss)
2288 http fetch GET 200 https://registry.npmjs.org/es-errors/-/es-errors-1.3.0.tgz 1852ms (cache miss)
2289 http fetch GET 200 https://registry.npmjs.org/pino-abstract-transport/-/pino-abstract-transport-2.0.0.tgz 1827ms (cache miss)
2290 http fetch GET 200 https://registry.npmjs.org/pino-abstract-transport/-/pino-abstract-transport-3.0.0.tgz 1902ms (cache miss)
2291 http fetch GET 200 https://registry.npmjs.org/@cacheable/memory/-/memory-2.2.0.tgz 1858ms (cache miss)
2292 http fetch GET 200 https://registry.npmjs.org/@hapi/boom/-/boom-9.1.4.tgz 1838ms (cache miss)
2293 http fetch GET 200 https://registry.npmjs.org/domhandler/-/domhandler-5.0.3.tgz 1940ms (cache miss)
2294 http fetch GET 200 https://registry.npmjs.org/@pinojs/redact/-/redact-0.4.0.tgz 1921ms (cache miss)
2295 http fetch GET 200 https://registry.npmjs.org/@cacheable/utils/-/utils-2.5.0.tgz 1884ms (cache miss)
2296 http fetch GET 200 https://registry.npmjs.org/agent-base/-/agent-base-6.0.2.tgz 1899ms (cache miss)
2297 http fetch GET 200 https://registry.npmjs.org/mime-db/-/mime-db-1.52.0.tgz 1869ms (cache miss)
2298 http fetch GET 200 https://registry.npmjs.org/tslib/-/tslib-2.8.1.tgz 1888ms (cache miss)
2299 http fetch GET 200 https://registry.npmjs.org/form-data/-/form-data-4.0.6.tgz 1884ms (cache miss)
2300 http fetch GET 200 https://registry.npmjs.org/cacheable/-/cacheable-2.5.0.tgz 1897ms (cache miss)
2301 http fetch GET 200 https://registry.npmjs.org/readline-sync/-/readline-sync-1.4.10.tgz 1894ms (cache miss)
2302 http fetch GET 200 https://registry.npmjs.org/tinycolor2/-/tinycolor2-1.6.0.tgz 1946ms (cache miss)
2303 http fetch GET 200 https://registry.npmjs.org/grapheme-splitter/-/grapheme-splitter-1.0.4.tgz 1911ms (cache miss)
2304 http fetch GET 200 https://registry.npmjs.org/minimatch 1809ms (cache miss)
2305 silly packumentCache corgi:https://registry.npmjs.org/minimatch set size:undefined disposed:false
2306 http fetch GET 200 https://registry.npmjs.org/sonic-boom/-/sonic-boom-4.2.1.tgz 1994ms (cache miss)
2307 http fetch GET 200 https://registry.npmjs.org/p-queue/-/p-queue-9.3.3.tgz 1948ms (cache miss)
2308 http fetch GET 200 https://registry.npmjs.org/jsep/-/jsep-1.4.0.tgz 2049ms (cache miss)
2309 http fetch GET 200 https://registry.npmjs.org/@img/sharp-linux-arm64/-/sharp-linux-arm64-0.35.4.tgz 2086ms (cache miss)
2310 silly packumentCache corgi:https://registry.npmjs.org/redstar cache-miss
2311 http fetch GET 200 https://registry.npmjs.org/@jimp/plugin-displace/-/plugin-displace-1.6.1.tgz 2065ms (cache miss)
2312 http fetch GET 200 https://registry.npmjs.org/hookified/-/hookified-1.15.1.tgz 2061ms (cache miss)
2313 http fetch GET 200 https://registry.npmjs.org/ws/-/ws-8.21.3.tgz 2065ms (cache miss)
2314 http fetch GET 200 https://registry.npmjs.org/chalk/-/chalk-5.6.2.tgz 2058ms (cache miss)
2315 http fetch GET 200 https://registry.npmjs.org/hashery/-/hashery-1.5.1.tgz 2082ms (cache miss)
2316 http fetch GET 200 https://registry.npmjs.org/cheerio-select/-/cheerio-select-2.1.0.tgz 2181ms (cache miss)
2317 http fetch GET 200 https://registry.npmjs.org/nth-check/-/nth-check-2.1.1.tgz 2199ms (cache miss)
2318 http fetch GET 200 https://registry.npmjs.org/@jimp/plugin-rotate/-/plugin-rotate-1.6.1.tgz 2136ms (cache miss)
2319 http fetch GET 200 https://registry.npmjs.org/node-fetch/-/node-fetch-3.3.2.tgz 2171ms (cache miss)
2320 http fetch GET 200 https://registry.npmjs.org/@jimp/plugin-quantize/-/plugin-quantize-1.6.1.tgz 2208ms (cache miss)
2321 http fetch GET 200 https://registry.npmjs.org/encoding-sniffer/-/encoding-sniffer-0.2.1.tgz 2267ms (cache miss)
2322 http fetch GET 200 https://registry.npmjs.org/hookified/-/hookified-2.2.0.tgz 2172ms (cache miss)
2323 http fetch GET 200 https://registry.npmjs.org/@jimp/file-ops/-/file-ops-1.6.1.tgz 2236ms (cache miss)
2324 http fetch GET 200 https://registry.npmjs.org/@jimp/plugin-crop/-/plugin-crop-1.6.1.tgz 2229ms (cache miss)
2325 http fetch GET 200 https://registry.npmjs.org/async-mutex/-/async-mutex-0.5.0.tgz 2217ms (cache miss)
2326 http fetch GET 200 https://registry.npmjs.org/qrcode-terminal/-/qrcode-terminal-0.12.0.tgz 2224ms (cache miss)
2327 http fetch GET 200 https://registry.npmjs.org/node-webpmux/-/node-webpmux-3.2.1.tgz 2223ms (cache miss)
2328 http fetch GET 200 https://registry.npmjs.org/jsonpath-plus/-/jsonpath-plus-10.3.0.tgz 2311ms (cache miss)
2329 http fetch GET 200 https://registry.npmjs.org/exif-parser/-/exif-parser-0.1.12.tgz 2267ms (cache miss)
2330 http fetch GET 200 https://registry.npmjs.org/whatsapp-rust-bridge/-/whatsapp-rust-bridge-0.5.2.tgz 2245ms (cache miss)
2331 http fetch GET 200 https://registry.npmjs.org/css-what/-/css-what-6.2.2.tgz 2339ms (cache miss)
2332 http fetch GET 200 https://registry.npmjs.org/redstar 215ms (cache miss)
2333 silly packumentCache corgi:https://registry.npmjs.org/redstar set size:undefined disposed:false
2334 http fetch GET 200 https://registry.npmjs.org/pngjs/-/pngjs-7.0.0.tgz 2365ms (cache miss)
2335 warn deprecated node-domexception@1.0.0: Use your platform's native DOMException instead
2336 http fetch GET 200 https://registry.npmjs.org/@hapi/hoek/-/hoek-9.3.0.tgz 2327ms (cache miss)
2337 http fetch GET 200 https://registry.npmjs.org/fflate/-/fflate-0.8.3.tgz 2348ms (cache miss)
2338 silly packumentCache corgi:https://registry.npmjs.org/node-fzf cache-miss
2339 http fetch GET 200 https://registry.npmjs.org/@jimp/plugin-hash/-/plugin-hash-1.6.1.tgz 2415ms (cache miss)
2340 http fetch GET 200 https://registry.npmjs.org/@jimp/js-bmp/-/js-bmp-1.6.1.tgz 2415ms (cache miss)
2341 http fetch GET 200 https://registry.npmjs.org/xmlbuilder/-/xmlbuilder-11.0.1.tgz 2464ms (cache miss)
2342 http fetch GET 200 https://codeload.github.com/whiskeysockets/libsignal-node/tar.gz/bcea72df9ec34d9d9140ab30619cf479c7c144c7 2239ms (cache miss)
2343 http fetch GET 200 https://registry.npmjs.org/@jimp/plugin-threshold/-/plugin-threshold-1.6.1.tgz 2463ms (cache miss)
2344 http fetch GET 200 https://registry.npmjs.org/acorn/-/acorn-7.4.1.tgz 2497ms (cache miss)
2345 silly packumentCache heap:1822162944 maxSize:455540736 maxEntrySize:227770368
2346 http fetch GET 200 https://registry.npmjs.org/strtok3/-/strtok3-10.3.5.tgz 2518ms (cache miss)
2347 http fetch GET 200 https://registry.npmjs.org/pako/-/pako-1.0.11.tgz 2550ms (cache miss)
2348 http fetch GET 200 https://registry.npmjs.org/pngjs/-/pngjs-6.0.0.tgz 2475ms (cache miss)
2349 http fetch GET 200 https://registry.npmjs.org/iconv-lite/-/iconv-lite-0.6.3.tgz 2625ms (cache miss)
2350 http fetch GET 200 https://registry.npmjs.org/@jimp/plugin-blur/-/plugin-blur-1.6.1.tgz 2579ms (cache miss)
2351 http fetch GET 200 https://registry.npmjs.org/@jimp/plugin-color/-/plugin-color-1.6.1.tgz 2594ms (cache miss)
2352 http fetch GET 200 https://registry.npmjs.org/node-fzf 193ms (cache miss)
2353 silly packumentCache corgi:https://registry.npmjs.org/node-fzf set size:undefined disposed:false
2354 http fetch GET 200 https://registry.npmjs.org/semver/-/semver-7.8.5.tgz 2650ms (cache miss)
2355 http fetch GET 200 https://registry.npmjs.org/@hapi/hoek/-/hoek-11.0.7.tgz 2603ms (cache miss)
2356 silly packumentCache corgi:https://registry.npmjs.org/yt-search cache-miss
2357 http fetch GET 200 https://registry.npmjs.org/thread-stream/-/thread-stream-4.2.0.tgz 2683ms (cache miss)
2358 http fetch GET 200 https://registry.npmjs.org/@types/node/-/node-16.9.1.tgz 2673ms (cache miss)
2359 http fetch GET 200 https://registry.npmjs.org/await-to-js/-/await-to-js-3.0.0.tgz 2671ms (cache miss)
2360 http fetch GET 200 https://registry.npmjs.org/htmlparser2/-/htmlparser2-10.1.0.tgz 2750ms (cache miss)
2361 http fetch GET 200 https://registry.npmjs.org/@jimp/plugin-blit/-/plugin-blit-1.6.1.tgz 2698ms (cache miss)
2362 http fetch GET 200 https://registry.npmjs.org/bmp-ts/-/bmp-ts-1.0.9.tgz 2715ms (cache miss)
2363 http fetch GET 200 https://registry.npmjs.org/qrcode/-/qrcode-1.5.4.tgz 2686ms (cache miss)
2364 http fetch GET 200 https://registry.npmjs.org/thread-stream/-/thread-stream-3.2.0.tgz 2686ms (cache miss)
2365 http fetch GET 200 https://registry.npmjs.org/yt-search 118ms (cache miss)
2366 silly packumentCache corgi:https://registry.npmjs.org/yt-search set size:undefined disposed:false
2367 http fetch GET 200 https://registry.npmjs.org/sharp/-/sharp-0.35.4.tgz 2746ms (cache miss)
2368 http fetch GET 200 https://registry.npmjs.org/yargs/-/yargs-15.4.1.tgz 2816ms (cache miss)
2369 http fetch GET 200 https://registry.npmjs.org/moment-timezone/-/moment-timezone-0.5.48.tgz 2773ms (cache miss)
2370 http fetch GET 200 https://registry.npmjs.org/@jimp/plugin-resize/-/plugin-resize-1.6.1.tgz 2821ms (cache miss)
2371 http fetch GET 200 https://registry.npmjs.org/domutils/-/domutils-3.2.2.tgz 2876ms (cache miss)
2372 http fetch GET 200 https://registry.npmjs.org/pngjs/-/pngjs-5.0.0.tgz 2914ms (cache miss)
2373 http fetch GET 200 https://registry.npmjs.org/entities/-/entities-4.5.0.tgz 3037ms (cache miss)
2374 http fetch GET 200 https://registry.npmjs.org/jimp/-/jimp-1.6.1.tgz 2990ms (cache miss)
2375 http fetch GET 200 https://registry.npmjs.org/parse5/-/parse5-7.3.0.tgz 3094ms (cache miss)
2376 http fetch GET 200 https://registry.npmjs.org/@jimp/core/-/core-1.6.1.tgz 3044ms (cache miss)
2377 http fetch GET 200 https://registry.npmjs.org/entities/-/entities-6.0.1.tgz 3106ms (cache miss)
2378 http fetch GET 200 https://registry.npmjs.org/protobufjs/-/protobufjs-7.6.6.tgz 3132ms (cache miss)
2379 http fetch GET 200 https://registry.npmjs.org/css-select/-/css-select-5.2.2.tgz 3296ms (cache miss)
2380 http fetch GET 200 https://registry.npmjs.org/axios/-/axios-1.20.0.tgz 3202ms (cache miss)
2381 http fetch GET 200 https://registry.npmjs.org/entities/-/entities-7.0.1.tgz 3245ms (cache miss)
2382 http fetch GET 200 https://registry.npmjs.org/lru-cache/-/lru-cache-11.5.2.tgz 3510ms (cache miss)
2383 http fetch GET 200 https://registry.npmjs.org/web-streams-polyfill/-/web-streams-polyfill-3.3.3.tgz 3561ms (cache miss)
2384 http fetch GET 200 https://registry.npmjs.org/gifwrap/-/gifwrap-0.10.1.tgz 3618ms (cache miss)
2385 http fetch GET 200 https://registry.npmjs.org/pino/-/pino-10.3.1.tgz 3651ms (cache miss)
2386 http fetch GET 200 https://registry.npmjs.org/pino/-/pino-9.14.0.tgz 3659ms (cache miss)
2387 http fetch GET 200 https://registry.npmjs.org/music-metadata/-/music-metadata-11.15.0.tgz 3724ms (cache miss)
2388 http fetch GET 200 https://registry.npmjs.org/@jimp/plugin-print/-/plugin-print-1.6.1.tgz 3753ms (cache miss)
2389 http fetch GET 200 https://registry.npmjs.org/image-q/-/image-q-4.0.0.tgz 3783ms (cache miss)
2390 http fetch GET 200 https://registry.npmjs.org/undici/-/undici-7.29.1.tgz 3878ms (cache miss)
2391 http fetch GET 200 https://registry.npmjs.org/cheerio/-/cheerio-1.2.0.tgz 3908ms (cache miss)
2392 http fetch GET 200 https://registry.npmjs.org/@img/sharp-libvips-linux-arm64/-/sharp-libvips-linux-arm64-1.3.3.tgz 3892ms (cache miss)
2393 http fetch GET 200 https://registry.npmjs.org/fluent-ffmpeg/-/fluent-ffmpeg-2.1.3.tgz 3855ms (cache miss)
2394 warn deprecated fluent-ffmpeg@2.1.3: Package no longer supported. Contact Support at https://www.npmjs.com/support for more info.
2395 http fetch GET 200 https://registry.npmjs.org/moment/-/moment-2.30.1.tgz 4064ms (cache miss)
2396 http fetch GET 200 https://registry.npmjs.org/zod/-/zod-3.25.76.tgz 4234ms (cache miss)
2397 http fetch GET 200 https://codeload.github.com/Andresv27728/baileys-beta/tar.gz/5852a807a7547fd4fc0fd697634b9b7dd35bc4a2 4031ms (cache miss)
2398 silly packumentCache heap:1822162944 maxSize:455540736 maxEntrySize:227770368
2399 info run protobufjs@7.6.6 postinstall node_modules/protobufjs node scripts/postinstall
2400 info run protobufjs@7.6.6 postinstall { code: 0, signal: null }
2401 silly ADD node_modules/has-flag
2402 silly ADD node_modules/supports-color
2403 silly ADD node_modules/mimic-fn
2404 silly ADD node_modules/signal-exit
2405 silly ADD node_modules/onetime
2406 silly ADD node_modules/concat-map
2407 silly ADD node_modules/balanced-match
2408 silly ADD node_modules/brace-expansion
2409 silly ADD node_modules/minimatch
2410 silly ADD node_modules/ttys
2411 silly ADD node_modules/restore-cursor
2412 silly ADD node_modules/redstar
2413 silly ADD node_modules/picocolors
2414 silly ADD node_modules/keypress
2415 silly ADD node_modules/@jsep-plugin/regex
2416 silly ADD node_modules/jsep
2417 silly ADD node_modules/@jsep-plugin/assignment
2418 silly ADD node_modules/safer-buffer
2419 silly ADD node_modules/whatwg-encoding
2420 silly ADD node_modules/iconv-lite
2421 silly ADD node_modules/entities
2422 silly ADD node_modules/nth-check
2423 silly ADD node_modules/domelementtype
2424 silly ADD node_modules/css-what
2425 silly ADD node_modules/css-select
2426 silly ADD node_modules/boolbase
2427 silly ADD node_modules/whatwg-mimetype
2428 silly ADD node_modules/undici
2429 silly ADD node_modules/parse5-parser-stream
2430 silly ADD node_modules/parse5-htmlparser2-tree-adapter
2431 silly ADD node_modules/parse5
2432 silly ADD node_modules/parse5/node_modules/entities
2433 silly ADD node_modules/htmlparser2
2434 silly ADD node_modules/htmlparser2/node_modules/entities
2435 silly ADD node_modules/encoding-sniffer
2436 silly ADD node_modules/domutils
2437 silly ADD node_modules/domhandler
2438 silly ADD node_modules/dom-serializer
2439 silly ADD node_modules/cheerio-select
2440 silly ADD node_modules/async.util.restparam
2441 silly ADD node_modules/async.util.isarray
2442 silly ADD node_modules/async.util.keys
2443 silly ADD node_modules/async.util.isarraylike
2444 silly ADD node_modules/async.util.onlyonce
2445 silly ADD node_modules/async.util.once
2446 silly ADD node_modules/async.util.noop
2447 silly ADD node_modules/async.util.keyiterator
2448 silly ADD node_modules/async.util.parallel
2449 silly ADD node_modules/async.util.eachoflimit
2450 silly ADD node_modules/node-fzf
2451 silly ADD node_modules/node-fzf/node_modules/ansi-regex
2452 silly ADD node_modules/node-fzf/node_modules/strip-ansi
2453 silly ADD node_modules/node-fzf/node_modules/is-fullwidth-code-point
2454 silly ADD node_modules/node-fzf/node_modules/string-width
2455 silly ADD node_modules/minimist
2456 silly ADD node_modules/jsonpath-plus
2457 silly ADD node_modules/human-time
2458 silly ADD node_modules/dasu
2459 silly ADD node_modules/cheerio
2460 silly ADD node_modules/boolstring
2461 silly ADD node_modules/async.parallellimit
2462 silly ADD node_modules/camelcase
2463 silly ADD node_modules/color-name
2464 silly ADD node_modules/color-convert
2465 silly ADD node_modules/ansi-styles
2466 silly ADD node_modules/ansi-regex
2467 silly ADD node_modules/is-fullwidth-code-point
2468 silly ADD node_modules/emoji-regex
2469 silly ADD node_modules/p-try
2470 silly ADD node_modules/p-limit
2471 silly ADD node_modules/p-locate
2472 silly ADD node_modules/path-exists
2473 silly ADD node_modules/locate-path
2474 silly ADD node_modules/wrap-ansi
2475 silly ADD node_modules/strip-ansi
2476 silly ADD node_modules/yargs-parser
2477 silly ADD node_modules/y18n
2478 silly ADD node_modules/which-module
2479 silly ADD node_modules/string-width
2480 silly ADD node_modules/set-blocking
2481 silly ADD node_modules/require-main-filename
2482 silly ADD node_modules/require-directory
2483 silly ADD node_modules/get-caller-file
2484 silly ADD node_modules/find-up
2485 silly ADD node_modules/decamelize
2486 silly ADD node_modules/cliui
2487 silly ADD node_modules/xmlbuilder
2488 silly ADD node_modules/sax
2489 silly ADD node_modules/isexe
2490 silly ADD node_modules/pako
2491 silly ADD node_modules/ieee754
2492 silly ADD node_modules/@types/tinycolor2
2493 silly ADD node_modules/xtend
2494 silly ADD node_modules/acorn-walk
2495 silly ADD node_modules/acorn
2496 silly ADD node_modules/acorn-node
2497 silly ADD node_modules/semver
2498 silly ADD node_modules/detect-libc
2499 silly ADD node_modules/@img/sharp-linux-arm64
2500 silly ADD node_modules/@img/sharp-libvips-linux-arm64
2501 silly ADD node_modules/@img/colour
2502 silly ADD node_modules/yargs
2503 silly ADD node_modules/dijkstrajs
2504 silly ADD node_modules/long
2505 silly ADD node_modules/@protobufjs/utf8
2506 silly ADD node_modules/@protobufjs/pool
2507 silly ADD node_modules/@protobufjs/path
2508 silly ADD node_modules/@protobufjs/float
2509 silly ADD node_modules/@protobufjs/fetch
2510 silly ADD node_modules/@protobufjs/eventemitter
2511 silly ADD node_modules/@protobufjs/codegen
2512 silly ADD node_modules/@protobufjs/base64
2513 silly ADD node_modules/@protobufjs/aspromise
2514 silly ADD node_modules/split2
2515 silly ADD node_modules/thread-stream
2516 silly ADD node_modules/thread-stream/node_modules/real-require
2517 silly ADD node_modules/sonic-boom
2518 silly ADD node_modules/safe-stable-stringify
2519 silly ADD node_modules/real-require
2520 silly ADD node_modules/quick-format-unescaped
2521 silly ADD node_modules/process-warning
2522 silly ADD node_modules/pino-std-serializers
2523 silly ADD node_modules/pino-abstract-transport
2524 silly ADD node_modules/on-exit-leak-free
2525 silly ADD node_modules/atomic-sleep
2526 silly ADD node_modules/@pinojs/redact
2527 silly ADD node_modules/xml2js
2528 silly ADD node_modules/xml-parse-from-string
2529 silly ADD node_modules/p-timeout
2530 silly ADD node_modules/eventemitter3
2531 silly ADD node_modules/web-streams-polyfill
2532 silly ADD node_modules/node-domexception
2533 silly ADD node_modules/formdata-polyfill
2534 silly ADD node_modules/fetch-blob
2535 silly ADD node_modules/data-uri-to-buffer
2536 silly ADD node_modules/clone
2537 silly ADD node_modules/win-guid
2538 silly ADD node_modules/media-typer
2539 silly ADD node_modules/content-type
2540 silly ADD node_modules/@tokenizer/token
2541 silly ADD node_modules/@borewit/text-codec
2542 silly ADD node_modules/mime-db
2543 silly ADD node_modules/curve25519-js
2544 silly ADD node_modules/@keyv/serialize
2545 silly ADD node_modules/@types/node
2546 silly ADD node_modules/uint8array-extras
2547 silly ADD node_modules/token-types
2548 silly ADD node_modules/strtok3
2549 silly ADD node_modules/@tokenizer/inflate
2550 silly ADD node_modules/image-q
2551 silly ADD node_modules/simple-xml-to-json
2552 silly ADD node_modules/parse-bmfont-xml
2553 silly ADD node_modules/parse-bmfont-binary
2554 silly ADD node_modules/parse-bmfont-ascii
2555 silly ADD node_modules/any-base
2556 silly ADD node_modules/tinycolor2
2557 silly ADD node_modules/zod
2558 silly ADD node_modules/utif2
2559 silly ADD node_modules/pngjs
2560 silly ADD node_modules/jpeg-js
2561 silly ADD node_modules/omggif
2562 silly ADD node_modules/gifwrap
2563 silly ADD node_modules/bmp-ts
2564 silly ADD node_modules/pixelmatch
2565 silly ADD node_modules/pixelmatch/node_modules/pngjs
2566 silly ADD node_modules/mime
2567 silly ADD node_modules/file-type
2568 silly ADD node_modules/exif-parser
2569 silly ADD node_modules/await-to-js
2570 silly ADD node_modules/@jimp/file-ops
2571 silly ADD node_modules/@jimp/utils
2572 silly ADD node_modules/@jimp/types
2573 silly ADD node_modules/@jimp/plugin-threshold
2574 silly ADD node_modules/@jimp/plugin-rotate
2575 silly ADD node_modules/@jimp/plugin-resize
2576 silly ADD node_modules/@jimp/plugin-quantize
2577 silly ADD node_modules/@jimp/plugin-print
2578 silly ADD node_modules/@jimp/plugin-mask
2579 silly ADD node_modules/@jimp/plugin-hash
2580 silly ADD node_modules/@jimp/plugin-flip
2581 silly ADD node_modules/@jimp/plugin-fisheye
2582 silly ADD node_modules/@jimp/plugin-dither
2583 silly ADD node_modules/@jimp/plugin-displace
2584 silly ADD node_modules/@jimp/plugin-crop
2585 silly ADD node_modules/@jimp/plugin-cover
2586 silly ADD node_modules/@jimp/plugin-contain
2587 silly ADD node_modules/@jimp/plugin-color
2588 silly ADD node_modules/@jimp/plugin-circle
2589 silly ADD node_modules/@jimp/plugin-blur
2590 silly ADD node_modules/@jimp/plugin-blit
2591 silly ADD node_modules/@jimp/js-tiff
2592 silly ADD node_modules/@jimp/js-png
2593 silly ADD node_modules/@jimp/js-jpeg
2594 silly ADD node_modules/@jimp/js-gif
2595 silly ADD node_modules/@jimp/js-bmp
2596 silly ADD node_modules/@jimp/diff
2597 silly ADD node_modules/@jimp/core
2598 silly ADD node_modules/ms
2599 silly ADD node_modules/debug
2600 silly ADD node_modules/agent-base
2601 silly ADD node_modules/tinygradient
2602 silly ADD node_modules/dunder-proto
2603 silly ADD node_modules/math-intrinsics
2604 silly ADD node_modules/has-symbols
2605 silly ADD node_modules/gopd
2606 silly ADD node_modules/get-proto
2607 silly ADD node_modules/function-bind
2608 silly ADD node_modules/es-object-atoms
2609 silly ADD node_modules/es-define-property
2610 silly ADD node_modules/call-bind-apply-helpers
2611 silly ADD node_modules/has-tostringtag
2612 silly ADD node_modules/get-intrinsic
2613 silly ADD node_modules/es-errors
2614 silly ADD node_modules/delayed-stream
2615 silly ADD node_modules/hasown
2616 silly ADD node_modules/es-set-tostringtag
2617 silly ADD node_modules/combined-stream
2618 silly ADD node_modules/asynckit
2619 silly ADD node_modules/which
2620 silly ADD node_modules/async
2621 silly ADD node_modules/hashery
2622 silly ADD node_modules/@keyv/bigmap
2623 silly ADD node_modules/qified
2624 silly ADD node_modules/qified/node_modules/hookified
2625 silly ADD node_modules/@cacheable/utils
2626 silly ADD node_modules/@cacheable/memory
2627 silly ADD node_modules/proxy-from-env
2628 silly ADD node_modules/https-proxy-agent
2629 silly ADD node_modules/follow-redirects
2630 silly ADD node_modules/tslib
2631 silly ADD node_modules/keyv
2632 silly ADD node_modules/hookified
2633 silly ADD node_modules/cacheable
2634 silly ADD node_modules/ws
2635 silly ADD node_modules/whatsapp-rust-bridge
2636 silly ADD node_modules/protobufjs
2637 silly ADD node_modules/p-queue
2638 silly ADD node_modules/music-metadata
2639 silly ADD node_modules/lru-cache
2640 silly ADD node_modules/libsignal
2641 silly ADD node_modules/fflate
2642 silly ADD node_modules/async-mutex
2643 silly ADD node_modules/@cacheable/node-cache
2644 silly ADD node_modules/@hapi/hoek
2645 silly ADD node_modules/yt-search
2646 silly ADD node_modules/uuid
2647 silly ADD node_modules/syntax-error
2648 silly ADD node_modules/readline-sync
2649 silly ADD node_modules/qrcode-terminal
2650 silly ADD node_modules/qrcode
2651 silly ADD node_modules/qrcode/node_modules/pngjs
2652 silly ADD node_modules/pino
2653 silly ADD node_modules/node-webpmux
2654 silly ADD node_modules/node-fetch
2655 silly ADD node_modules/node-cache
2656 silly ADD node_modules/moment-timezone
2657 silly ADD node_modules/moment
2658 silly ADD node_modules/mime-types
2659 silly ADD node_modules/jimp
2660 silly ADD node_modules/human-readable
2661 silly ADD node_modules/grapheme-splitter
2662 silly ADD node_modules/gradient-string
2663 silly ADD node_modules/gradient-string/node_modules/chalk
2664 silly ADD node_modules/form-data
2665 silly ADD node_modules/form-data/node_modules/mime-db
2666 silly ADD node_modules/form-data/node_modules/mime-types
2667 silly ADD node_modules/fluent-ffmpeg
2668 silly ADD node_modules/chalk
2669 silly ADD node_modules/axios
2670 silly ADD node_modules/sharp
2671 silly ADD node_modules/@whiskeysockets/baileys
2672 silly ADD node_modules/@whiskeysockets/baileys/node_modules/thread-stream
2673 silly ADD node_modules/@whiskeysockets/baileys/node_modules/pino-abstract-transport
2674 silly ADD node_modules/@whiskeysockets/baileys/node_modules/@hapi/hoek
2675 silly ADD node_modules/@whiskeysockets/baileys/node_modules/pino
2676 silly ADD node_modules/@whiskeysockets/baileys/node_modules/@hapi/boom
2677 silly ADD node_modules/@hapi/boom
2678 warn allow-scripts 1 package has install scripts not yet covered by allowScripts:
2678 warn allow-scripts   protobufjs@7.6.6 (postinstall: node scripts/postinstall)
2678 warn allow-scripts
2678 warn allow-scripts Run `npm install-scripts ls` to review, or `npm install-scripts approve <pkg>` to allow.
2679 verbose cwd /home/container
2680 verbose os Linux 6.17.0-1013-azure
2681 verbose node v23.11.1
2682 verbose npm  v11.18.0
2683 verbose exit 0
2684 info ok
