0 verbose cli /usr/local/bin/node /usr/local/lib/node_modules/npm/bin/npm-cli.js
1 info using npm@11.18.0
2 info using node@v23.11.1
3 silly config load:file:/usr/local/lib/node_modules/npm/npmrc
4 silly config load:file:/home/container/.npm/_cacache/tmp/git-clone78jpT4/.npmrc
5 silly config load:file:/home/container/.npmrc
6 silly config load:file:/usr/local/etc/npmrc
7 verbose title npm install
8 verbose argv "install" "--force" "--cache" "/home/container/.npm" "--prefer-offline" "false" "--prefer-online" "false" "--offline" "false" "--no-progress" "--no-save" "--no-audit" "--include" "dev" "--include" "peer" "--include" "optional" "--no-package-lock-only" "--no-dry-run"
9 verbose logfile logs-max:10 dir:/home/container/.npm/_logs/2026-09-07T15_11_26_016Z-
10 verbose logfile /home/container/.npm/_logs/2026-09-07T15_11_26_016Z-debug-0.log
11 warn using --force Recommended protections disabled.
12 silly logfile done cleaning log files
13 silly packumentCache heap:1822162944 maxSize:455540736 maxEntrySize:227770368
14 silly idealTree buildDeps
15 silly fetch manifest sharp@*
16 silly packumentCache full:https://registry.npmjs.org/sharp cache-miss
17 http cache https://registry.npmjs.org/sharp 11ms (cache hit)
18 silly packumentCache full:https://registry.npmjs.org/sharp set size:1221057 disposed:false
19 silly fetch manifest @cacheable/node-cache@^1.4.0
20 silly packumentCache full:https://registry.npmjs.org/@cacheable%2fnode-cache cache-miss
21 http cache https://registry.npmjs.org/@cacheable%2fnode-cache 4ms (cache hit)
22 silly packumentCache full:https://registry.npmjs.org/@cacheable%2fnode-cache set size:83531 disposed:false
23 silly fetch manifest @hapi/boom@^9.1.3
24 silly packumentCache full:https://registry.npmjs.org/@hapi%2fboom cache-miss
25 http cache https://registry.npmjs.org/@hapi%2fboom 4ms (cache hit)
26 silly packumentCache full:https://registry.npmjs.org/@hapi%2fboom set size:56775 disposed:false
27 silly fetch manifest async-mutex@^0.5.0
28 silly packumentCache full:https://registry.npmjs.org/async-mutex cache-miss
29 http cache https://registry.npmjs.org/async-mutex 7ms (cache hit)
30 silly packumentCache full:https://registry.npmjs.org/async-mutex set size:76106 disposed:false
31 silly fetch manifest fflate@^0.8.0
32 silly packumentCache full:https://registry.npmjs.org/fflate cache-miss
33 http cache https://registry.npmjs.org/fflate 3ms (cache hit)
34 silly packumentCache full:https://registry.npmjs.org/fflate set size:220550 disposed:false
35 silly fetch manifest libsignal@git+https://github.com/whiskeysockets/libsignal-node
36 silly fetch manifest lru-cache@^11.1.0
37 silly packumentCache full:https://registry.npmjs.org/lru-cache cache-miss
38 http cache https://registry.npmjs.org/lru-cache 3ms (cache hit)
39 silly packumentCache full:https://registry.npmjs.org/lru-cache set size:460407 disposed:false
40 silly fetch manifest music-metadata@^11.7.0
41 silly packumentCache full:https://registry.npmjs.org/music-metadata cache-miss
42 http cache https://registry.npmjs.org/music-metadata 5ms (cache hit)
43 silly packumentCache full:https://registry.npmjs.org/music-metadata set size:1288165 disposed:false
44 silly fetch manifest p-queue@^9.0.0
45 silly packumentCache full:https://registry.npmjs.org/p-queue cache-miss
46 http cache https://registry.npmjs.org/p-queue 6ms (cache hit)
47 silly packumentCache full:https://registry.npmjs.org/p-queue set size:187782 disposed:false
48 silly fetch manifest pino@^9.6
49 silly packumentCache full:https://registry.npmjs.org/pino cache-miss
50 http cache https://registry.npmjs.org/pino 6ms (cache hit)
51 silly packumentCache full:https://registry.npmjs.org/pino set size:1274398 disposed:false
52 silly fetch manifest protobufjs@^7.2.4
53 silly packumentCache full:https://registry.npmjs.org/protobufjs cache-miss
54 http cache https://registry.npmjs.org/protobufjs 4ms (cache hit)
55 silly packumentCache full:https://registry.npmjs.org/protobufjs set size:760935 disposed:false
56 silly fetch manifest whatsapp-rust-bridge@0.5.2
57 silly packumentCache full:https://registry.npmjs.org/whatsapp-rust-bridge cache-miss
58 http cache https://registry.npmjs.org/whatsapp-rust-bridge 9ms (cache hit)
59 silly packumentCache full:https://registry.npmjs.org/whatsapp-rust-bridge set size:247770 disposed:false
60 silly fetch manifest ws@^8.13.0
61 silly packumentCache full:https://registry.npmjs.org/ws cache-miss
62 http cache https://registry.npmjs.org/ws 8ms (cache hit)
63 silly packumentCache full:https://registry.npmjs.org/ws set size:447661 disposed:false
64 silly fetch manifest bufferutil@^4.0.1
65 silly packumentCache full:https://registry.npmjs.org/bufferutil cache-miss
66 http cache https://registry.npmjs.org/bufferutil 2ms (cache hit)
67 silly packumentCache full:https://registry.npmjs.org/bufferutil set size:52668 disposed:false
68 silly fetch manifest utf-8-validate@>=5.0.2
69 silly packumentCache full:https://registry.npmjs.org/utf-8-validate cache-miss
70 http cache https://registry.npmjs.org/utf-8-validate 4ms (cache hit)
71 silly packumentCache full:https://registry.npmjs.org/utf-8-validate set size:77012 disposed:false
72 silly fetch manifest @types/node@^20.9.0
73 silly packumentCache full:https://registry.npmjs.org/@types%2fnode cache-miss
74 http cache https://registry.npmjs.org/@types%2fnode 16ms (cache hit)
75 silly packumentCache full:https://registry.npmjs.org/@types%2fnode set size:11103927 disposed:false
76 silly fetch manifest @types/ws@^8.0.0
77 silly packumentCache full:https://registry.npmjs.org/@types%2fws cache-miss
78 http fetch GET 200 https://registry.npmjs.org/@types%2fws 92ms (cache miss)
79 silly packumentCache full:https://registry.npmjs.org/@types%2fws set size:undefined disposed:false
80 silly fetch manifest javascript-obfuscator@^5.4.1
81 silly packumentCache full:https://registry.npmjs.org/javascript-obfuscator cache-miss
82 http fetch GET 200 https://registry.npmjs.org/javascript-obfuscator 82ms (cache miss)
83 silly packumentCache full:https://registry.npmjs.org/javascript-obfuscator set size:undefined disposed:false
84 silly fetch manifest link-preview-js@^3.0.0
85 silly packumentCache full:https://registry.npmjs.org/link-preview-js cache-miss
86 http cache https://registry.npmjs.org/link-preview-js 2ms (cache hit)
87 silly packumentCache full:https://registry.npmjs.org/link-preview-js set size:160103 disposed:false
88 silly fetch manifest protobufjs-cli@^2.0.1
89 silly packumentCache full:https://registry.npmjs.org/protobufjs-cli cache-miss
90 http fetch GET 200 https://registry.npmjs.org/protobufjs-cli 32ms (cache miss)
91 silly packumentCache full:https://registry.npmjs.org/protobufjs-cli set size:undefined disposed:false
92 silly fetch manifest protobufjs@^8.8.0
93 silly packumentCache full:https://registry.npmjs.org/protobufjs cache-hit
94 silly fetch manifest tsc-esm-fix@^3.1.2
95 silly packumentCache full:https://registry.npmjs.org/tsc-esm-fix cache-miss
96 http fetch GET 200 https://registry.npmjs.org/tsc-esm-fix 42ms (cache miss)
97 silly packumentCache full:https://registry.npmjs.org/tsc-esm-fix set size:undefined disposed:false
98 silly fetch manifest typescript@^5.8.2
99 silly packumentCache full:https://registry.npmjs.org/typescript cache-miss
100 http fetch GET 200 https://registry.npmjs.org/typescript 316ms (cache miss)
101 silly packumentCache full:https://registry.npmjs.org/typescript set size:undefined disposed:false
102 silly placeDep ROOT @cacheable/node-cache@1.7.6 OK for: yo-soy-yo-baileys@0.7.14 want: ^1.4.0
103 silly placeDep ROOT @hapi/boom@9.1.4 OK for: yo-soy-yo-baileys@0.7.14 want: ^9.1.3
104 silly placeDep ROOT @types/node@20.19.43 OK for: yo-soy-yo-baileys@0.7.14 want: ^20.9.0
105 silly placeDep ROOT @types/ws@8.18.1 OK for: yo-soy-yo-baileys@0.7.14 want: ^8.0.0
106 silly placeDep ROOT async-mutex@0.5.0 OK for: yo-soy-yo-baileys@0.7.14 want: ^0.5.0
107 silly placeDep ROOT fflate@0.8.3 OK for: yo-soy-yo-baileys@0.7.14 want: ^0.8.0
108 silly placeDep ROOT javascript-obfuscator@5.6.0 OK for: yo-soy-yo-baileys@0.7.14 want: ^5.4.1
109 silly placeDep ROOT libsignal@6.0.0 OK for: yo-soy-yo-baileys@0.7.14 want: git+https://github.com/whiskeysockets/libsignal-node
110 silly placeDep ROOT link-preview-js@3.2.0 OK for: yo-soy-yo-baileys@0.7.14 want: ^3.0.0
111 silly placeDep ROOT lru-cache@11.5.2 OK for: yo-soy-yo-baileys@0.7.14 want: ^11.1.0
112 silly placeDep ROOT music-metadata@11.15.0 OK for: yo-soy-yo-baileys@0.7.14 want: ^11.7.0
113 silly placeDep ROOT p-queue@9.3.3 OK for: yo-soy-yo-baileys@0.7.14 want: ^9.0.0
114 silly placeDep ROOT pino@9.14.0 OK for: yo-soy-yo-baileys@0.7.14 want: ^9.6
115 silly placeDep ROOT protobufjs@7.6.6 OK for: yo-soy-yo-baileys@0.7.14 want: ^7.2.4
116 silly placeDep ROOT protobufjs-cli@2.7.0 OK for: yo-soy-yo-baileys@0.7.14 want: ^2.0.1
117 silly placeDep ROOT sharp@0.35.4 OK for: yo-soy-yo-baileys@0.7.14 want: *
118 silly placeDep ROOT tsc-esm-fix@3.1.2 OK for: yo-soy-yo-baileys@0.7.14 want: ^3.1.2
119 silly placeDep ROOT typescript@5.9.3 OK for: yo-soy-yo-baileys@0.7.14 want: ^5.8.2
120 silly placeDep ROOT whatsapp-rust-bridge@0.5.2 OK for: yo-soy-yo-baileys@0.7.14 want: 0.5.2
121 silly placeDep ROOT ws@8.21.3 OK for: yo-soy-yo-baileys@0.7.14 want: ^8.13.0
122 silly fetch manifest keyv@^5.5.5
123 silly packumentCache full:https://registry.npmjs.org/keyv cache-miss
124 http cache https://registry.npmjs.org/keyv 2ms (cache hit)
125 silly packumentCache full:https://registry.npmjs.org/keyv set size:227033 disposed:false
126 silly fetch manifest cacheable@^2.3.1
127 silly packumentCache full:https://registry.npmjs.org/cacheable cache-miss
128 http cache https://registry.npmjs.org/cacheable 1ms (cache hit)
129 silly packumentCache full:https://registry.npmjs.org/cacheable set size:120061 disposed:false
130 silly fetch manifest hookified@^1.14.0
131 silly packumentCache full:https://registry.npmjs.org/hookified cache-miss
132 http cache https://registry.npmjs.org/hookified 2ms (cache hit)
133 silly packumentCache full:https://registry.npmjs.org/hookified set size:164181 disposed:false
134 silly fetch manifest @hapi/hoek@9.x.x
135 silly packumentCache full:https://registry.npmjs.org/@hapi%2fhoek cache-miss
136 http cache https://registry.npmjs.org/@hapi%2fhoek 2ms (cache hit)
137 silly packumentCache full:https://registry.npmjs.org/@hapi%2fhoek set size:122440 disposed:false
138 silly fetch manifest undici-types@~6.21.0
139 silly packumentCache full:https://registry.npmjs.org/undici-types cache-miss
140 http fetch GET 200 https://registry.npmjs.org/undici-types 38ms (cache miss)
141 silly packumentCache full:https://registry.npmjs.org/undici-types set size:undefined disposed:false
142 silly fetch manifest tslib@^2.4.0
143 silly packumentCache full:https://registry.npmjs.org/tslib cache-miss
144 http cache https://registry.npmjs.org/tslib 2ms (cache hit)
145 silly packumentCache full:https://registry.npmjs.org/tslib set size:108843 disposed:false
146 silly fetch manifest md5@2.3.0
147 silly packumentCache full:https://registry.npmjs.org/md5 cache-miss
148 http fetch GET 200 https://registry.npmjs.org/md5 23ms (cache miss)
149 silly packumentCache full:https://registry.npmjs.org/md5 set size:undefined disposed:false
150 silly fetch manifest acorn@8.15.0
151 silly packumentCache full:https://registry.npmjs.org/acorn cache-miss
152 http cache https://registry.npmjs.org/acorn 3ms (cache hit)
153 silly packumentCache full:https://registry.npmjs.org/acorn set size:383439 disposed:false
154 silly fetch manifest chalk@4.1.2
155 silly packumentCache full:https://registry.npmjs.org/chalk cache-miss
156 http cache https://registry.npmjs.org/chalk 2ms (cache hit)
157 silly packumentCache full:https://registry.npmjs.org/chalk set size:134775 disposed:false
158 silly fetch manifest tslib@2.8.1
159 silly packumentCache full:https://registry.npmjs.org/tslib cache-hit
160 silly fetch manifest assert@2.1.0
161 silly packumentCache full:https://registry.npmjs.org/assert cache-miss
162 http fetch GET 200 https://registry.npmjs.org/assert 26ms (cache miss)
163 silly packumentCache full:https://registry.npmjs.org/assert set size:undefined disposed:false
164 silly fetch manifest chance@1.1.13
165 silly packumentCache full:https://registry.npmjs.org/chance cache-miss
166 http fetch GET 200 https://registry.npmjs.org/chance 37ms (cache miss)
167 silly packumentCache full:https://registry.npmjs.org/chance set size:undefined disposed:false
168 silly fetch manifest process@0.11.10
169 silly packumentCache full:https://registry.npmjs.org/process cache-miss
170 http fetch GET 200 https://registry.npmjs.org/process 28ms (cache miss)
171 silly packumentCache full:https://registry.npmjs.org/process set size:undefined disposed:false
172 silly fetch manifest stringz@2.1.0
173 silly packumentCache full:https://registry.npmjs.org/stringz cache-miss
174 http fetch GET 200 https://registry.npmjs.org/stringz 25ms (cache miss)
175 silly packumentCache full:https://registry.npmjs.org/stringz set size:undefined disposed:false
176 silly fetch manifest commander@12.1.0
177 silly packumentCache full:https://registry.npmjs.org/commander cache-miss
178 http fetch GET 200 https://registry.npmjs.org/commander 44ms (cache miss)
179 silly packumentCache full:https://registry.npmjs.org/commander set size:undefined disposed:false
180 silly fetch manifest env-paths@4.0.0
181 silly packumentCache full:https://registry.npmjs.org/env-paths cache-miss
182 http fetch GET 200 https://registry.npmjs.org/env-paths 27ms (cache miss)
183 silly packumentCache full:https://registry.npmjs.org/env-paths set size:undefined disposed:false
184 silly fetch manifest inversify@7.11.0
185 silly packumentCache full:https://registry.npmjs.org/inversify cache-miss
186 http fetch GET 200 https://registry.npmjs.org/inversify 41ms (cache miss)
187 silly packumentCache full:https://registry.npmjs.org/inversify set size:undefined disposed:false
188 silly fetch manifest multimatch@5.0.0
189 silly packumentCache full:https://registry.npmjs.org/multimatch cache-miss
190 http fetch GET 200 https://registry.npmjs.org/multimatch 26ms (cache miss)
191 silly packumentCache full:https://registry.npmjs.org/multimatch set size:undefined disposed:false
192 silly fetch manifest @vercel/blob@>=0.23.0
193 silly packumentCache full:https://registry.npmjs.org/@vercel%2fblob cache-miss
194 http fetch GET 200 https://registry.npmjs.org/@vercel%2fblob 68ms (cache miss)
195 silly packumentCache full:https://registry.npmjs.org/@vercel%2fblob set size:undefined disposed:false
196 silly fetch manifest eslint-scope@8.4.0
197 silly packumentCache full:https://registry.npmjs.org/eslint-scope cache-miss
198 http fetch GET 200 https://registry.npmjs.org/eslint-scope 27ms (cache miss)
199 silly packumentCache full:https://registry.npmjs.org/eslint-scope set size:undefined disposed:false
200 silly fetch manifest class-validator@0.14.3
201 silly packumentCache full:https://registry.npmjs.org/class-validator cache-miss
202 http fetch GET 200 https://registry.npmjs.org/class-validator 33ms (cache miss)
203 silly packumentCache full:https://registry.npmjs.org/class-validator set size:undefined disposed:false
204 silly fetch manifest fast-deep-equal@3.1.3
205 silly packumentCache full:https://registry.npmjs.org/fast-deep-equal cache-miss
206 http fetch GET 200 https://registry.npmjs.org/fast-deep-equal 24ms (cache miss)
207 silly packumentCache full:https://registry.npmjs.org/fast-deep-equal set size:undefined disposed:false
208 silly fetch manifest string-template@1.0.0
209 silly packumentCache full:https://registry.npmjs.org/string-template cache-miss
210 http fetch GET 200 https://registry.npmjs.org/string-template 22ms (cache miss)
211 silly packumentCache full:https://registry.npmjs.org/string-template set size:undefined disposed:false
212 silly fetch manifest js-string-escape@1.0.1
213 silly packumentCache full:https://registry.npmjs.org/js-string-escape cache-miss
214 http fetch GET 200 https://registry.npmjs.org/js-string-escape 24ms (cache miss)
215 silly packumentCache full:https://registry.npmjs.org/js-string-escape set size:undefined disposed:false
216 silly fetch manifest reflect-metadata@0.2.2
217 silly packumentCache full:https://registry.npmjs.org/reflect-metadata cache-miss
218 http fetch GET 200 https://registry.npmjs.org/reflect-metadata 25ms (cache miss)
219 silly packumentCache full:https://registry.npmjs.org/reflect-metadata set size:undefined disposed:false
220 silly fetch manifest eslint-visitor-keys@4.2.1
221 silly packumentCache full:https://registry.npmjs.org/eslint-visitor-keys cache-miss
222 http fetch GET 200 https://registry.npmjs.org/eslint-visitor-keys 43ms (cache miss)
223 silly packumentCache full:https://registry.npmjs.org/eslint-visitor-keys set size:undefined disposed:false
224 silly fetch manifest acorn-import-attributes@^1.9.5
225 silly packumentCache full:https://registry.npmjs.org/acorn-import-attributes cache-miss
226 http fetch GET 200 https://registry.npmjs.org/acorn-import-attributes 25ms (cache miss)
227 silly packumentCache full:https://registry.npmjs.org/acorn-import-attributes set size:undefined disposed:false
228 silly fetch manifest @javascript-obfuscator/escodegen@2.4.2
229 silly packumentCache full:https://registry.npmjs.org/@javascript-obfuscator%2fescodegen cache-miss
230 http fetch GET 200 https://registry.npmjs.org/@javascript-obfuscator%2fescodegen 189ms (cache miss)
231 silly packumentCache full:https://registry.npmjs.org/@javascript-obfuscator%2fescodegen set size:undefined disposed:false
232 silly fetch manifest @javascript-obfuscator/estraverse@5.4.0
233 silly packumentCache full:https://registry.npmjs.org/@javascript-obfuscator%2festraverse cache-miss
234 http fetch GET 200 https://registry.npmjs.org/@javascript-obfuscator%2festraverse 37ms (cache miss)
235 silly packumentCache full:https://registry.npmjs.org/@javascript-obfuscator%2festraverse set size:undefined disposed:false
236 silly fetch manifest curve25519-js@^0.0.4
237 silly packumentCache full:https://registry.npmjs.org/curve25519-js cache-miss
238 http cache https://registry.npmjs.org/curve25519-js 2ms (cache hit)
239 silly packumentCache full:https://registry.npmjs.org/curve25519-js set size:15295 disposed:false
240 silly fetch manifest protobufjs@^7.5.5
241 silly packumentCache full:https://registry.npmjs.org/protobufjs cache-hit
242 silly fetch manifest url@0.11.0
243 silly packumentCache full:https://registry.npmjs.org/url cache-miss
244 http fetch GET 200 https://registry.npmjs.org/url 24ms (cache miss)
245 silly packumentCache full:https://registry.npmjs.org/url set size:undefined disposed:false
246 silly fetch manifest cheerio@1.0.0-rc.11
247 silly packumentCache full:https://registry.npmjs.org/cheerio cache-miss
248 http cache https://registry.npmjs.org/cheerio 2ms (cache hit)
249 silly packumentCache full:https://registry.npmjs.org/cheerio set size:169055 disposed:false
250 silly fetch manifest debug@^4.4.3
251 silly packumentCache full:https://registry.npmjs.org/debug cache-miss
252 http cache https://registry.npmjs.org/debug 2ms (cache hit)
253 silly packumentCache full:https://registry.npmjs.org/debug set size:195840 disposed:false
254 silly fetch manifest strtok3@^10.3.5
255 silly packumentCache full:https://registry.npmjs.org/strtok3 cache-miss
256 http cache https://registry.npmjs.org/strtok3 2ms (cache hit)
257 silly packumentCache full:https://registry.npmjs.org/strtok3 set size:412240 disposed:false
258 silly fetch manifest win-guid@^0.2.1
259 silly packumentCache full:https://registry.npmjs.org/win-guid cache-miss
260 http cache https://registry.npmjs.org/win-guid 2ms (cache hit)
261 silly packumentCache full:https://registry.npmjs.org/win-guid set size:11017 disposed:false
262 silly fetch manifest file-type@^21.3.4
263 silly packumentCache full:https://registry.npmjs.org/file-type cache-miss
264 http cache https://registry.npmjs.org/file-type 4ms (cache hit)
265 silly packumentCache full:https://registry.npmjs.org/file-type set size:562034 disposed:false
266 silly fetch manifest media-typer@^2.0.0
267 silly packumentCache full:https://registry.npmjs.org/media-typer cache-miss
268 http cache https://registry.npmjs.org/media-typer 2ms (cache hit)
269 silly packumentCache full:https://registry.npmjs.org/media-typer set size:22074 disposed:false
270 silly fetch manifest token-types@^6.1.2
271 silly packumentCache full:https://registry.npmjs.org/token-types cache-miss
272 http cache https://registry.npmjs.org/token-types 2ms (cache hit)
273 silly packumentCache full:https://registry.npmjs.org/token-types set size:155133 disposed:false
274 silly fetch manifest content-type@^2.1.0
275 silly packumentCache full:https://registry.npmjs.org/content-type cache-miss
276 http cache https://registry.npmjs.org/content-type 2ms (cache hit)
277 silly packumentCache full:https://registry.npmjs.org/content-type set size:23936 disposed:false
278 silly fetch manifest @tokenizer/token@^0.3.0
279 silly packumentCache full:https://registry.npmjs.org/@tokenizer%2ftoken cache-miss
280 http cache https://registry.npmjs.org/@tokenizer%2ftoken 2ms (cache hit)
281 silly packumentCache full:https://registry.npmjs.org/@tokenizer%2ftoken set size:11833 disposed:false
282 silly fetch manifest uint8array-extras@^1.5.0
283 silly packumentCache full:https://registry.npmjs.org/uint8array-extras cache-miss
284 http cache https://registry.npmjs.org/uint8array-extras 2ms (cache hit)
285 silly packumentCache full:https://registry.npmjs.org/uint8array-extras set size:36606 disposed:false
286 silly fetch manifest @borewit/text-codec@^0.2.2
287 silly packumentCache full:https://registry.npmjs.org/@borewit%2ftext-codec cache-miss
288 http cache https://registry.npmjs.org/@borewit%2ftext-codec 2ms (cache hit)
289 silly packumentCache full:https://registry.npmjs.org/@borewit%2ftext-codec set size:15427 disposed:false
290 silly fetch manifest eventemitter3@^5.0.4
291 silly packumentCache full:https://registry.npmjs.org/eventemitter3 cache-miss
292 http cache https://registry.npmjs.org/eventemitter3 3ms (cache hit)
293 silly packumentCache full:https://registry.npmjs.org/eventemitter3 set size:92292 disposed:false
294 silly fetch manifest p-timeout@^7.0.0
295 silly packumentCache full:https://registry.npmjs.org/p-timeout cache-miss
296 http cache https://registry.npmjs.org/p-timeout 1ms (cache hit)
297 silly packumentCache full:https://registry.npmjs.org/p-timeout set size:60739 disposed:false
298 silly fetch manifest sonic-boom@^4.0.1
299 silly packumentCache full:https://registry.npmjs.org/sonic-boom cache-miss
300 http cache https://registry.npmjs.org/sonic-boom 6ms (cache hit)
301 silly packumentCache full:https://registry.npmjs.org/sonic-boom set size:173460 disposed:false
302 silly fetch manifest atomic-sleep@^1.0.0
303 silly packumentCache full:https://registry.npmjs.org/atomic-sleep cache-miss
304 http cache https://registry.npmjs.org/atomic-sleep 2ms (cache hit)
305 silly packumentCache full:https://registry.npmjs.org/atomic-sleep set size:5192 disposed:false
306 silly fetch manifest real-require@^0.2.0
307 silly packumentCache full:https://registry.npmjs.org/real-require cache-miss
308 http cache https://registry.npmjs.org/real-require 3ms (cache hit)
309 silly packumentCache full:https://registry.npmjs.org/real-require set size:10846 disposed:false
310 silly fetch manifest thread-stream@^3.0.0
311 silly packumentCache full:https://registry.npmjs.org/thread-stream cache-miss
312 http cache https://registry.npmjs.org/thread-stream 2ms (cache hit)
313 silly packumentCache full:https://registry.npmjs.org/thread-stream set size:131270 disposed:false
314 silly fetch manifest @pinojs/redact@^0.4.0
315 silly packumentCache full:https://registry.npmjs.org/@pinojs%2fredact cache-miss
316 http cache https://registry.npmjs.org/@pinojs%2fredact 2ms (cache hit)
317 silly packumentCache full:https://registry.npmjs.org/@pinojs%2fredact set size:16869 disposed:false
318 silly fetch manifest process-warning@^5.0.0
319 silly packumentCache full:https://registry.npmjs.org/process-warning cache-miss
320 http cache https://registry.npmjs.org/process-warning 2ms (cache hit)
321 silly packumentCache full:https://registry.npmjs.org/process-warning set size:36826 disposed:false
322 silly fetch manifest on-exit-leak-free@^2.1.0
323 silly packumentCache full:https://registry.npmjs.org/on-exit-leak-free cache-miss
324 http cache https://registry.npmjs.org/on-exit-leak-free 3ms (cache hit)
325 silly packumentCache full:https://registry.npmjs.org/on-exit-leak-free set size:18719 disposed:false
326 silly fetch manifest pino-std-serializers@^7.0.0
327 silly packumentCache full:https://registry.npmjs.org/pino-std-serializers cache-miss
328 http cache https://registry.npmjs.org/pino-std-serializers 6ms (cache hit)
329 silly packumentCache full:https://registry.npmjs.org/pino-std-serializers set size:96138 disposed:false
330 silly fetch manifest safe-stable-stringify@^2.3.1
331 silly packumentCache full:https://registry.npmjs.org/safe-stable-stringify cache-miss
332 http cache https://registry.npmjs.org/safe-stable-stringify 6ms (cache hit)
333 silly packumentCache full:https://registry.npmjs.org/safe-stable-stringify set size:45091 disposed:false
334 silly fetch manifest quick-format-unescaped@^4.0.3
335 silly packumentCache full:https://registry.npmjs.org/quick-format-unescaped cache-miss
336 http cache https://registry.npmjs.org/quick-format-unescaped 7ms (cache hit)
337 silly packumentCache full:https://registry.npmjs.org/quick-format-unescaped set size:36121 disposed:false
338 silly fetch manifest pino-abstract-transport@^2.0.0
339 silly packumentCache full:https://registry.npmjs.org/pino-abstract-transport cache-miss
340 http cache https://registry.npmjs.org/pino-abstract-transport 5ms (cache hit)
341 silly packumentCache full:https://registry.npmjs.org/pino-abstract-transport set size:28649 disposed:false
342 silly fetch manifest long@^5.3.2
343 silly packumentCache full:https://registry.npmjs.org/long cache-miss
344 http cache https://registry.npmjs.org/long 53ms (cache hit)
345 silly packumentCache full:https://registry.npmjs.org/long set size:80704 disposed:false
346 silly fetch manifest @protobufjs/path@^1.1.2
347 silly packumentCache full:https://registry.npmjs.org/@protobufjs%2fpath cache-miss
348 http cache https://registry.npmjs.org/@protobufjs%2fpath 4ms (cache hit)
349 silly packumentCache full:https://registry.npmjs.org/@protobufjs%2fpath set size:10241 disposed:false
350 silly fetch manifest @protobufjs/pool@^1.1.0
351 silly packumentCache full:https://registry.npmjs.org/@protobufjs%2fpool cache-miss
352 http cache https://registry.npmjs.org/@protobufjs%2fpool 2ms (cache hit)
353 silly packumentCache full:https://registry.npmjs.org/@protobufjs%2fpool set size:10727 disposed:false
354 silly fetch manifest @protobufjs/utf8@^1.1.1
355 silly packumentCache full:https://registry.npmjs.org/@protobufjs%2futf8 cache-miss
356 http cache https://registry.npmjs.org/@protobufjs%2futf8 3ms (cache hit)
357 silly packumentCache full:https://registry.npmjs.org/@protobufjs%2futf8 set size:17318 disposed:false
358 silly fetch manifest @protobufjs/fetch@^1.1.1
359 silly packumentCache full:https://registry.npmjs.org/@protobufjs%2ffetch cache-miss
360 http cache https://registry.npmjs.org/@protobufjs%2ffetch 3ms (cache hit)
361 silly packumentCache full:https://registry.npmjs.org/@protobufjs%2ffetch set size:12023 disposed:false
362 silly fetch manifest @protobufjs/float@^1.0.2
363 silly packumentCache full:https://registry.npmjs.org/@protobufjs%2ffloat cache-miss
364 http cache https://registry.npmjs.org/@protobufjs%2ffloat 4ms (cache hit)
365 silly packumentCache full:https://registry.npmjs.org/@protobufjs%2ffloat set size:9957 disposed:false
366 silly fetch manifest @protobufjs/base64@^1.1.2
367 silly packumentCache full:https://registry.npmjs.org/@protobufjs%2fbase64 cache-miss
368 http cache https://registry.npmjs.org/@protobufjs%2fbase64 5ms (cache hit)
369 silly packumentCache full:https://registry.npmjs.org/@protobufjs%2fbase64 set size:14176 disposed:false
370 silly fetch manifest @protobufjs/codegen@^2.0.5
371 silly packumentCache full:https://registry.npmjs.org/@protobufjs%2fcodegen cache-miss
372 http cache https://registry.npmjs.org/@protobufjs%2fcodegen 2ms (cache hit)
373 silly packumentCache full:https://registry.npmjs.org/@protobufjs%2fcodegen set size:23820 disposed:false
374 silly fetch manifest @protobufjs/aspromise@^1.1.2
375 silly packumentCache full:https://registry.npmjs.org/@protobufjs%2faspromise cache-miss
376 http cache https://registry.npmjs.org/@protobufjs%2faspromise 2ms (cache hit)
377 silly packumentCache full:https://registry.npmjs.org/@protobufjs%2faspromise set size:11438 disposed:false
378 silly fetch manifest @protobufjs/eventemitter@^1.1.1
379 silly packumentCache full:https://registry.npmjs.org/@protobufjs%2feventemitter cache-miss
380 http cache https://registry.npmjs.org/@protobufjs%2feventemitter 2ms (cache hit)
381 silly packumentCache full:https://registry.npmjs.org/@protobufjs%2feventemitter set size:13173 disposed:false
382 silly fetch manifest tmp@^0.2.7
383 silly packumentCache full:https://registry.npmjs.org/tmp cache-miss
384 http fetch GET 200 https://registry.npmjs.org/tmp 27ms (cache miss)
385 silly packumentCache full:https://registry.npmjs.org/tmp set size:undefined disposed:false
386 silly fetch manifest glob@^8.1.0
387 silly packumentCache full:https://registry.npmjs.org/glob cache-miss
388 http fetch GET 200 https://registry.npmjs.org/glob 41ms (cache miss)
389 silly packumentCache full:https://registry.npmjs.org/glob set size:undefined disposed:false
390 silly fetch manifest jsdoc@^4.0.5
391 silly packumentCache full:https://registry.npmjs.org/jsdoc cache-miss
392 http fetch GET 200 https://registry.npmjs.org/jsdoc 194ms (cache miss)
393 silly packumentCache full:https://registry.npmjs.org/jsdoc set size:undefined disposed:false
394 silly fetch manifest espree@^9.6.1
395 silly packumentCache full:https://registry.npmjs.org/espree cache-miss
396 http fetch GET 200 https://registry.npmjs.org/espree 36ms (cache miss)
397 silly packumentCache full:https://registry.npmjs.org/espree set size:undefined disposed:false
398 silly fetch manifest minimist@^1.2.8
399 silly packumentCache full:https://registry.npmjs.org/minimist cache-miss
400 http cache https://registry.npmjs.org/minimist 2ms (cache hit)
401 silly packumentCache full:https://registry.npmjs.org/minimist set size:77063 disposed:false
402 silly fetch manifest escodegen@^2.0.0
403 silly packumentCache full:https://registry.npmjs.org/escodegen cache-miss
404 http fetch GET 200 https://registry.npmjs.org/escodegen 27ms (cache miss)
405 silly packumentCache full:https://registry.npmjs.org/escodegen set size:undefined disposed:false
406 silly fetch manifest estraverse@^5.1.0
407 silly packumentCache full:https://registry.npmjs.org/estraverse cache-miss
408 http fetch GET 200 https://registry.npmjs.org/estraverse 31ms (cache miss)
409 silly packumentCache full:https://registry.npmjs.org/estraverse set size:undefined disposed:false
410 silly fetch manifest semver@^7.8.5
411 silly packumentCache full:https://registry.npmjs.org/semver cache-miss
412 http cache https://registry.npmjs.org/semver 3ms (cache hit)
413 silly packumentCache full:https://registry.npmjs.org/semver set size:246069 disposed:false
414 silly fetch manifest @img/colour@^1.1.0
415 silly packumentCache full:https://registry.npmjs.org/@img%2fcolour cache-miss
416 http cache https://registry.npmjs.org/@img%2fcolour 2ms (cache hit)
417 silly packumentCache full:https://registry.npmjs.org/@img%2fcolour set size:9701 disposed:false
418 silly fetch manifest detect-libc@^2.1.2
419 silly packumentCache full:https://registry.npmjs.org/detect-libc cache-miss
420 http cache https://registry.npmjs.org/detect-libc 2ms (cache hit)
421 silly packumentCache full:https://registry.npmjs.org/detect-libc set size:47861 disposed:false
422 silly fetch manifest @img/sharp-linux-arm@0.35.4
423 silly packumentCache full:https://registry.npmjs.org/@img%2fsharp-linux-arm cache-miss
424 http cache https://registry.npmjs.org/@img%2fsharp-linux-arm 2ms (cache hit)
425 silly packumentCache full:https://registry.npmjs.org/@img%2fsharp-linux-arm set size:107173 disposed:false
426 silly fetch manifest @img/sharp-linux-x64@0.35.4
427 silly packumentCache full:https://registry.npmjs.org/@img%2fsharp-linux-x64 cache-miss
428 http cache https://registry.npmjs.org/@img%2fsharp-linux-x64 3ms (cache hit)
429 silly packumentCache full:https://registry.npmjs.org/@img%2fsharp-linux-x64 set size:106660 disposed:false
430 silly fetch manifest @img/sharp-win32-x64@0.35.4
431 silly packumentCache full:https://registry.npmjs.org/@img%2fsharp-win32-x64 cache-miss
432 http cache https://registry.npmjs.org/@img%2fsharp-win32-x64 2ms (cache hit)
433 silly packumentCache full:https://registry.npmjs.org/@img%2fsharp-win32-x64 set size:107829 disposed:false
434 silly fetch manifest @img/sharp-darwin-x64@0.35.4
435 silly packumentCache full:https://registry.npmjs.org/@img%2fsharp-darwin-x64 cache-miss
436 http cache https://registry.npmjs.org/@img%2fsharp-darwin-x64 2ms (cache hit)
437 silly packumentCache full:https://registry.npmjs.org/@img%2fsharp-darwin-x64 set size:108820 disposed:false
438 silly fetch manifest @img/sharp-win32-ia32@0.35.4
439 silly packumentCache full:https://registry.npmjs.org/@img%2fsharp-win32-ia32 cache-miss
440 http cache https://registry.npmjs.org/@img%2fsharp-win32-ia32 2ms (cache hit)
441 silly packumentCache full:https://registry.npmjs.org/@img%2fsharp-win32-ia32 set size:108835 disposed:false
442 silly fetch manifest @img/sharp-linux-arm64@0.35.4
443 silly packumentCache full:https://registry.npmjs.org/@img%2fsharp-linux-arm64 cache-miss
444 http cache https://registry.npmjs.org/@img%2fsharp-linux-arm64 2ms (cache hit)
445 silly packumentCache full:https://registry.npmjs.org/@img%2fsharp-linux-arm64 set size:108045 disposed:false
446 silly fetch manifest @img/sharp-linux-ppc64@0.35.4
447 silly packumentCache full:https://registry.npmjs.org/@img%2fsharp-linux-ppc64 cache-miss
448 http cache https://registry.npmjs.org/@img%2fsharp-linux-ppc64 1ms (cache hit)
449 silly packumentCache full:https://registry.npmjs.org/@img%2fsharp-linux-ppc64 set size:72651 disposed:false
450 silly fetch manifest @img/sharp-linux-s390x@0.35.4
451 silly packumentCache full:https://registry.npmjs.org/@img%2fsharp-linux-s390x cache-miss
452 http cache https://registry.npmjs.org/@img%2fsharp-linux-s390x 2ms (cache hit)
453 silly packumentCache full:https://registry.npmjs.org/@img%2fsharp-linux-s390x set size:105911 disposed:false
454 silly fetch manifest @img/sharp-win32-arm64@0.35.4
455 silly packumentCache full:https://registry.npmjs.org/@img%2fsharp-win32-arm64 cache-miss
456 http cache https://registry.npmjs.org/@img%2fsharp-win32-arm64 2ms (cache hit)
457 silly packumentCache full:https://registry.npmjs.org/@img%2fsharp-win32-arm64 set size:67825 disposed:false
458 silly fetch manifest @img/sharp-darwin-arm64@0.35.4
459 silly packumentCache full:https://registry.npmjs.org/@img%2fsharp-darwin-arm64 cache-miss
460 http cache https://registry.npmjs.org/@img%2fsharp-darwin-arm64 2ms (cache hit)
461 silly packumentCache full:https://registry.npmjs.org/@img%2fsharp-darwin-arm64 set size:110251 disposed:false
462 silly fetch manifest @img/sharp-linux-riscv64@0.35.4
463 silly packumentCache full:https://registry.npmjs.org/@img%2fsharp-linux-riscv64 cache-miss
464 http cache https://registry.npmjs.org/@img%2fsharp-linux-riscv64 2ms (cache hit)
465 silly packumentCache full:https://registry.npmjs.org/@img%2fsharp-linux-riscv64 set size:50215 disposed:false
466 silly fetch manifest @img/sharp-linuxmusl-x64@0.35.4
467 silly packumentCache full:https://registry.npmjs.org/@img%2fsharp-linuxmusl-x64 cache-miss
468 http cache https://registry.npmjs.org/@img%2fsharp-linuxmusl-x64 10ms (cache hit)
469 silly packumentCache full:https://registry.npmjs.org/@img%2fsharp-linuxmusl-x64 set size:108319 disposed:false
470 silly fetch manifest @img/sharp-freebsd-wasm32@0.35.4
471 silly packumentCache full:https://registry.npmjs.org/@img%2fsharp-freebsd-wasm32 cache-miss
472 http cache https://registry.npmjs.org/@img%2fsharp-freebsd-wasm32 1ms (cache hit)
473 silly packumentCache full:https://registry.npmjs.org/@img%2fsharp-freebsd-wasm32 set size:47096 disposed:false
474 silly fetch manifest @img/sharp-linuxmusl-arm64@0.35.4
475 silly packumentCache full:https://registry.npmjs.org/@img%2fsharp-linuxmusl-arm64 cache-miss
476 http cache https://registry.npmjs.org/@img%2fsharp-linuxmusl-arm64 2ms (cache hit)
477 silly packumentCache full:https://registry.npmjs.org/@img%2fsharp-linuxmusl-arm64 set size:109709 disposed:false
478 silly fetch manifest @img/sharp-libvips-linux-arm@1.3.3
479 silly packumentCache full:https://registry.npmjs.org/@img%2fsharp-libvips-linux-arm cache-miss
480 http cache https://registry.npmjs.org/@img%2fsharp-libvips-linux-arm 2ms (cache hit)
481 silly packumentCache full:https://registry.npmjs.org/@img%2fsharp-libvips-linux-arm set size:95067 disposed:false
482 silly fetch manifest @img/sharp-libvips-linux-x64@1.3.3
483 silly packumentCache full:https://registry.npmjs.org/@img%2fsharp-libvips-linux-x64 cache-miss
484 http cache https://registry.npmjs.org/@img%2fsharp-libvips-linux-x64 2ms (cache hit)
485 silly packumentCache full:https://registry.npmjs.org/@img%2fsharp-libvips-linux-x64 set size:90900 disposed:false
486 silly fetch manifest @img/sharp-libvips-darwin-x64@1.3.3
487 silly packumentCache full:https://registry.npmjs.org/@img%2fsharp-libvips-darwin-x64 cache-miss
488 http cache https://registry.npmjs.org/@img%2fsharp-libvips-darwin-x64 2ms (cache hit)
489 silly packumentCache full:https://registry.npmjs.org/@img%2fsharp-libvips-darwin-x64 set size:87586 disposed:false
490 silly fetch manifest @img/sharp-libvips-linux-arm64@1.3.3
491 silly packumentCache full:https://registry.npmjs.org/@img%2fsharp-libvips-linux-arm64 cache-miss
492 http cache https://registry.npmjs.org/@img%2fsharp-libvips-linux-arm64 4ms (cache hit)
493 silly packumentCache full:https://registry.npmjs.org/@img%2fsharp-libvips-linux-arm64 set size:92171 disposed:false
494 silly fetch manifest @img/sharp-libvips-linux-ppc64@1.3.3
495 silly packumentCache full:https://registry.npmjs.org/@img%2fsharp-libvips-linux-ppc64 cache-miss
496 http cache https://registry.npmjs.org/@img%2fsharp-libvips-linux-ppc64 3ms (cache hit)
497 silly packumentCache full:https://registry.npmjs.org/@img%2fsharp-libvips-linux-ppc64 set size:77213 disposed:false
498 silly fetch manifest @img/sharp-libvips-linux-s390x@1.3.3
499 silly packumentCache full:https://registry.npmjs.org/@img%2fsharp-libvips-linux-s390x cache-miss
500 http cache https://registry.npmjs.org/@img%2fsharp-libvips-linux-s390x 8ms (cache hit)
501 silly packumentCache full:https://registry.npmjs.org/@img%2fsharp-libvips-linux-s390x set size:86174 disposed:false
502 silly fetch manifest @img/sharp-libvips-darwin-arm64@1.3.3
503 silly packumentCache full:https://registry.npmjs.org/@img%2fsharp-libvips-darwin-arm64 cache-miss
504 http cache https://registry.npmjs.org/@img%2fsharp-libvips-darwin-arm64 3ms (cache hit)
505 silly packumentCache full:https://registry.npmjs.org/@img%2fsharp-libvips-darwin-arm64 set size:88531 disposed:false
506 silly fetch manifest @img/sharp-webcontainers-wasm32@0.35.4
507 silly packumentCache full:https://registry.npmjs.org/@img%2fsharp-webcontainers-wasm32 cache-miss
508 http cache https://registry.npmjs.org/@img%2fsharp-webcontainers-wasm32 6ms (cache hit)
509 silly packumentCache full:https://registry.npmjs.org/@img%2fsharp-webcontainers-wasm32 set size:46202 disposed:false
510 silly fetch manifest @img/sharp-libvips-linux-riscv64@1.3.3
511 silly packumentCache full:https://registry.npmjs.org/@img%2fsharp-libvips-linux-riscv64 cache-miss
512 http cache https://registry.npmjs.org/@img%2fsharp-libvips-linux-riscv64 3ms (cache hit)
513 silly packumentCache full:https://registry.npmjs.org/@img%2fsharp-libvips-linux-riscv64 set size:63460 disposed:false
514 silly fetch manifest @img/sharp-libvips-linuxmusl-x64@1.3.3
515 silly packumentCache full:https://registry.npmjs.org/@img%2fsharp-libvips-linuxmusl-x64 cache-miss
516 http cache https://registry.npmjs.org/@img%2fsharp-libvips-linuxmusl-x64 2ms (cache hit)
517 silly packumentCache full:https://registry.npmjs.org/@img%2fsharp-libvips-linuxmusl-x64 set size:88274 disposed:false
518 silly fetch manifest @img/sharp-libvips-linuxmusl-arm64@1.3.3
519 silly packumentCache full:https://registry.npmjs.org/@img%2fsharp-libvips-linuxmusl-arm64 cache-miss
520 http cache https://registry.npmjs.org/@img%2fsharp-libvips-linuxmusl-arm64 3ms (cache hit)
521 silly packumentCache full:https://registry.npmjs.org/@img%2fsharp-libvips-linuxmusl-arm64 set size:91390 disposed:false
522 silly fetch manifest @topoconfig/extends@^0.16.2
523 silly packumentCache full:https://registry.npmjs.org/@topoconfig%2fextends cache-miss
524 http fetch GET 200 https://registry.npmjs.org/@topoconfig%2fextends 415ms (cache miss)
525 silly packumentCache full:https://registry.npmjs.org/@topoconfig%2fextends set size:undefined disposed:false
526 silly fetch manifest depseek@^0.4.1
527 silly packumentCache full:https://registry.npmjs.org/depseek cache-miss
528 http fetch GET 200 https://registry.npmjs.org/depseek 25ms (cache miss)
529 silly packumentCache full:https://registry.npmjs.org/depseek set size:undefined disposed:false
530 silly fetch manifest fast-glob@^3.3.2
531 silly packumentCache full:https://registry.npmjs.org/fast-glob cache-miss
532 http fetch GET 200 https://registry.npmjs.org/fast-glob 37ms (cache miss)
533 silly packumentCache full:https://registry.npmjs.org/fast-glob set size:undefined disposed:false
534 silly fetch manifest fs-extra@^11.2.0
535 silly packumentCache full:https://registry.npmjs.org/fs-extra cache-miss
536 http fetch GET 200 https://registry.npmjs.org/fs-extra 35ms (cache miss)
537 silly packumentCache full:https://registry.npmjs.org/fs-extra set size:undefined disposed:false
538 silly fetch manifest json5@^2.2.3
539 silly packumentCache full:https://registry.npmjs.org/json5 cache-miss
540 http fetch GET 200 https://registry.npmjs.org/json5 25ms (cache miss)
541 silly packumentCache full:https://registry.npmjs.org/json5 set size:undefined disposed:false
542 silly fetch manifest type-flag@^3.0.0
543 silly packumentCache full:https://registry.npmjs.org/type-flag cache-miss
544 http fetch GET 200 https://registry.npmjs.org/type-flag 27ms (cache miss)
545 silly packumentCache full:https://registry.npmjs.org/type-flag set size:undefined disposed:false
546 silly placeDep ROOT cacheable@2.5.0 OK for: @cacheable/node-cache@1.7.6 want: ^2.3.1
547 silly placeDep ROOT hookified@1.15.1 OK for: @cacheable/node-cache@1.7.6 want: ^1.14.0
548 silly placeDep ROOT keyv@5.6.0 OK for: @cacheable/node-cache@1.7.6 want: ^5.5.5
549 silly fetch manifest keyv@^5.6.0
550 silly packumentCache full:https://registry.npmjs.org/keyv cache-hit
551 silly fetch manifest qified@^0.10.1
552 silly packumentCache full:https://registry.npmjs.org/qified cache-miss
553 http cache https://registry.npmjs.org/qified 2ms (cache hit)
554 silly packumentCache full:https://registry.npmjs.org/qified set size:75717 disposed:false
555 silly fetch manifest hookified@^1.15.0
556 silly packumentCache full:https://registry.npmjs.org/hookified cache-hit
557 silly fetch manifest @cacheable/utils@^2.5.0
558 silly packumentCache full:https://registry.npmjs.org/@cacheable%2futils cache-miss
559 http cache https://registry.npmjs.org/@cacheable%2futils 3ms (cache hit)
560 silly packumentCache full:https://registry.npmjs.org/@cacheable%2futils set size:41932 disposed:false
561 silly fetch manifest @cacheable/memory@^2.2.0
562 silly packumentCache full:https://registry.npmjs.org/@cacheable%2fmemory cache-miss
563 http cache https://registry.npmjs.org/@cacheable%2fmemory 5ms (cache hit)
564 silly packumentCache full:https://registry.npmjs.org/@cacheable%2fmemory set size:35099 disposed:false
565 silly fetch manifest @keyv/serialize@^1.1.1
566 silly packumentCache full:https://registry.npmjs.org/@keyv%2fserialize cache-miss
567 http cache https://registry.npmjs.org/@keyv%2fserialize 2ms (cache hit)
568 silly packumentCache full:https://registry.npmjs.org/@keyv%2fserialize set size:23172 disposed:false
569 silly placeDep ROOT @hapi/hoek@9.3.0 OK for: @hapi/boom@9.1.4 want: 9.x.x
570 silly placeDep ROOT undici-types@6.21.0 OK for: @types/node@20.19.43 want: ~6.21.0
571 silly placeDep ROOT tslib@2.8.1 OK for: async-mutex@0.5.0 want: ^2.4.0
572 silly placeDep ROOT @cacheable/memory@2.2.0 OK for: cacheable@2.5.0 want: ^2.2.0
573 silly placeDep ROOT @cacheable/utils@2.5.0 OK for: cacheable@2.5.0 want: ^2.5.0
574 silly placeDep ROOT qified@0.10.1 OK for: cacheable@2.5.0 want: ^0.10.1
575 silly fetch manifest @keyv/bigmap@^1.3.1
576 silly packumentCache full:https://registry.npmjs.org/@keyv%2fbigmap cache-miss
577 http cache https://registry.npmjs.org/@keyv%2fbigmap 3ms (cache hit)
578 silly packumentCache full:https://registry.npmjs.org/@keyv%2fbigmap set size:35402 disposed:false
579 silly fetch manifest hashery@^1.5.1
580 silly packumentCache full:https://registry.npmjs.org/hashery cache-miss
581 http cache https://registry.npmjs.org/hashery 2ms (cache hit)
582 silly packumentCache full:https://registry.npmjs.org/hashery set size:29616 disposed:false
583 silly fetch manifest hookified@^2.1.1
584 silly packumentCache full:https://registry.npmjs.org/hookified cache-hit
585 silly placeDep ROOT @keyv/bigmap@1.3.1 OK for: @cacheable/memory@2.2.0 want: ^1.3.1
586 silly fetch manifest hashery@^1.4.0
587 silly packumentCache full:https://registry.npmjs.org/hashery cache-hit
588 silly placeDep ROOT hashery@1.5.1 OK for: @cacheable/utils@2.5.0 want: ^1.5.1
589 silly placeDep ROOT @javascript-obfuscator/escodegen@2.4.2 OK for: javascript-obfuscator@5.6.0 want: 2.4.2
590 silly placeDep ROOT @javascript-obfuscator/estraverse@5.4.0 OK for: javascript-obfuscator@5.6.0 want: 5.4.0
591 silly placeDep ROOT @vercel/blob@2.8.0 OK for: javascript-obfuscator@5.6.0 want: >=0.23.0
592 silly placeDep ROOT acorn@8.15.0 OK for: javascript-obfuscator@5.6.0 want: 8.15.0
593 silly placeDep ROOT acorn-import-attributes@1.9.5 OK for: javascript-obfuscator@5.6.0 want: ^1.9.5
594 silly placeDep ROOT assert@2.1.0 OK for: javascript-obfuscator@5.6.0 want: 2.1.0
595 silly placeDep ROOT chalk@4.1.2 OK for: javascript-obfuscator@5.6.0 want: 4.1.2
596 silly placeDep ROOT chance@1.1.13 OK for: javascript-obfuscator@5.6.0 want: 1.1.13
597 silly placeDep ROOT class-validator@0.14.3 OK for: javascript-obfuscator@5.6.0 want: 0.14.3
598 silly placeDep ROOT commander@12.1.0 OK for: javascript-obfuscator@5.6.0 want: 12.1.0
599 silly placeDep ROOT env-paths@4.0.0 OK for: javascript-obfuscator@5.6.0 want: 4.0.0
600 silly placeDep ROOT eslint-scope@8.4.0 OK for: javascript-obfuscator@5.6.0 want: 8.4.0
601 silly placeDep ROOT eslint-visitor-keys@4.2.1 OK for: javascript-obfuscator@5.6.0 want: 4.2.1
602 silly placeDep ROOT fast-deep-equal@3.1.3 OK for: javascript-obfuscator@5.6.0 want: 3.1.3
603 silly placeDep ROOT inversify@7.11.0 OK for: javascript-obfuscator@5.6.0 want: 7.11.0
604 silly placeDep ROOT js-string-escape@1.0.1 OK for: javascript-obfuscator@5.6.0 want: 1.0.1
605 silly placeDep ROOT md5@2.3.0 OK for: javascript-obfuscator@5.6.0 want: 2.3.0
606 silly placeDep ROOT multimatch@5.0.0 OK for: javascript-obfuscator@5.6.0 want: 5.0.0
607 silly placeDep ROOT process@0.11.10 OK for: javascript-obfuscator@5.6.0 want: 0.11.10
608 silly placeDep ROOT reflect-metadata@0.2.2 OK for: javascript-obfuscator@5.6.0 want: 0.2.2
609 silly placeDep ROOT string-template@1.0.0 OK for: javascript-obfuscator@5.6.0 want: 1.0.0
610 silly placeDep ROOT stringz@2.1.0 OK for: javascript-obfuscator@5.6.0 want: 2.1.0
611 silly fetch manifest @javascript-obfuscator/estraverse@^5.3.0
612 silly packumentCache full:https://registry.npmjs.org/@javascript-obfuscator%2festraverse cache-miss
613 http cache https://registry.npmjs.org/@javascript-obfuscator%2festraverse 3ms (cache hit)
614 silly packumentCache full:https://registry.npmjs.org/@javascript-obfuscator%2festraverse set size:11014 disposed:false
615 silly fetch manifest esutils@^2.0.2
616 silly packumentCache full:https://registry.npmjs.org/esutils cache-miss
617 http fetch GET 200 https://registry.npmjs.org/esutils 25ms (cache miss)
618 silly packumentCache full:https://registry.npmjs.org/esutils set size:undefined disposed:false
619 silly fetch manifest esprima@^4.0.1
620 silly packumentCache full:https://registry.npmjs.org/esprima cache-miss
621 http fetch GET 200 https://registry.npmjs.org/esprima 26ms (cache miss)
622 silly packumentCache full:https://registry.npmjs.org/esprima set size:undefined disposed:false
623 silly fetch manifest optionator@^0.8.1
624 silly packumentCache full:https://registry.npmjs.org/optionator cache-miss
625 http fetch GET 200 https://registry.npmjs.org/optionator 25ms (cache miss)
626 silly packumentCache full:https://registry.npmjs.org/optionator set size:undefined disposed:false
627 silly fetch manifest source-map@~0.6.1
628 silly packumentCache full:https://registry.npmjs.org/source-map cache-miss
629 http fetch GET 200 https://registry.npmjs.org/source-map 30ms (cache miss)
630 silly packumentCache full:https://registry.npmjs.org/source-map set size:undefined disposed:false
631 silly fetch manifest undici@^6.23.0
632 silly packumentCache full:https://registry.npmjs.org/undici cache-miss
633 http cache https://registry.npmjs.org/undici 4ms (cache hit)
634 silly packumentCache full:https://registry.npmjs.org/undici set size:1524672 disposed:false
635 silly fetch manifest is-buffer@^2.0.5
636 silly packumentCache full:https://registry.npmjs.org/is-buffer cache-miss
637 http fetch GET 200 https://registry.npmjs.org/is-buffer 27ms (cache miss)
638 silly packumentCache full:https://registry.npmjs.org/is-buffer set size:undefined disposed:false
639 silly fetch manifest throttleit@^2.1.0
640 silly packumentCache full:https://registry.npmjs.org/throttleit cache-miss
641 http fetch GET 200 https://registry.npmjs.org/throttleit 24ms (cache miss)
642 silly packumentCache full:https://registry.npmjs.org/throttleit set size:undefined disposed:false
643 silly fetch manifest async-retry@^1.3.3
644 silly packumentCache full:https://registry.npmjs.org/async-retry cache-miss
645 http fetch GET 200 https://registry.npmjs.org/async-retry 29ms (cache miss)
646 silly packumentCache full:https://registry.npmjs.org/async-retry set size:undefined disposed:false
647 silly fetch manifest @vercel/oidc@^3.6.1
648 silly packumentCache full:https://registry.npmjs.org/@vercel%2foidc cache-miss
649 http fetch GET 200 https://registry.npmjs.org/@vercel%2foidc 56ms (cache miss)
650 silly packumentCache full:https://registry.npmjs.org/@vercel%2foidc set size:undefined disposed:false
651 silly fetch manifest is-node-process@^1.2.0
652 silly packumentCache full:https://registry.npmjs.org/is-node-process cache-miss
653 http fetch GET 200 https://registry.npmjs.org/is-node-process 24ms (cache miss)
654 silly packumentCache full:https://registry.npmjs.org/is-node-process set size:undefined disposed:false
655 silly fetch manifest util@^0.12.5
656 silly packumentCache full:https://registry.npmjs.org/util cache-miss
657 http fetch GET 200 https://registry.npmjs.org/util 27ms (cache miss)
658 silly packumentCache full:https://registry.npmjs.org/util set size:undefined disposed:false
659 silly fetch manifest is-nan@^1.3.2
660 silly packumentCache full:https://registry.npmjs.org/is-nan cache-miss
661 http fetch GET 200 https://registry.npmjs.org/is-nan 184ms (cache miss)
662 silly packumentCache full:https://registry.npmjs.org/is-nan set size:undefined disposed:false
663 silly fetch manifest call-bind@^1.0.2
664 silly packumentCache full:https://registry.npmjs.org/call-bind cache-miss
665 http fetch GET 200 https://registry.npmjs.org/call-bind 27ms (cache miss)
666 silly packumentCache full:https://registry.npmjs.org/call-bind set size:undefined disposed:false
667 silly fetch manifest object-is@^1.1.5
668 silly packumentCache full:https://registry.npmjs.org/object-is cache-miss
669 http fetch GET 200 https://registry.npmjs.org/object-is 25ms (cache miss)
670 silly packumentCache full:https://registry.npmjs.org/object-is set size:undefined disposed:false
671 silly fetch manifest object.assign@^4.1.4
672 silly packumentCache full:https://registry.npmjs.org/object.assign cache-miss
673 http fetch GET 200 https://registry.npmjs.org/object.assign 26ms (cache miss)
674 silly packumentCache full:https://registry.npmjs.org/object.assign set size:undefined disposed:false
675 silly fetch manifest ansi-styles@^4.1.0
676 silly packumentCache full:https://registry.npmjs.org/ansi-styles cache-miss
677 http cache https://registry.npmjs.org/ansi-styles 2ms (cache hit)
678 silly packumentCache full:https://registry.npmjs.org/ansi-styles set size:71772 disposed:false
679 silly fetch manifest supports-color@^7.1.0
680 silly packumentCache full:https://registry.npmjs.org/supports-color cache-miss
681 http cache https://registry.npmjs.org/supports-color 3ms (cache hit)
682 silly packumentCache full:https://registry.npmjs.org/supports-color set size:124169 disposed:false
683 silly fetch manifest validator@^13.15.20
684 silly packumentCache full:https://registry.npmjs.org/validator cache-miss
685 http fetch GET 200 https://registry.npmjs.org/validator 43ms (cache miss)
686 silly packumentCache full:https://registry.npmjs.org/validator set size:undefined disposed:false
687 silly fetch manifest @types/validator@^13.15.3
688 silly packumentCache full:https://registry.npmjs.org/@types%2fvalidator cache-miss
689 http fetch GET 200 https://registry.npmjs.org/@types%2fvalidator 40ms (cache miss)
690 silly packumentCache full:https://registry.npmjs.org/@types%2fvalidator set size:undefined disposed:false
691 silly fetch manifest libphonenumber-js@^1.11.1
692 silly packumentCache full:https://registry.npmjs.org/libphonenumber-js cache-miss
693 http fetch GET 200 https://registry.npmjs.org/libphonenumber-js 77ms (cache miss)
694 silly packumentCache full:https://registry.npmjs.org/libphonenumber-js set size:undefined disposed:false
695 silly fetch manifest is-safe-filename@^0.1.0
696 silly packumentCache full:https://registry.npmjs.org/is-safe-filename cache-miss
697 http fetch GET 200 https://registry.npmjs.org/is-safe-filename 28ms (cache miss)
698 silly packumentCache full:https://registry.npmjs.org/is-safe-filename set size:undefined disposed:false
699 silly fetch manifest esrecurse@^4.3.0
700 silly packumentCache full:https://registry.npmjs.org/esrecurse cache-miss
701 http fetch GET 200 https://registry.npmjs.org/esrecurse 25ms (cache miss)
702 silly packumentCache full:https://registry.npmjs.org/esrecurse set size:undefined disposed:false
703 silly fetch manifest estraverse@^5.2.0
704 silly packumentCache full:https://registry.npmjs.org/estraverse cache-miss
705 http cache https://registry.npmjs.org/estraverse 2ms (cache hit)
706 silly packumentCache full:https://registry.npmjs.org/estraverse set size:62412 disposed:false
707 silly fetch manifest @inversifyjs/core@9.2.0
708 silly packumentCache full:https://registry.npmjs.org/@inversifyjs%2fcore cache-miss
709 http fetch GET 200 https://registry.npmjs.org/@inversifyjs%2fcore 109ms (cache miss)
710 silly packumentCache full:https://registry.npmjs.org/@inversifyjs%2fcore set size:undefined disposed:false
711 silly fetch manifest @inversifyjs/common@1.5.2
712 silly packumentCache full:https://registry.npmjs.org/@inversifyjs%2fcommon cache-miss
713 http fetch GET 200 https://registry.npmjs.org/@inversifyjs%2fcommon 68ms (cache miss)
714 silly packumentCache full:https://registry.npmjs.org/@inversifyjs%2fcommon set size:undefined disposed:false
715 silly fetch manifest @inversifyjs/container@1.15.0
716 silly packumentCache full:https://registry.npmjs.org/@inversifyjs%2fcontainer cache-miss
717 http fetch GET 200 https://registry.npmjs.org/@inversifyjs%2fcontainer 40ms (cache miss)
718 silly packumentCache full:https://registry.npmjs.org/@inversifyjs%2fcontainer set size:undefined disposed:false
719 silly fetch manifest crypt@0.0.2
720 silly packumentCache full:https://registry.npmjs.org/crypt cache-miss
721 http fetch GET 200 https://registry.npmjs.org/crypt 20ms (cache miss)
722 silly packumentCache full:https://registry.npmjs.org/crypt set size:undefined disposed:false
723 silly fetch manifest charenc@0.0.2
724 silly packumentCache full:https://registry.npmjs.org/charenc cache-miss
725 http fetch GET 200 https://registry.npmjs.org/charenc 23ms (cache miss)
726 silly packumentCache full:https://registry.npmjs.org/charenc set size:undefined disposed:false
727 silly fetch manifest is-buffer@~1.1.6
728 silly packumentCache full:https://registry.npmjs.org/is-buffer cache-miss
729 http cache https://registry.npmjs.org/is-buffer 4ms (cache hit)
730 silly packumentCache full:https://registry.npmjs.org/is-buffer set size:34803 disposed:false
731 silly fetch manifest arrify@^2.0.1
732 silly packumentCache full:https://registry.npmjs.org/arrify cache-miss
733 http fetch GET 200 https://registry.npmjs.org/arrify 23ms (cache miss)
734 silly packumentCache full:https://registry.npmjs.org/arrify set size:undefined disposed:false
735 silly fetch manifest minimatch@^3.0.4
736 silly packumentCache full:https://registry.npmjs.org/minimatch cache-miss
737 http cache https://registry.npmjs.org/minimatch 3ms (cache hit)
738 silly packumentCache full:https://registry.npmjs.org/minimatch set size:377924 disposed:false
739 silly fetch manifest array-union@^2.1.0
740 silly packumentCache full:https://registry.npmjs.org/array-union cache-miss
741 http fetch GET 200 https://registry.npmjs.org/array-union 23ms (cache miss)
742 silly packumentCache full:https://registry.npmjs.org/array-union set size:undefined disposed:false
743 silly fetch manifest array-differ@^3.0.0
744 silly packumentCache full:https://registry.npmjs.org/array-differ cache-miss
745 http fetch GET 200 https://registry.npmjs.org/array-differ 24ms (cache miss)
746 silly packumentCache full:https://registry.npmjs.org/array-differ set size:undefined disposed:false
747 silly fetch manifest @types/minimatch@^3.0.3
748 silly packumentCache full:https://registry.npmjs.org/@types%2fminimatch cache-miss
749 http fetch GET 200 https://registry.npmjs.org/@types%2fminimatch 33ms (cache miss)
750 silly packumentCache full:https://registry.npmjs.org/@types%2fminimatch set size:undefined disposed:false
751 silly fetch manifest char-regex@^1.0.2
752 silly packumentCache full:https://registry.npmjs.org/char-regex cache-miss
753 http fetch GET 200 https://registry.npmjs.org/char-regex 23ms (cache miss)
754 silly packumentCache full:https://registry.npmjs.org/char-regex set size:undefined disposed:false
755 silly placeDep ROOT esprima@4.0.1 OK for: @javascript-obfuscator/escodegen@2.4.2 want: ^4.0.1
756 silly placeDep ROOT esutils@2.0.3 OK for: @javascript-obfuscator/escodegen@2.4.2 want: ^2.0.2
757 silly placeDep ROOT optionator@0.8.3 OK for: @javascript-obfuscator/escodegen@2.4.2 want: ^0.8.1
758 silly placeDep ROOT source-map@0.6.1 OK for: @javascript-obfuscator/escodegen@2.4.2 want: ~0.6.1
759 silly fetch manifest prelude-ls@~1.1.2
760 silly packumentCache full:https://registry.npmjs.org/prelude-ls cache-miss
761 http fetch GET 200 https://registry.npmjs.org/prelude-ls 25ms (cache miss)
762 silly packumentCache full:https://registry.npmjs.org/prelude-ls set size:undefined disposed:false
763 silly fetch manifest deep-is@~0.1.3
764 silly packumentCache full:https://registry.npmjs.org/deep-is cache-miss
765 http fetch GET 200 https://registry.npmjs.org/deep-is 20ms (cache miss)
766 silly packumentCache full:https://registry.npmjs.org/deep-is set size:undefined disposed:false
767 silly fetch manifest word-wrap@~1.2.3
768 silly packumentCache full:https://registry.npmjs.org/word-wrap cache-miss
769 http fetch GET 200 https://registry.npmjs.org/word-wrap 73ms (cache miss)
770 silly packumentCache full:https://registry.npmjs.org/word-wrap set size:undefined disposed:false
771 silly fetch manifest type-check@~0.3.2
772 silly packumentCache full:https://registry.npmjs.org/type-check cache-miss
773 http fetch GET 200 https://registry.npmjs.org/type-check 71ms (cache miss)
774 silly packumentCache full:https://registry.npmjs.org/type-check set size:undefined disposed:false
775 silly fetch manifest levn@~0.3.0
776 silly packumentCache full:https://registry.npmjs.org/levn cache-miss
777 http fetch GET 200 https://registry.npmjs.org/levn 40ms (cache miss)
778 silly packumentCache full:https://registry.npmjs.org/levn set size:undefined disposed:false
779 silly fetch manifest fast-levenshtein@~2.0.6
780 silly packumentCache full:https://registry.npmjs.org/fast-levenshtein cache-miss
781 http fetch GET 200 https://registry.npmjs.org/fast-levenshtein 27ms (cache miss)
782 silly packumentCache full:https://registry.npmjs.org/fast-levenshtein set size:undefined disposed:false
783 silly placeDep ROOT @vercel/oidc@3.8.5 OK for: @vercel/blob@2.8.0 want: ^3.6.1
784 silly placeDep ROOT async-retry@1.3.3 OK for: @vercel/blob@2.8.0 want: ^1.3.3
785 silly placeDep ROOT is-buffer@2.0.5 OK for: @vercel/blob@2.8.0 want: ^2.0.5
786 silly placeDep ROOT is-node-process@1.2.0 OK for: @vercel/blob@2.8.0 want: ^1.2.0
787 silly placeDep ROOT throttleit@2.1.0 OK for: @vercel/blob@2.8.0 want: ^2.1.0
788 silly placeDep ROOT undici@6.28.1 OK for: @vercel/blob@2.8.0 want: ^6.23.0
789 silly fetch manifest jose@^5.9.6
790 silly packumentCache full:https://registry.npmjs.org/jose cache-miss
791 http fetch GET 200 https://registry.npmjs.org/jose 86ms (cache miss)
792 silly packumentCache full:https://registry.npmjs.org/jose set size:undefined disposed:false
793 silly fetch manifest @vercel/cli-exec@1.0.1
794 silly packumentCache full:https://registry.npmjs.org/@vercel%2fcli-exec cache-miss
795 http fetch GET 200 https://registry.npmjs.org/@vercel%2fcli-exec 65ms (cache miss)
796 silly packumentCache full:https://registry.npmjs.org/@vercel%2fcli-exec set size:undefined disposed:false
797 silly fetch manifest @vercel/cli-config@0.2.4
798 silly packumentCache full:https://registry.npmjs.org/@vercel%2fcli-config cache-miss
799 http fetch GET 200 https://registry.npmjs.org/@vercel%2fcli-config 43ms (cache miss)
800 silly packumentCache full:https://registry.npmjs.org/@vercel%2fcli-config set size:undefined disposed:false
801 silly fetch manifest retry@0.13.1
802 silly packumentCache full:https://registry.npmjs.org/retry cache-miss
803 http fetch GET 200 https://registry.npmjs.org/retry 28ms (cache miss)
804 silly packumentCache full:https://registry.npmjs.org/retry set size:undefined disposed:false
805 silly placeDep ROOT @vercel/cli-config@0.2.4 OK for: @vercel/oidc@3.8.5 want: 0.2.4
806 silly placeDep ROOT @vercel/cli-exec@1.0.1 OK for: @vercel/oidc@3.8.5 want: 1.0.1
807 silly placeDep ROOT jose@5.10.0 OK for: @vercel/oidc@3.8.5 want: ^5.9.6
808 silly fetch manifest zod@4.1.11
809 silly packumentCache full:https://registry.npmjs.org/zod cache-miss
810 http cache https://registry.npmjs.org/zod 6ms (cache hit)
811 silly packumentCache full:https://registry.npmjs.org/zod set size:4147901 disposed:false
812 silly fetch manifest xdg-app-paths@5
813 silly packumentCache full:https://registry.npmjs.org/xdg-app-paths cache-miss
814 http fetch GET 200 https://registry.npmjs.org/xdg-app-paths 33ms (cache miss)
815 silly packumentCache full:https://registry.npmjs.org/xdg-app-paths set size:undefined disposed:false
816 silly fetch manifest execa@5.1.1
817 silly packumentCache full:https://registry.npmjs.org/execa cache-miss
818 http fetch GET 200 https://registry.npmjs.org/execa 35ms (cache miss)
819 silly packumentCache full:https://registry.npmjs.org/execa set size:undefined disposed:false
820 silly placeDep ROOT xdg-app-paths@5.5.1 OK for: @vercel/cli-config@0.2.4 want: 5
821 silly placeDep ROOT zod@4.1.11 OK for: @vercel/cli-config@0.2.4 want: 4.1.11
822 silly fetch manifest os-paths@^4.0.1
823 silly packumentCache full:https://registry.npmjs.org/os-paths cache-miss
824 http fetch GET 200 https://registry.npmjs.org/os-paths 36ms (cache miss)
825 silly packumentCache full:https://registry.npmjs.org/os-paths set size:undefined disposed:false
826 silly fetch manifest xdg-portable@^7.2.0
827 silly packumentCache full:https://registry.npmjs.org/xdg-portable cache-miss
828 http fetch GET 200 https://registry.npmjs.org/xdg-portable 41ms (cache miss)
829 silly packumentCache full:https://registry.npmjs.org/xdg-portable set size:undefined disposed:false
830 silly placeDep ROOT execa@5.1.1 OK for: @vercel/cli-exec@1.0.1 want: 5.1.1
831 silly fetch manifest onetime@^5.1.2
832 silly packumentCache full:https://registry.npmjs.org/onetime cache-miss
833 http cache https://registry.npmjs.org/onetime 3ms (cache hit)
834 silly packumentCache full:https://registry.npmjs.org/onetime set size:32314 disposed:false
835 silly fetch manifest is-stream@^2.0.0
836 silly packumentCache full:https://registry.npmjs.org/is-stream cache-miss
837 http fetch GET 200 https://registry.npmjs.org/is-stream 24ms (cache miss)
838 silly packumentCache full:https://registry.npmjs.org/is-stream set size:undefined disposed:false
839 silly fetch manifest get-stream@^6.0.0
840 silly packumentCache full:https://registry.npmjs.org/get-stream cache-miss
841 http fetch GET 200 https://registry.npmjs.org/get-stream 27ms (cache miss)
842 silly packumentCache full:https://registry.npmjs.org/get-stream set size:undefined disposed:false
843 silly fetch manifest cross-spawn@^7.0.3
844 silly packumentCache full:https://registry.npmjs.org/cross-spawn cache-miss
845 http fetch GET 200 https://registry.npmjs.org/cross-spawn 30ms (cache miss)
846 silly packumentCache full:https://registry.npmjs.org/cross-spawn set size:undefined disposed:false
847 silly fetch manifest signal-exit@^3.0.3
848 silly packumentCache full:https://registry.npmjs.org/signal-exit cache-miss
849 http cache https://registry.npmjs.org/signal-exit 3ms (cache hit)
850 silly packumentCache full:https://registry.npmjs.org/signal-exit set size:53489 disposed:false
851 silly fetch manifest merge-stream@^2.0.0
852 silly packumentCache full:https://registry.npmjs.org/merge-stream cache-miss
853 http fetch GET 200 https://registry.npmjs.org/merge-stream 24ms (cache miss)
854 silly packumentCache full:https://registry.npmjs.org/merge-stream set size:undefined disposed:false
855 silly fetch manifest npm-run-path@^4.0.1
856 silly packumentCache full:https://registry.npmjs.org/npm-run-path cache-miss
857 http fetch GET 200 https://registry.npmjs.org/npm-run-path 26ms (cache miss)
858 silly packumentCache full:https://registry.npmjs.org/npm-run-path set size:undefined disposed:false
859 silly fetch manifest human-signals@^2.1.0
860 silly packumentCache full:https://registry.npmjs.org/human-signals cache-miss
861 http fetch GET 200 https://registry.npmjs.org/human-signals 38ms (cache miss)
862 silly packumentCache full:https://registry.npmjs.org/human-signals set size:undefined disposed:false
863 silly fetch manifest strip-final-newline@^2.0.0
864 silly packumentCache full:https://registry.npmjs.org/strip-final-newline cache-miss
865 http fetch GET 200 https://registry.npmjs.org/strip-final-newline 27ms (cache miss)
866 silly packumentCache full:https://registry.npmjs.org/strip-final-newline set size:undefined disposed:false
867 silly placeDep ROOT call-bind@1.0.9 OK for: assert@2.1.0 want: ^1.0.2
868 silly placeDep ROOT is-nan@1.3.2 OK for: assert@2.1.0 want: ^1.3.2
869 silly placeDep ROOT object-is@1.1.6 OK for: assert@2.1.0 want: ^1.1.5
870 silly placeDep ROOT object.assign@4.1.7 OK for: assert@2.1.0 want: ^4.1.4
871 silly placeDep ROOT util@0.12.5 OK for: assert@2.1.0 want: ^0.12.5
872 silly fetch manifest call-bind-apply-helpers@^1.0.2
873 silly packumentCache full:https://registry.npmjs.org/call-bind-apply-helpers cache-miss
874 http cache https://registry.npmjs.org/call-bind-apply-helpers 2ms (cache hit)
875 silly packumentCache full:https://registry.npmjs.org/call-bind-apply-helpers set size:12744 disposed:false
876 silly fetch manifest es-define-property@^1.0.1
877 silly packumentCache full:https://registry.npmjs.org/es-define-property cache-miss
878 http cache https://registry.npmjs.org/es-define-property 2ms (cache hit)
879 silly packumentCache full:https://registry.npmjs.org/es-define-property set size:8542 disposed:false
880 silly fetch manifest get-intrinsic@^1.3.0
881 silly packumentCache full:https://registry.npmjs.org/get-intrinsic cache-miss
882 http cache https://registry.npmjs.org/get-intrinsic 2ms (cache hit)
883 silly packumentCache full:https://registry.npmjs.org/get-intrinsic set size:60985 disposed:false
884 silly fetch manifest set-function-length@^1.2.2
885 silly packumentCache full:https://registry.npmjs.org/set-function-length cache-miss
886 http fetch GET 200 https://registry.npmjs.org/set-function-length 27ms (cache miss)
887 silly packumentCache full:https://registry.npmjs.org/set-function-length set size:undefined disposed:false
888 silly fetch manifest define-properties@^1.1.3
889 silly packumentCache full:https://registry.npmjs.org/define-properties cache-miss
890 http fetch GET 200 https://registry.npmjs.org/define-properties 27ms (cache miss)
891 silly packumentCache full:https://registry.npmjs.org/define-properties set size:undefined disposed:false
892 silly fetch manifest define-properties@^1.2.1
893 silly packumentCache full:https://registry.npmjs.org/define-properties cache-miss
894 http cache https://registry.npmjs.org/define-properties 25ms (cache hit)
895 silly packumentCache full:https://registry.npmjs.org/define-properties set size:31491 disposed:false
896 silly fetch manifest call-bound@^1.0.3
897 silly packumentCache full:https://registry.npmjs.org/call-bound cache-miss
898 http fetch GET 200 https://registry.npmjs.org/call-bound 21ms (cache miss)
899 silly packumentCache full:https://registry.npmjs.org/call-bound set size:undefined disposed:false
900 silly fetch manifest es-object-atoms@^1.0.0
901 silly packumentCache full:https://registry.npmjs.org/es-object-atoms cache-miss
902 http cache https://registry.npmjs.org/es-object-atoms 2ms (cache hit)
903 silly packumentCache full:https://registry.npmjs.org/es-object-atoms set size:18278 disposed:false
904 silly fetch manifest has-symbols@^1.1.0
905 silly packumentCache full:https://registry.npmjs.org/has-symbols cache-miss
906 http cache https://registry.npmjs.org/has-symbols 2ms (cache hit)
907 silly packumentCache full:https://registry.npmjs.org/has-symbols set size:21550 disposed:false
908 silly fetch manifest object-keys@^1.1.1
909 silly packumentCache full:https://registry.npmjs.org/object-keys cache-miss
910 http fetch GET 200 https://registry.npmjs.org/object-keys 30ms (cache miss)
911 silly packumentCache full:https://registry.npmjs.org/object-keys set size:undefined disposed:false
912 silly fetch manifest inherits@^2.0.3
913 silly packumentCache full:https://registry.npmjs.org/inherits cache-miss
914 http fetch GET 200 https://registry.npmjs.org/inherits 27ms (cache miss)
915 silly packumentCache full:https://registry.npmjs.org/inherits set size:undefined disposed:false
916 silly fetch manifest is-arguments@^1.0.4
917 silly packumentCache full:https://registry.npmjs.org/is-arguments cache-miss
918 http fetch GET 200 https://registry.npmjs.org/is-arguments 36ms (cache miss)
919 silly packumentCache full:https://registry.npmjs.org/is-arguments set size:undefined disposed:false
920 silly fetch manifest is-generator-function@^1.0.7
921 silly packumentCache full:https://registry.npmjs.org/is-generator-function cache-miss
922 http fetch GET 200 https://registry.npmjs.org/is-generator-function 31ms (cache miss)
923 silly packumentCache full:https://registry.npmjs.org/is-generator-function set size:undefined disposed:false
924 silly fetch manifest is-typed-array@^1.1.3
925 silly packumentCache full:https://registry.npmjs.org/is-typed-array cache-miss
926 http fetch GET 200 https://registry.npmjs.org/is-typed-array 27ms (cache miss)
927 silly packumentCache full:https://registry.npmjs.org/is-typed-array set size:undefined disposed:false
928 silly fetch manifest which-typed-array@^1.1.2
929 silly packumentCache full:https://registry.npmjs.org/which-typed-array cache-miss
930 http fetch GET 200 https://registry.npmjs.org/which-typed-array 27ms (cache miss)
931 silly packumentCache full:https://registry.npmjs.org/which-typed-array set size:undefined disposed:false
932 silly placeDep ROOT retry@0.13.1 OK for: async-retry@1.3.3 want: 0.13.1
933 silly placeDep ROOT call-bind-apply-helpers@1.0.2 OK for: call-bind@1.0.9 want: ^1.0.2
934 silly placeDep ROOT es-define-property@1.0.1 OK for: call-bind@1.0.9 want: ^1.0.1
935 silly placeDep ROOT get-intrinsic@1.3.0 OK for: call-bind@1.0.9 want: ^1.3.0
936 silly placeDep ROOT set-function-length@1.2.2 OK for: call-bind@1.0.9 want: ^1.2.2
937 silly fetch manifest es-errors@^1.3.0
938 silly packumentCache full:https://registry.npmjs.org/es-errors cache-miss
939 http cache https://registry.npmjs.org/es-errors 2ms (cache hit)
940 silly packumentCache full:https://registry.npmjs.org/es-errors set size:16918 disposed:false
941 silly fetch manifest function-bind@^1.1.2
942 silly packumentCache full:https://registry.npmjs.org/function-bind cache-miss
943 http cache https://registry.npmjs.org/function-bind 2ms (cache hit)
944 silly packumentCache full:https://registry.npmjs.org/function-bind set size:15733 disposed:false
945 silly fetch manifest gopd@^1.2.0
946 silly packumentCache full:https://registry.npmjs.org/gopd cache-miss
947 http cache https://registry.npmjs.org/gopd 2ms (cache hit)
948 silly packumentCache full:https://registry.npmjs.org/gopd set size:11483 disposed:false
949 silly fetch manifest hasown@^2.0.2
950 silly packumentCache full:https://registry.npmjs.org/hasown cache-miss
951 http cache https://registry.npmjs.org/hasown 2ms (cache hit)
952 silly packumentCache full:https://registry.npmjs.org/hasown set size:18361 disposed:false
953 silly fetch manifest get-proto@^1.0.1
954 silly packumentCache full:https://registry.npmjs.org/get-proto cache-miss
955 http cache https://registry.npmjs.org/get-proto 2ms (cache hit)
956 silly packumentCache full:https://registry.npmjs.org/get-proto set size:8300 disposed:false
957 silly fetch manifest es-object-atoms@^1.1.1
958 silly packumentCache full:https://registry.npmjs.org/es-object-atoms cache-hit
959 silly fetch manifest math-intrinsics@^1.1.0
960 silly packumentCache full:https://registry.npmjs.org/math-intrinsics cache-miss
961 http cache https://registry.npmjs.org/math-intrinsics 2ms (cache hit)
962 silly packumentCache full:https://registry.npmjs.org/math-intrinsics set size:9265 disposed:false
963 silly fetch manifest define-data-property@^1.1.4
964 silly packumentCache full:https://registry.npmjs.org/define-data-property cache-miss
965 http fetch GET 200 https://registry.npmjs.org/define-data-property 25ms (cache miss)
966 silly packumentCache full:https://registry.npmjs.org/define-data-property set size:undefined disposed:false
967 silly fetch manifest gopd@^1.0.1
968 silly packumentCache full:https://registry.npmjs.org/gopd cache-hit
969 silly fetch manifest has-property-descriptors@^1.0.2
970 silly packumentCache full:https://registry.npmjs.org/has-property-descriptors cache-miss
971 http fetch GET 200 https://registry.npmjs.org/has-property-descriptors 26ms (cache miss)
972 silly packumentCache full:https://registry.npmjs.org/has-property-descriptors set size:undefined disposed:false
973 silly placeDep ROOT es-errors@1.3.0 OK for: call-bind-apply-helpers@1.0.2 want: ^1.3.0
974 silly placeDep ROOT function-bind@1.1.2 OK for: call-bind-apply-helpers@1.0.2 want: ^1.1.2
975 silly placeDep ROOT ansi-styles@4.3.0 OK for: chalk@4.1.2 want: ^4.1.0
976 silly placeDep ROOT supports-color@7.2.0 OK for: chalk@4.1.2 want: ^7.1.0
977 silly fetch manifest color-convert@^2.0.1
978 silly packumentCache full:https://registry.npmjs.org/color-convert cache-miss
979 http cache https://registry.npmjs.org/color-convert 5ms (cache hit)
980 silly packumentCache full:https://registry.npmjs.org/color-convert set size:72663 disposed:false
981 silly fetch manifest has-flag@^4.0.0
982 silly packumentCache full:https://registry.npmjs.org/has-flag cache-miss
983 http cache https://registry.npmjs.org/has-flag 2ms (cache hit)
984 silly packumentCache full:https://registry.npmjs.org/has-flag set size:15180 disposed:false
985 silly placeDep ROOT color-convert@2.0.1 OK for: ansi-styles@4.3.0 want: ^2.0.1
986 silly fetch manifest color-name@~1.1.4
987 silly packumentCache full:https://registry.npmjs.org/color-name cache-miss
988 http cache https://registry.npmjs.org/color-name 2ms (cache hit)
989 silly packumentCache full:https://registry.npmjs.org/color-name set size:20968 disposed:false
990 silly placeDep ROOT @types/validator@13.15.10 OK for: class-validator@0.14.3 want: ^13.15.3
991 silly placeDep ROOT libphonenumber-js@1.13.12 OK for: class-validator@0.14.3 want: ^1.11.1
992 silly placeDep ROOT validator@13.15.35 OK for: class-validator@0.14.3 want: ^13.15.20
993 silly placeDep ROOT color-name@1.1.4 OK for: color-convert@2.0.1 want: ~1.1.4
994 silly placeDep ROOT is-safe-filename@0.1.1 OK for: env-paths@4.0.0 want: ^0.1.0
995 silly placeDep ROOT esrecurse@4.3.0 OK for: eslint-scope@8.4.0 want: ^4.3.0
996 silly placeDep ROOT estraverse@5.3.0 OK for: eslint-scope@8.4.0 want: ^5.2.0
997 silly placeDep ROOT cross-spawn@7.0.6 OK for: execa@5.1.1 want: ^7.0.3
998 silly placeDep ROOT get-stream@6.0.1 OK for: execa@5.1.1 want: ^6.0.0
999 silly placeDep ROOT human-signals@2.1.0 OK for: execa@5.1.1 want: ^2.1.0
1000 silly placeDep ROOT is-stream@2.0.1 OK for: execa@5.1.1 want: ^2.0.0
1001 silly placeDep ROOT merge-stream@2.0.0 OK for: execa@5.1.1 want: ^2.0.0
1002 silly placeDep ROOT npm-run-path@4.0.1 OK for: execa@5.1.1 want: ^4.0.1
1003 silly placeDep ROOT onetime@5.1.2 OK for: execa@5.1.1 want: ^5.1.2
1004 silly placeDep ROOT signal-exit@3.0.7 OK for: execa@5.1.1 want: ^3.0.3
1005 silly placeDep ROOT strip-final-newline@2.0.0 OK for: execa@5.1.1 want: ^2.0.0
1006 silly fetch manifest which@^2.0.1
1007 silly packumentCache full:https://registry.npmjs.org/which cache-miss
1008 http cache https://registry.npmjs.org/which 3ms (cache hit)
1009 silly packumentCache full:https://registry.npmjs.org/which set size:70087 disposed:false
1010 silly fetch manifest path-key@^3.1.0
1011 silly packumentCache full:https://registry.npmjs.org/path-key cache-miss
1012 http fetch GET 200 https://registry.npmjs.org/path-key 27ms (cache miss)
1013 silly packumentCache full:https://registry.npmjs.org/path-key set size:undefined disposed:false
1014 silly fetch manifest shebang-command@^2.0.0
1015 silly packumentCache full:https://registry.npmjs.org/shebang-command cache-miss
1016 http fetch GET 200 https://registry.npmjs.org/shebang-command 23ms (cache miss)
1017 silly packumentCache full:https://registry.npmjs.org/shebang-command set size:undefined disposed:false
1018 silly fetch manifest path-key@^3.0.0
1019 silly packumentCache full:https://registry.npmjs.org/path-key cache-miss
1020 http cache https://registry.npmjs.org/path-key 2ms (cache hit)
1021 silly packumentCache full:https://registry.npmjs.org/path-key set size:16975 disposed:false
1022 silly fetch manifest mimic-fn@^2.1.0
1023 silly packumentCache full:https://registry.npmjs.org/mimic-fn cache-miss
1024 http cache https://registry.npmjs.org/mimic-fn 2ms (cache hit)
1025 silly packumentCache full:https://registry.npmjs.org/mimic-fn set size:22257 disposed:false
1026 silly placeDep ROOT path-key@3.1.1 OK for: cross-spawn@7.0.6 want: ^3.1.0
1027 silly placeDep ROOT shebang-command@2.0.0 OK for: cross-spawn@7.0.6 want: ^2.0.0
1028 silly placeDep ROOT which@2.0.2 OK for: cross-spawn@7.0.6 want: ^2.0.1
1029 silly fetch manifest shebang-regex@^3.0.0
1030 silly packumentCache full:https://registry.npmjs.org/shebang-regex cache-miss
1031 http fetch GET 200 https://registry.npmjs.org/shebang-regex 24ms (cache miss)
1032 silly packumentCache full:https://registry.npmjs.org/shebang-regex set size:undefined disposed:false
1033 silly fetch manifest isexe@^2.0.0
1034 silly packumentCache full:https://registry.npmjs.org/isexe cache-miss
1035 http cache https://registry.npmjs.org/isexe 2ms (cache hit)
1036 silly packumentCache full:https://registry.npmjs.org/isexe set size:31756 disposed:false
1037 silly placeDep ROOT es-object-atoms@1.1.2 OK for: get-intrinsic@1.3.0 want: ^1.1.1
1038 silly placeDep ROOT get-proto@1.0.1 OK for: get-intrinsic@1.3.0 want: ^1.0.1
1039 silly placeDep ROOT gopd@1.2.0 OK for: get-intrinsic@1.3.0 want: ^1.2.0
1040 silly placeDep ROOT has-symbols@1.1.0 OK for: get-intrinsic@1.3.0 want: ^1.1.0
1041 silly placeDep ROOT hasown@2.0.4 OK for: get-intrinsic@1.3.0 want: ^2.0.2
1042 silly placeDep ROOT math-intrinsics@1.1.0 OK for: get-intrinsic@1.3.0 want: ^1.1.0
1043 silly fetch manifest dunder-proto@^1.0.1
1044 silly packumentCache full:https://registry.npmjs.org/dunder-proto cache-miss
1045 http cache https://registry.npmjs.org/dunder-proto 2ms (cache hit)
1046 silly packumentCache full:https://registry.npmjs.org/dunder-proto set size:8256 disposed:false
1047 silly placeDep ROOT dunder-proto@1.0.1 OK for: get-proto@1.0.1 want: ^1.0.1
1048 silly fetch manifest reflect-metadata@~0.2.2
1049 silly packumentCache full:https://registry.npmjs.org/reflect-metadata cache-miss
1050 http cache https://registry.npmjs.org/reflect-metadata 2ms (cache hit)
1051 silly packumentCache full:https://registry.npmjs.org/reflect-metadata set size:61305 disposed:false
1052 silly placeDep ROOT @inversifyjs/common@1.5.2 OK for: inversify@7.11.0 want: 1.5.2
1053 silly placeDep ROOT @inversifyjs/container@1.15.0 OK for: inversify@7.11.0 want: 1.15.0
1054 silly placeDep ROOT @inversifyjs/core@9.2.0 OK for: inversify@7.11.0 want: 9.2.0
1055 silly fetch manifest @inversifyjs/plugin@0.2.0
1056 silly packumentCache full:https://registry.npmjs.org/@inversifyjs%2fplugin cache-miss
1057 http fetch GET 200 https://registry.npmjs.org/@inversifyjs%2fplugin 365ms (cache miss)
1058 silly packumentCache full:https://registry.npmjs.org/@inversifyjs%2fplugin set size:undefined disposed:false
1059 silly fetch manifest @inversifyjs/reflect-metadata-utils@1.4.1
1060 silly packumentCache full:https://registry.npmjs.org/@inversifyjs%2freflect-metadata-utils cache-miss
1061 http fetch GET 200 https://registry.npmjs.org/@inversifyjs%2freflect-metadata-utils 42ms (cache miss)
1062 silly packumentCache full:https://registry.npmjs.org/@inversifyjs%2freflect-metadata-utils set size:undefined disposed:false
1063 silly fetch manifest @inversifyjs/prototype-utils@0.1.3
1064 silly packumentCache full:https://registry.npmjs.org/@inversifyjs%2fprototype-utils cache-miss
1065 http fetch GET 200 https://registry.npmjs.org/@inversifyjs%2fprototype-utils 41ms (cache miss)
1066 silly packumentCache full:https://registry.npmjs.org/@inversifyjs%2fprototype-utils set size:undefined disposed:false
1067 silly placeDep ROOT @inversifyjs/plugin@0.2.0 OK for: @inversifyjs/container@1.15.0 want: 0.2.0
1068 silly placeDep ROOT @inversifyjs/reflect-metadata-utils@1.4.1 OK for: @inversifyjs/container@1.15.0 want: 1.4.1
1069 silly placeDep ROOT @inversifyjs/prototype-utils@0.1.3 OK for: @inversifyjs/core@9.2.0 want: 0.1.3
1070 silly placeDep ROOT define-properties@1.2.1 OK for: is-nan@1.3.2 want: ^1.1.3
1071 silly fetch manifest define-data-property@^1.0.1
1072 silly packumentCache full:https://registry.npmjs.org/define-data-property cache-miss
1073 http cache https://registry.npmjs.org/define-data-property 2ms (cache hit)
1074 silly packumentCache full:https://registry.npmjs.org/define-data-property set size:28048 disposed:false
1075 silly fetch manifest has-property-descriptors@^1.0.0
1076 silly packumentCache full:https://registry.npmjs.org/has-property-descriptors cache-miss
1077 http cache https://registry.npmjs.org/has-property-descriptors 2ms (cache hit)
1078 silly packumentCache full:https://registry.npmjs.org/has-property-descriptors set size:12452 disposed:false
1079 silly placeDep ROOT define-data-property@1.1.4 OK for: define-properties@1.2.1 want: ^1.0.1
1080 silly placeDep ROOT has-property-descriptors@1.0.2 OK for: define-properties@1.2.1 want: ^1.0.0
1081 silly placeDep ROOT object-keys@1.1.1 OK for: define-properties@1.2.1 want: ^1.1.1
1082 silly placeDep ROOT @keyv/serialize@1.1.1 OK for: keyv@5.6.0 want: ^1.1.1
1083 silly placeDep ROOT curve25519-js@0.0.4 OK for: libsignal@6.0.0 want: ^0.0.4
1084 silly placeDep ROOT cheerio@1.0.0-rc.11 OK for: link-preview-js@3.2.0 want: 1.0.0-rc.11
1085 silly placeDep ROOT url@0.11.0 OK for: link-preview-js@3.2.0 want: 0.11.0
1086 silly fetch manifest parse5@^7.0.0
1087 silly packumentCache full:https://registry.npmjs.org/parse5 cache-miss
1088 http cache https://registry.npmjs.org/parse5 2ms (cache hit)
1089 silly packumentCache full:https://registry.npmjs.org/parse5 set size:123116 disposed:false
1090 silly fetch manifest domutils@^3.0.1
1091 silly packumentCache full:https://registry.npmjs.org/domutils cache-miss
1092 http cache https://registry.npmjs.org/domutils 1ms (cache hit)
1093 silly packumentCache full:https://registry.npmjs.org/domutils set size:110068 disposed:false
1094 silly fetch manifest domhandler@^5.0.3
1095 silly packumentCache full:https://registry.npmjs.org/domhandler cache-miss
1096 http cache https://registry.npmjs.org/domhandler 2ms (cache hit)
1097 silly packumentCache full:https://registry.npmjs.org/domhandler set size:78187 disposed:false
1098 silly fetch manifest htmlparser2@^8.0.1
1099 silly packumentCache full:https://registry.npmjs.org/htmlparser2 cache-miss
1100 http cache https://registry.npmjs.org/htmlparser2 2ms (cache hit)
1101 silly packumentCache full:https://registry.npmjs.org/htmlparser2 set size:176895 disposed:false
1102 silly fetch manifest cheerio-select@^2.1.0
1103 silly packumentCache full:https://registry.npmjs.org/cheerio-select cache-miss
1104 http cache https://registry.npmjs.org/cheerio-select 2ms (cache hit)
1105 silly packumentCache full:https://registry.npmjs.org/cheerio-select set size:36915 disposed:false
1106 silly fetch manifest dom-serializer@^2.0.0
1107 silly packumentCache full:https://registry.npmjs.org/dom-serializer cache-miss
1108 http cache https://registry.npmjs.org/dom-serializer 2ms (cache hit)
1109 silly packumentCache full:https://registry.npmjs.org/dom-serializer set size:61296 disposed:false
1110 silly fetch manifest parse5-htmlparser2-tree-adapter@^7.0.0
1111 silly packumentCache full:https://registry.npmjs.org/parse5-htmlparser2-tree-adapter cache-miss
1112 http cache https://registry.npmjs.org/parse5-htmlparser2-tree-adapter 2ms (cache hit)
1113 silly packumentCache full:https://registry.npmjs.org/parse5-htmlparser2-tree-adapter set size:24244 disposed:false
1114 silly fetch manifest punycode@1.3.2
1115 silly packumentCache full:https://registry.npmjs.org/punycode cache-miss
1116 http fetch GET 200 https://registry.npmjs.org/punycode 33ms (cache miss)
1117 silly packumentCache full:https://registry.npmjs.org/punycode set size:undefined disposed:false
1118 silly fetch manifest querystring@0.2.0
1119 silly packumentCache full:https://registry.npmjs.org/querystring cache-miss
1120 http fetch GET 200 https://registry.npmjs.org/querystring 29ms (cache miss)
1121 silly packumentCache full:https://registry.npmjs.org/querystring set size:undefined disposed:false
1122 silly placeDep ROOT cheerio-select@2.1.0 OK for: cheerio@1.0.0-rc.11 want: ^2.1.0
1123 silly placeDep ROOT dom-serializer@2.0.0 OK for: cheerio@1.0.0-rc.11 want: ^2.0.0
1124 silly placeDep ROOT domhandler@5.0.3 OK for: cheerio@1.0.0-rc.11 want: ^5.0.3
1125 silly placeDep ROOT domutils@3.2.2 OK for: cheerio@1.0.0-rc.11 want: ^3.0.1
1126 silly placeDep ROOT htmlparser2@8.0.2 OK for: cheerio@1.0.0-rc.11 want: ^8.0.1
1127 silly placeDep ROOT parse5@7.3.0 OK for: cheerio@1.0.0-rc.11 want: ^7.0.0
1128 silly placeDep ROOT parse5-htmlparser2-tree-adapter@7.1.0 OK for: cheerio@1.0.0-rc.11 want: ^7.0.0
1129 silly fetch manifest boolbase@^1.0.0
1130 silly packumentCache full:https://registry.npmjs.org/boolbase cache-miss
1131 http cache https://registry.npmjs.org/boolbase 2ms (cache hit)
1132 silly packumentCache full:https://registry.npmjs.org/boolbase set size:4438 disposed:false
1133 silly fetch manifest css-what@^6.1.0
1134 silly packumentCache full:https://registry.npmjs.org/css-what cache-miss
1135 http cache https://registry.npmjs.org/css-what 3ms (cache hit)
1136 silly packumentCache full:https://registry.npmjs.org/css-what set size:81721 disposed:false
1137 silly fetch manifest css-select@^5.1.0
1138 silly packumentCache full:https://registry.npmjs.org/css-select cache-miss
1139 http cache https://registry.npmjs.org/css-select 2ms (cache hit)
1140 silly packumentCache full:https://registry.npmjs.org/css-select set size:111202 disposed:false
1141 silly fetch manifest domelementtype@^2.3.0
1142 silly packumentCache full:https://registry.npmjs.org/domelementtype cache-miss
1143 http cache https://registry.npmjs.org/domelementtype 2ms (cache hit)
1144 silly packumentCache full:https://registry.npmjs.org/domelementtype set size:33363 disposed:false
1145 silly fetch manifest entities@^4.2.0
1146 silly packumentCache full:https://registry.npmjs.org/entities cache-miss
1147 http cache https://registry.npmjs.org/entities 8ms (cache hit)
1148 silly packumentCache full:https://registry.npmjs.org/entities set size:101550 disposed:false
1149 silly fetch manifest domhandler@^5.0.2
1150 silly packumentCache full:https://registry.npmjs.org/domhandler cache-hit
1151 silly fetch manifest entities@^4.4.0
1152 silly packumentCache full:https://registry.npmjs.org/entities cache-hit
1153 silly fetch manifest entities@^6.0.0
1154 silly packumentCache full:https://registry.npmjs.org/entities cache-hit
1155 silly placeDep ROOT boolbase@1.0.0 OK for: cheerio-select@2.1.0 want: ^1.0.0
1156 silly placeDep ROOT css-select@5.2.2 OK for: cheerio-select@2.1.0 want: ^5.1.0
1157 silly placeDep ROOT css-what@6.2.2 OK for: cheerio-select@2.1.0 want: ^6.1.0
1158 silly placeDep ROOT domelementtype@2.3.0 OK for: cheerio-select@2.1.0 want: ^2.3.0
1159 silly fetch manifest nth-check@^2.0.1
1160 silly packumentCache full:https://registry.npmjs.org/nth-check cache-miss
1161 http cache https://registry.npmjs.org/nth-check 2ms (cache hit)
1162 silly packumentCache full:https://registry.npmjs.org/nth-check set size:27445 disposed:false
1163 silly placeDep ROOT nth-check@2.1.1 OK for: css-select@5.2.2 want: ^2.0.1
1164 silly placeDep ROOT entities@4.5.0 OK for: dom-serializer@2.0.0 want: ^4.2.0
1165 silly placeDep ROOT charenc@0.0.2 OK for: md5@2.3.0 want: 0.0.2
1166 silly placeDep ROOT crypt@0.0.2 OK for: md5@2.3.0 want: 0.0.2
1167 silly placeDep node_modules/md5 is-buffer@1.1.6 OK for: md5@2.3.0 want: ~1.1.6
1168 silly placeDep ROOT @types/minimatch@3.0.5 OK for: multimatch@5.0.0 want: ^3.0.3
1169 silly placeDep ROOT array-differ@3.0.0 OK for: multimatch@5.0.0 want: ^3.0.0
1170 silly placeDep ROOT array-union@2.1.0 OK for: multimatch@5.0.0 want: ^2.1.0
1171 silly placeDep ROOT arrify@2.0.1 OK for: multimatch@5.0.0 want: ^2.0.1
1172 silly placeDep ROOT minimatch@3.1.5 OK for: multimatch@5.0.0 want: ^3.0.4
1173 silly fetch manifest brace-expansion@^1.1.7
1174 silly packumentCache full:https://registry.npmjs.org/brace-expansion cache-miss
1175 http cache https://registry.npmjs.org/brace-expansion 6ms (cache hit)
1176 silly packumentCache full:https://registry.npmjs.org/brace-expansion set size:101024 disposed:false
1177 silly placeDep ROOT brace-expansion@1.1.18 OK for: minimatch@3.1.5 want: ^1.1.7
1178 silly fetch manifest concat-map@0.0.1
1179 silly packumentCache full:https://registry.npmjs.org/concat-map cache-miss
1180 http cache https://registry.npmjs.org/concat-map 3ms (cache hit)
1181 silly packumentCache full:https://registry.npmjs.org/concat-map set size:9290 disposed:false
1182 silly fetch manifest balanced-match@^1.0.0
1183 silly packumentCache full:https://registry.npmjs.org/balanced-match cache-miss
1184 http cache https://registry.npmjs.org/balanced-match 3ms (cache hit)
1185 silly packumentCache full:https://registry.npmjs.org/balanced-match set size:39082 disposed:false
1186 silly placeDep ROOT balanced-match@1.0.2 OK for: brace-expansion@1.1.18 want: ^1.0.0
1187 silly placeDep ROOT concat-map@0.0.1 OK for: brace-expansion@1.1.18 want: 0.0.1
1188 silly placeDep ROOT @borewit/text-codec@0.2.2 OK for: music-metadata@11.15.0 want: ^0.2.2
1189 silly placeDep ROOT @tokenizer/token@0.3.0 OK for: music-metadata@11.15.0 want: ^0.3.0
1190 silly placeDep ROOT content-type@2.1.0 OK for: music-metadata@11.15.0 want: ^2.1.0
1191 silly placeDep ROOT debug@4.4.3 OK for: music-metadata@11.15.0 want: ^4.4.3
1192 silly placeDep ROOT file-type@21.3.4 OK for: music-metadata@11.15.0 want: ^21.3.4
1193 silly placeDep ROOT media-typer@2.0.0 OK for: music-metadata@11.15.0 want: ^2.0.0
1194 silly placeDep ROOT strtok3@10.3.5 OK for: music-metadata@11.15.0 want: ^10.3.5
1195 silly placeDep ROOT token-types@6.1.2 OK for: music-metadata@11.15.0 want: ^6.1.2
1196 silly placeDep ROOT uint8array-extras@1.5.0 OK for: music-metadata@11.15.0 want: ^1.5.0
1197 silly placeDep ROOT win-guid@0.2.1 OK for: music-metadata@11.15.0 want: ^0.2.1
1198 silly fetch manifest ms@^2.1.3
1199 silly packumentCache full:https://registry.npmjs.org/ms cache-miss
1200 http cache https://registry.npmjs.org/ms 3ms (cache hit)
1201 silly packumentCache full:https://registry.npmjs.org/ms set size:92208 disposed:false
1202 silly fetch manifest strtok3@^10.3.4
1203 silly packumentCache full:https://registry.npmjs.org/strtok3 cache-hit
1204 silly fetch manifest token-types@^6.1.1
1205 silly packumentCache full:https://registry.npmjs.org/token-types cache-hit
1206 silly fetch manifest uint8array-extras@^1.4.0
1207 silly packumentCache full:https://registry.npmjs.org/uint8array-extras cache-hit
1208 silly fetch manifest @tokenizer/inflate@^0.4.1
1209 silly packumentCache full:https://registry.npmjs.org/@tokenizer%2finflate cache-miss
1210 http cache https://registry.npmjs.org/@tokenizer%2finflate 5ms (cache hit)
1211 silly packumentCache full:https://registry.npmjs.org/@tokenizer%2finflate set size:32390 disposed:false
1212 silly fetch manifest ieee754@^1.2.1
1213 silly packumentCache full:https://registry.npmjs.org/ieee754 cache-miss
1214 http cache https://registry.npmjs.org/ieee754 4ms (cache hit)
1215 silly packumentCache full:https://registry.npmjs.org/ieee754 set size:34910 disposed:false
1216 silly placeDep ROOT ms@2.1.3 OK for: debug@4.4.3 want: ^2.1.3
1217 silly placeDep ROOT @tokenizer/inflate@0.4.1 OK for: file-type@21.3.4 want: ^0.4.1
1218 silly placeDep ROOT call-bound@1.0.4 OK for: object.assign@4.1.7 want: ^1.0.3
1219 silly placeDep ROOT mimic-fn@2.1.0 OK for: onetime@5.1.2 want: ^2.1.0
1220 silly placeDep ROOT deep-is@0.1.4 OK for: optionator@0.8.3 want: ~0.1.3
1221 silly placeDep ROOT fast-levenshtein@2.0.6 OK for: optionator@0.8.3 want: ~2.0.6
1222 silly placeDep ROOT levn@0.3.0 OK for: optionator@0.8.3 want: ~0.3.0
1223 silly placeDep ROOT prelude-ls@1.1.2 OK for: optionator@0.8.3 want: ~1.1.2
1224 silly placeDep ROOT type-check@0.3.2 OK for: optionator@0.8.3 want: ~0.3.2
1225 silly placeDep ROOT word-wrap@1.2.5 OK for: optionator@0.8.3 want: ~1.2.3
1226 silly placeDep ROOT eventemitter3@5.0.4 OK for: p-queue@9.3.3 want: ^5.0.4
1227 silly placeDep ROOT p-timeout@7.0.1 OK for: p-queue@9.3.3 want: ^7.0.0
1228 silly placeDep node_modules/parse5 entities@6.0.1 OK for: parse5@7.3.0 want: ^6.0.0
1229 silly placeDep ROOT @pinojs/redact@0.4.0 OK for: pino@9.14.0 want: ^0.4.0
1230 silly placeDep ROOT atomic-sleep@1.0.0 OK for: pino@9.14.0 want: ^1.0.0
1231 silly placeDep ROOT on-exit-leak-free@2.1.2 OK for: pino@9.14.0 want: ^2.1.0
1232 silly placeDep ROOT pino-abstract-transport@2.0.0 OK for: pino@9.14.0 want: ^2.0.0
1233 silly placeDep ROOT pino-std-serializers@7.1.0 OK for: pino@9.14.0 want: ^7.0.0
1234 silly placeDep ROOT process-warning@5.1.0 OK for: pino@9.14.0 want: ^5.0.0
1235 silly placeDep ROOT quick-format-unescaped@4.0.4 OK for: pino@9.14.0 want: ^4.0.3
1236 silly placeDep ROOT real-require@0.2.0 OK for: pino@9.14.0 want: ^0.2.0
1237 silly placeDep ROOT safe-stable-stringify@2.5.0 OK for: pino@9.14.0 want: ^2.3.1
1238 silly placeDep ROOT sonic-boom@4.2.1 OK for: pino@9.14.0 want: ^4.0.1
1239 silly placeDep ROOT thread-stream@3.2.0 OK for: pino@9.14.0 want: ^3.0.0
1240 silly fetch manifest split2@^4.0.0
1241 silly packumentCache full:https://registry.npmjs.org/split2 cache-miss
1242 http cache https://registry.npmjs.org/split2 5ms (cache hit)
1243 silly packumentCache full:https://registry.npmjs.org/split2 set size:47438 disposed:false
1244 silly placeDep ROOT split2@4.2.0 OK for: pino-abstract-transport@2.0.0 want: ^4.0.0
1245 silly placeDep ROOT @protobufjs/aspromise@1.1.2 OK for: protobufjs@7.6.6 want: ^1.1.2
1246 silly placeDep ROOT @protobufjs/base64@1.1.2 OK for: protobufjs@7.6.6 want: ^1.1.2
1247 silly placeDep ROOT @protobufjs/codegen@2.0.5 OK for: protobufjs@7.6.6 want: ^2.0.5
1248 silly placeDep ROOT @protobufjs/eventemitter@1.1.1 OK for: protobufjs@7.6.6 want: ^1.1.1
1249 silly placeDep ROOT @protobufjs/fetch@1.1.1 OK for: protobufjs@7.6.6 want: ^1.1.1
1250 silly placeDep ROOT @protobufjs/float@1.0.2 OK for: protobufjs@7.6.6 want: ^1.0.2
1251 silly placeDep ROOT @protobufjs/path@1.1.2 OK for: protobufjs@7.6.6 want: ^1.1.2
1252 silly placeDep ROOT @protobufjs/pool@1.1.0 OK for: protobufjs@7.6.6 want: ^1.1.0
1253 silly placeDep ROOT @protobufjs/utf8@1.1.2 OK for: protobufjs@7.6.6 want: ^1.1.1
1254 silly placeDep ROOT long@5.3.2 OK for: protobufjs@7.6.6 want: ^5.3.2
1255 silly placeDep ROOT escodegen@2.1.0 OK for: protobufjs-cli@2.7.0 want: ^2.0.0
1256 silly placeDep ROOT espree@9.6.1 OK for: protobufjs-cli@2.7.0 want: ^9.6.1
1257 silly placeDep ROOT glob@8.1.0 OK for: protobufjs-cli@2.7.0 want: ^8.1.0
1258 silly placeDep ROOT jsdoc@4.0.5 OK for: protobufjs-cli@2.7.0 want: ^4.0.5
1259 silly placeDep ROOT minimist@1.2.8 OK for: protobufjs-cli@2.7.0 want: ^1.2.8
1260 warn ERESOLVE overriding peer dependency {
1260 warn ERESOLVE   code: 'ERESOLVE',
1260 warn ERESOLVE   edge: {
1260 warn ERESOLVE     type: 'peer',
1260 warn ERESOLVE     name: 'protobufjs',
1260 warn ERESOLVE     spec: '^8.8.0',
1260 warn ERESOLVE     error: 'INVALID',
1260 warn ERESOLVE     from: {
1260 warn ERESOLVE       name: 'protobufjs-cli',
1260 warn ERESOLVE       version: '2.7.0',
1260 warn ERESOLVE       location: 'node_modules/protobufjs-cli',
1260 warn ERESOLVE       isWorkspace: false,
1260 warn ERESOLVE       dependents: [Array]
1260 warn ERESOLVE     }
1260 warn ERESOLVE   },
1260 warn ERESOLVE   dep: {
1260 warn ERESOLVE     name: 'protobufjs',
1260 warn ERESOLVE     version: '8.8.0',
1260 warn ERESOLVE     whileInstalling: {
1260 warn ERESOLVE       name: 'protobufjs-cli',
1260 warn ERESOLVE       version: '2.7.0',
1260 warn ERESOLVE       path: '/home/container/.npm/_cacache/tmp/git-clone78jpT4/node_modules/protobufjs-cli'
1260 warn ERESOLVE     },
1260 warn ERESOLVE     location: 'node_modules/protobufjs',
1260 warn ERESOLVE     isWorkspace: false,
1260 warn ERESOLVE     dependents: [ [Object] ]
1260 warn ERESOLVE   },
1260 warn ERESOLVE   force: true,
1260 warn ERESOLVE   isMine: true,
1260 warn ERESOLVE   strictPeerDeps: false,
1260 warn ERESOLVE   current: {
1260 warn ERESOLVE     name: 'protobufjs',
1260 warn ERESOLVE     version: '7.6.6',
1260 warn ERESOLVE     location: 'node_modules/protobufjs',
1260 warn ERESOLVE     isWorkspace: false,
1260 warn ERESOLVE     dependents: [ [Object], [Object] ]
1260 warn ERESOLVE   },
1260 warn ERESOLVE   peerConflict: {
1260 warn ERESOLVE     current: {
1260 warn ERESOLVE       name: 'protobufjs',
1260 warn ERESOLVE       version: '7.6.6',
1260 warn ERESOLVE       location: 'node_modules/protobufjs',
1260 warn ERESOLVE       isWorkspace: false,
1260 warn ERESOLVE       dependents: [Array]
1260 warn ERESOLVE     },
1260 warn ERESOLVE     peer: {
1260 warn ERESOLVE       name: 'protobufjs',
1260 warn ERESOLVE       version: '8.8.0',
1260 warn ERESOLVE       whileInstalling: [Object],
1260 warn ERESOLVE       location: 'node_modules/protobufjs',
1260 warn ERESOLVE       isWorkspace: false,
1260 warn ERESOLVE       dependents: [Array]
1260 warn ERESOLVE     }
1260 warn ERESOLVE   }
1260 warn ERESOLVE }
1261 silly placeDep ROOT tmp@0.2.7 OK for: protobufjs-cli@2.7.0 want: ^0.2.7
1262 silly fetch manifest acorn-jsx@^5.3.2
1263 silly packumentCache full:https://registry.npmjs.org/acorn-jsx cache-miss
1264 http fetch GET 200 https://registry.npmjs.org/acorn-jsx 32ms (cache miss)
1265 silly packumentCache full:https://registry.npmjs.org/acorn-jsx set size:undefined disposed:false
1266 silly fetch manifest eslint-visitor-keys@^3.4.1
1267 silly packumentCache full:https://registry.npmjs.org/eslint-visitor-keys cache-miss
1268 http cache https://registry.npmjs.org/eslint-visitor-keys 2ms (cache hit)
1269 silly packumentCache full:https://registry.npmjs.org/eslint-visitor-keys set size:69949 disposed:false
1270 silly fetch manifest once@^1.3.0
1271 silly packumentCache full:https://registry.npmjs.org/once cache-miss
1272 http fetch GET 200 https://registry.npmjs.org/once 27ms (cache miss)
1273 silly packumentCache full:https://registry.npmjs.org/once set size:undefined disposed:false
1274 silly fetch manifest inflight@^1.0.4
1275 silly packumentCache full:https://registry.npmjs.org/inflight cache-miss
1276 http fetch GET 200 https://registry.npmjs.org/inflight 26ms (cache miss)
1277 silly packumentCache full:https://registry.npmjs.org/inflight set size:undefined disposed:false
1278 silly fetch manifest inherits@2
1279 silly packumentCache full:https://registry.npmjs.org/inherits cache-miss
1280 http cache https://registry.npmjs.org/inherits 5ms (cache hit)
1281 silly packumentCache full:https://registry.npmjs.org/inherits set size:12925 disposed:false
1282 silly fetch manifest minimatch@^5.0.1
1283 silly packumentCache full:https://registry.npmjs.org/minimatch cache-hit
1284 silly fetch manifest fs.realpath@^1.0.0
1285 silly packumentCache full:https://registry.npmjs.org/fs.realpath cache-miss
1286 http fetch GET 200 https://registry.npmjs.org/fs.realpath 25ms (cache miss)
1287 silly packumentCache full:https://registry.npmjs.org/fs.realpath set size:undefined disposed:false
1288 silly fetch manifest @babel/parser@^7.20.15
1289 silly packumentCache full:https://registry.npmjs.org/@babel%2fparser cache-miss
1290 http fetch GET 200 https://registry.npmjs.org/@babel%2fparser 63ms (cache miss)
1291 silly packumentCache full:https://registry.npmjs.org/@babel%2fparser set size:undefined disposed:false
1292 silly fetch manifest @jsdoc/salty@^0.2.1
1293 silly packumentCache full:https://registry.npmjs.org/@jsdoc%2fsalty cache-miss
1294 http fetch GET 200 https://registry.npmjs.org/@jsdoc%2fsalty 40ms (cache miss)
1295 silly packumentCache full:https://registry.npmjs.org/@jsdoc%2fsalty set size:undefined disposed:false
1296 silly fetch manifest @types/markdown-it@^14.1.1
1297 silly packumentCache full:https://registry.npmjs.org/@types%2fmarkdown-it cache-miss
1298 http fetch GET 200 https://registry.npmjs.org/@types%2fmarkdown-it 37ms (cache miss)
1299 silly packumentCache full:https://registry.npmjs.org/@types%2fmarkdown-it set size:undefined disposed:false
1300 silly fetch manifest bluebird@^3.7.2
1301 silly packumentCache full:https://registry.npmjs.org/bluebird cache-miss
1302 http fetch GET 200 https://registry.npmjs.org/bluebird 40ms (cache miss)
1303 silly packumentCache full:https://registry.npmjs.org/bluebird set size:undefined disposed:false
1304 silly fetch manifest catharsis@^0.9.0
1305 silly packumentCache full:https://registry.npmjs.org/catharsis cache-miss
1306 http fetch GET 200 https://registry.npmjs.org/catharsis 35ms (cache miss)
1307 silly packumentCache full:https://registry.npmjs.org/catharsis set size:undefined disposed:false
1308 silly fetch manifest escape-string-regexp@^2.0.0
1309 silly packumentCache full:https://registry.npmjs.org/escape-string-regexp cache-miss
1310 http fetch GET 200 https://registry.npmjs.org/escape-string-regexp 27ms (cache miss)
1311 silly packumentCache full:https://registry.npmjs.org/escape-string-regexp set size:undefined disposed:false
1312 silly fetch manifest js2xmlparser@^4.0.2
1313 silly packumentCache full:https://registry.npmjs.org/js2xmlparser cache-miss
1314 http fetch GET 200 https://registry.npmjs.org/js2xmlparser 27ms (cache miss)
1315 silly packumentCache full:https://registry.npmjs.org/js2xmlparser set size:undefined disposed:false
1316 silly fetch manifest klaw@^3.0.0
1317 silly packumentCache full:https://registry.npmjs.org/klaw cache-miss
1318 http fetch GET 200 https://registry.npmjs.org/klaw 26ms (cache miss)
1319 silly packumentCache full:https://registry.npmjs.org/klaw set size:undefined disposed:false
1320 silly fetch manifest markdown-it@^14.1.0
1321 silly packumentCache full:https://registry.npmjs.org/markdown-it cache-miss
1322 http fetch GET 200 https://registry.npmjs.org/markdown-it 39ms (cache miss)
1323 silly packumentCache full:https://registry.npmjs.org/markdown-it set size:undefined disposed:false
1324 silly fetch manifest markdown-it-anchor@^8.6.7
1325 silly packumentCache full:https://registry.npmjs.org/markdown-it-anchor cache-miss
1326 http fetch GET 200 https://registry.npmjs.org/markdown-it-anchor 213ms (cache miss)
1327 silly packumentCache full:https://registry.npmjs.org/markdown-it-anchor set size:undefined disposed:false
1328 silly fetch manifest marked@^4.0.10
1329 silly packumentCache full:https://registry.npmjs.org/marked cache-miss
1330 http fetch GET 200 https://registry.npmjs.org/marked 64ms (cache miss)
1331 silly packumentCache full:https://registry.npmjs.org/marked set size:undefined disposed:false
1332 silly fetch manifest mkdirp@^1.0.4
1333 silly packumentCache full:https://registry.npmjs.org/mkdirp cache-miss
1334 http fetch GET 200 https://registry.npmjs.org/mkdirp 32ms (cache miss)
1335 silly packumentCache full:https://registry.npmjs.org/mkdirp set size:undefined disposed:false
1336 silly fetch manifest requizzle@^0.2.3
1337 silly packumentCache full:https://registry.npmjs.org/requizzle cache-miss
1338 http fetch GET 200 https://registry.npmjs.org/requizzle 58ms (cache miss)
1339 silly packumentCache full:https://registry.npmjs.org/requizzle set size:undefined disposed:false
1340 silly fetch manifest strip-json-comments@^3.1.0
1341 silly packumentCache full:https://registry.npmjs.org/strip-json-comments cache-miss
1342 http fetch GET 200 https://registry.npmjs.org/strip-json-comments 39ms (cache miss)
1343 silly packumentCache full:https://registry.npmjs.org/strip-json-comments set size:undefined disposed:false
1344 silly fetch manifest underscore@~1.13.2
1345 silly packumentCache full:https://registry.npmjs.org/underscore cache-miss
1346 http fetch GET 200 https://registry.npmjs.org/underscore 48ms (cache miss)
1347 silly packumentCache full:https://registry.npmjs.org/underscore set size:undefined disposed:false
1348 silly fetch manifest acorn@^8.9.0
1349 silly packumentCache full:https://registry.npmjs.org/acorn cache-hit
1350 silly placeDep ROOT acorn-jsx@5.3.2 OK for: espree@9.6.1 want: ^5.3.2
1351 silly placeDep node_modules/espree eslint-visitor-keys@3.4.3 OK for: espree@9.6.1 want: ^3.4.1
1352 silly placeDep ROOT fs.realpath@1.0.0 OK for: glob@8.1.0 want: ^1.0.0
1353 silly placeDep ROOT inflight@1.0.6 OK for: glob@8.1.0 want: ^1.0.4
1354 silly placeDep ROOT inherits@2.0.4 OK for: glob@8.1.0 want: 2
1355 silly placeDep node_modules/glob minimatch@5.1.9 OK for: glob@8.1.0 want: ^5.0.1
1356 silly placeDep ROOT once@1.4.0 OK for: glob@8.1.0 want: ^1.3.0
1357 silly fetch manifest wrappy@1
1358 silly packumentCache full:https://registry.npmjs.org/wrappy cache-miss
1359 http fetch GET 200 https://registry.npmjs.org/wrappy 32ms (cache miss)
1360 silly packumentCache full:https://registry.npmjs.org/wrappy set size:undefined disposed:false
1361 silly fetch manifest brace-expansion@^2.0.1
1362 silly packumentCache full:https://registry.npmjs.org/brace-expansion cache-hit
1363 silly placeDep ROOT wrappy@1.0.2 OK for: inflight@1.0.6 want: 1
1364 silly placeDep ROOT @babel/parser@7.29.8 OK for: jsdoc@4.0.5 want: ^7.20.15
1365 silly placeDep ROOT @jsdoc/salty@0.2.12 OK for: jsdoc@4.0.5 want: ^0.2.1
1366 silly placeDep ROOT @types/markdown-it@14.2.0 OK for: jsdoc@4.0.5 want: ^14.1.1
1367 silly placeDep ROOT bluebird@3.7.2 OK for: jsdoc@4.0.5 want: ^3.7.2
1368 silly placeDep ROOT catharsis@0.9.0 OK for: jsdoc@4.0.5 want: ^0.9.0
1369 silly placeDep ROOT escape-string-regexp@2.0.0 OK for: jsdoc@4.0.5 want: ^2.0.0
1370 silly placeDep ROOT js2xmlparser@4.0.2 OK for: jsdoc@4.0.5 want: ^4.0.2
1371 silly placeDep ROOT klaw@3.0.0 OK for: jsdoc@4.0.5 want: ^3.0.0
1372 silly placeDep ROOT markdown-it@14.3.1 OK for: jsdoc@4.0.5 want: ^14.1.0
1373 silly placeDep ROOT markdown-it-anchor@8.6.7 OK for: jsdoc@4.0.5 want: ^8.6.7
1374 silly placeDep ROOT marked@4.3.0 OK for: jsdoc@4.0.5 want: ^4.0.10
1375 silly placeDep ROOT mkdirp@1.0.4 OK for: jsdoc@4.0.5 want: ^1.0.4
1376 silly placeDep ROOT requizzle@0.2.4 OK for: jsdoc@4.0.5 want: ^0.2.3
1377 silly placeDep ROOT strip-json-comments@3.1.1 OK for: jsdoc@4.0.5 want: ^3.1.0
1378 silly placeDep ROOT underscore@1.13.8 OK for: jsdoc@4.0.5 want: ~1.13.2
1379 silly fetch manifest @babel/types@^7.29.8
1380 silly packumentCache full:https://registry.npmjs.org/@babel%2ftypes cache-miss
1381 http fetch GET 200 https://registry.npmjs.org/@babel%2ftypes 82ms (cache miss)
1382 silly packumentCache full:https://registry.npmjs.org/@babel%2ftypes set size:undefined disposed:false
1383 silly fetch manifest lodash@^4.18.1
1384 silly packumentCache full:https://registry.npmjs.org/lodash cache-miss
1385 http fetch GET 200 https://registry.npmjs.org/lodash 50ms (cache miss)
1386 silly packumentCache full:https://registry.npmjs.org/lodash set size:undefined disposed:false
1387 silly fetch manifest @types/mdurl@^2
1388 silly packumentCache full:https://registry.npmjs.org/@types%2fmdurl cache-miss
1389 http fetch GET 200 https://registry.npmjs.org/@types%2fmdurl 36ms (cache miss)
1390 silly packumentCache full:https://registry.npmjs.org/@types%2fmdurl set size:undefined disposed:false
1391 silly fetch manifest @types/linkify-it@^5
1392 silly packumentCache full:https://registry.npmjs.org/@types%2flinkify-it cache-miss
1393 http fetch GET 200 https://registry.npmjs.org/@types%2flinkify-it 61ms (cache miss)
1394 silly packumentCache full:https://registry.npmjs.org/@types%2flinkify-it set size:undefined disposed:false
1395 silly fetch manifest lodash@^4.17.15
1396 silly packumentCache full:https://registry.npmjs.org/lodash cache-miss
1397 http cache https://registry.npmjs.org/lodash 6ms (cache hit)
1398 silly packumentCache full:https://registry.npmjs.org/lodash set size:247652 disposed:false
1399 silly fetch manifest xmlcreate@^2.0.4
1400 silly packumentCache full:https://registry.npmjs.org/xmlcreate cache-miss
1401 http fetch GET 200 https://registry.npmjs.org/xmlcreate 30ms (cache miss)
1402 silly packumentCache full:https://registry.npmjs.org/xmlcreate set size:undefined disposed:false
1403 silly fetch manifest graceful-fs@^4.1.9
1404 silly packumentCache full:https://registry.npmjs.org/graceful-fs cache-miss
1405 http fetch GET 200 https://registry.npmjs.org/graceful-fs 37ms (cache miss)
1406 silly packumentCache full:https://registry.npmjs.org/graceful-fs set size:undefined disposed:false
1407 silly fetch manifest mdurl@^2.0.0
1408 silly packumentCache full:https://registry.npmjs.org/mdurl cache-miss
1409 http fetch GET 200 https://registry.npmjs.org/mdurl 35ms (cache miss)
1410 silly packumentCache full:https://registry.npmjs.org/mdurl set size:undefined disposed:false
1411 silly fetch manifest argparse@^2.0.1
1412 silly packumentCache full:https://registry.npmjs.org/argparse cache-miss
1413 http fetch GET 200 https://registry.npmjs.org/argparse 37ms (cache miss)
1414 silly packumentCache full:https://registry.npmjs.org/argparse set size:undefined disposed:false
1415 silly fetch manifest uc.micro@^2.1.0
1416 silly packumentCache full:https://registry.npmjs.org/uc.micro cache-miss
1417 http fetch GET 200 https://registry.npmjs.org/uc.micro 71ms (cache miss)
1418 silly packumentCache full:https://registry.npmjs.org/uc.micro set size:undefined disposed:false
1419 silly fetch manifest linkify-it@^5.0.2
1420 silly packumentCache full:https://registry.npmjs.org/linkify-it cache-miss
1421 http fetch GET 200 https://registry.npmjs.org/linkify-it 30ms (cache miss)
1422 silly packumentCache full:https://registry.npmjs.org/linkify-it set size:undefined disposed:false
1423 silly fetch manifest punycode.js@^2.3.1
1424 silly packumentCache full:https://registry.npmjs.org/punycode.js cache-miss
1425 http fetch GET 200 https://registry.npmjs.org/punycode.js 27ms (cache miss)
1426 silly packumentCache full:https://registry.npmjs.org/punycode.js set size:undefined disposed:false
1427 silly fetch manifest lodash@^4.17.21
1428 silly packumentCache full:https://registry.npmjs.org/lodash cache-hit
1429 silly placeDep ROOT @babel/types@7.29.8 OK for: @babel/parser@7.29.8 want: ^7.29.8
1430 silly fetch manifest @babel/helper-string-parser@^7.29.7
1431 silly packumentCache full:https://registry.npmjs.org/@babel%2fhelper-string-parser cache-miss
1432 http fetch GET 200 https://registry.npmjs.org/@babel%2fhelper-string-parser 41ms (cache miss)
1433 silly packumentCache full:https://registry.npmjs.org/@babel%2fhelper-string-parser set size:undefined disposed:false
1434 silly fetch manifest @babel/helper-validator-identifier@^7.29.7
1435 silly packumentCache full:https://registry.npmjs.org/@babel%2fhelper-validator-identifier cache-miss
1436 http fetch GET 200 https://registry.npmjs.org/@babel%2fhelper-validator-identifier 52ms (cache miss)
1437 silly packumentCache full:https://registry.npmjs.org/@babel%2fhelper-validator-identifier set size:undefined disposed:false
1438 silly placeDep ROOT @babel/helper-string-parser@7.29.7 OK for: @babel/types@7.29.8 want: ^7.29.7
1439 silly placeDep ROOT @babel/helper-validator-identifier@7.29.7 OK for: @babel/types@7.29.8 want: ^7.29.7
1440 silly placeDep ROOT lodash@4.18.1 OK for: @jsdoc/salty@0.2.12 want: ^4.18.1
1441 silly placeDep ROOT @types/linkify-it@5.0.0 OK for: @types/markdown-it@14.2.0 want: ^5
1442 silly placeDep ROOT @types/mdurl@2.0.0 OK for: @types/markdown-it@14.2.0 want: ^2
1443 silly placeDep ROOT xmlcreate@2.0.4 OK for: js2xmlparser@4.0.2 want: ^2.0.4
1444 silly placeDep ROOT graceful-fs@4.2.11 OK for: klaw@3.0.0 want: ^4.1.9
1445 silly placeDep ROOT argparse@2.0.1 OK for: markdown-it@14.3.1 want: ^2.0.1
1446 silly placeDep ROOT linkify-it@5.0.2 OK for: markdown-it@14.3.1 want: ^5.0.2
1447 silly placeDep ROOT mdurl@2.1.0 OK for: markdown-it@14.3.1 want: ^2.0.0
1448 silly placeDep ROOT punycode.js@2.3.1 OK for: markdown-it@14.3.1 want: ^2.3.1
1449 silly placeDep ROOT uc.micro@2.1.0 OK for: markdown-it@14.3.1 want: ^2.1.0
1450 silly fetch manifest uc.micro@^2.0.0
1451 silly packumentCache full:https://registry.npmjs.org/uc.micro cache-miss
1452 http cache https://registry.npmjs.org/uc.micro 5ms (cache hit)
1453 silly packumentCache full:https://registry.npmjs.org/uc.micro set size:18730 disposed:false
1454 silly placeDep node_modules/qified hookified@2.2.0 OK for: qified@0.10.1 want: ^2.1.1
1455 silly placeDep ROOT @img/colour@1.1.0 OK for: sharp@0.35.4 want: ^1.1.0
1456 silly placeDep ROOT @img/sharp-darwin-arm64@0.35.4 OK for: sharp@0.35.4 want: 0.35.4
1457 silly placeDep ROOT @img/sharp-darwin-x64@0.35.4 OK for: sharp@0.35.4 want: 0.35.4
1458 silly placeDep ROOT @img/sharp-freebsd-wasm32@0.35.4 OK for: sharp@0.35.4 want: 0.35.4
1459 silly placeDep ROOT @img/sharp-libvips-darwin-arm64@1.3.3 OK for: sharp@0.35.4 want: 1.3.3
1460 silly placeDep ROOT @img/sharp-libvips-darwin-x64@1.3.3 OK for: sharp@0.35.4 want: 1.3.3
1461 silly placeDep ROOT @img/sharp-libvips-linux-arm@1.3.3 OK for: sharp@0.35.4 want: 1.3.3
1462 silly placeDep ROOT @img/sharp-libvips-linux-arm64@1.3.3 OK for: sharp@0.35.4 want: 1.3.3
1463 silly placeDep ROOT @img/sharp-libvips-linux-ppc64@1.3.3 OK for: sharp@0.35.4 want: 1.3.3
1464 silly placeDep ROOT @img/sharp-libvips-linux-riscv64@1.3.3 OK for: sharp@0.35.4 want: 1.3.3
1465 silly placeDep ROOT @img/sharp-libvips-linux-s390x@1.3.3 OK for: sharp@0.35.4 want: 1.3.3
1466 silly placeDep ROOT @img/sharp-libvips-linux-x64@1.3.3 OK for: sharp@0.35.4 want: 1.3.3
1467 silly placeDep ROOT @img/sharp-libvips-linuxmusl-arm64@1.3.3 OK for: sharp@0.35.4 want: 1.3.3
1468 silly placeDep ROOT @img/sharp-libvips-linuxmusl-x64@1.3.3 OK for: sharp@0.35.4 want: 1.3.3
1469 silly placeDep ROOT @img/sharp-linux-arm@0.35.4 OK for: sharp@0.35.4 want: 0.35.4
1470 silly placeDep ROOT @img/sharp-linux-arm64@0.35.4 OK for: sharp@0.35.4 want: 0.35.4
1471 silly placeDep ROOT @img/sharp-linux-ppc64@0.35.4 OK for: sharp@0.35.4 want: 0.35.4
1472 silly placeDep ROOT @img/sharp-linux-riscv64@0.35.4 OK for: sharp@0.35.4 want: 0.35.4
1473 silly placeDep ROOT @img/sharp-linux-s390x@0.35.4 OK for: sharp@0.35.4 want: 0.35.4
1474 silly placeDep ROOT @img/sharp-linux-x64@0.35.4 OK for: sharp@0.35.4 want: 0.35.4
1475 silly placeDep ROOT @img/sharp-linuxmusl-arm64@0.35.4 OK for: sharp@0.35.4 want: 0.35.4
1476 silly placeDep ROOT @img/sharp-linuxmusl-x64@0.35.4 OK for: sharp@0.35.4 want: 0.35.4
1477 silly placeDep ROOT @img/sharp-webcontainers-wasm32@0.35.4 OK for: sharp@0.35.4 want: 0.35.4
1478 silly placeDep ROOT @img/sharp-win32-arm64@0.35.4 OK for: sharp@0.35.4 want: 0.35.4
1479 silly placeDep ROOT @img/sharp-win32-ia32@0.35.4 OK for: sharp@0.35.4 want: 0.35.4
1480 silly placeDep ROOT @img/sharp-win32-x64@0.35.4 OK for: sharp@0.35.4 want: 0.35.4
1481 silly placeDep ROOT detect-libc@2.1.2 OK for: sharp@0.35.4 want: ^2.1.2
1482 silly placeDep ROOT semver@7.8.5 OK for: sharp@0.35.4 want: ^7.8.5
1483 silly fetch manifest @img/sharp-wasm32@0.35.4
1484 silly packumentCache full:https://registry.npmjs.org/@img%2fsharp-wasm32 cache-miss
1485 http cache https://registry.npmjs.org/@img%2fsharp-wasm32 3ms (cache hit)
1486 silly packumentCache full:https://registry.npmjs.org/@img%2fsharp-wasm32 set size:103630 disposed:false
1487 silly placeDep ROOT @img/sharp-wasm32@0.35.4 OK for: @img/sharp-freebsd-wasm32@0.35.4 want: 0.35.4
1488 silly fetch manifest @emnapi/runtime@^1.11.3
1489 silly packumentCache full:https://registry.npmjs.org/@emnapi%2fruntime cache-miss
1490 http cache https://registry.npmjs.org/@emnapi%2fruntime 2ms (cache hit)
1491 silly packumentCache full:https://registry.npmjs.org/@emnapi%2fruntime set size:127256 disposed:false
1492 silly placeDep ROOT @emnapi/runtime@1.11.3 OK for: @img/sharp-wasm32@0.35.4 want: ^1.11.3
1493 silly placeDep ROOT shebang-regex@3.0.0 OK for: shebang-command@2.0.0 want: ^3.0.0
1494 silly placeDep ROOT char-regex@1.0.2 OK for: stringz@2.1.0 want: ^1.0.2
1495 silly placeDep ROOT has-flag@4.0.0 OK for: supports-color@7.2.0 want: ^4.0.0
1496 silly placeDep ROOT ieee754@1.2.1 OK for: token-types@6.1.2 want: ^1.2.1
1497 silly placeDep ROOT @topoconfig/extends@0.16.5 OK for: tsc-esm-fix@3.1.2 want: ^0.16.2
1498 silly placeDep ROOT depseek@0.4.6 OK for: tsc-esm-fix@3.1.2 want: ^0.4.1
1499 silly placeDep ROOT fast-glob@3.3.3 OK for: tsc-esm-fix@3.1.2 want: ^3.3.2
1500 silly placeDep ROOT fs-extra@11.4.0 OK for: tsc-esm-fix@3.1.2 want: ^11.2.0
1501 silly placeDep ROOT json5@2.2.3 OK for: tsc-esm-fix@3.1.2 want: ^2.2.3
1502 silly placeDep ROOT type-flag@3.0.0 OK for: tsc-esm-fix@3.1.2 want: ^3.0.0
1503 silly fetch manifest @nodelib/fs.stat@^2.0.2
1504 silly packumentCache full:https://registry.npmjs.org/@nodelib%2ffs.stat cache-miss
1505 http fetch GET 200 https://registry.npmjs.org/@nodelib%2ffs.stat 82ms (cache miss)
1506 silly packumentCache full:https://registry.npmjs.org/@nodelib%2ffs.stat set size:undefined disposed:false
1507 silly fetch manifest @nodelib/fs.walk@^1.2.3
1508 silly packumentCache full:https://registry.npmjs.org/@nodelib%2ffs.walk cache-miss
1509 http fetch GET 200 https://registry.npmjs.org/@nodelib%2ffs.walk 50ms (cache miss)
1510 silly packumentCache full:https://registry.npmjs.org/@nodelib%2ffs.walk set size:undefined disposed:false
1511 silly fetch manifest glob-parent@^5.1.2
1512 silly packumentCache full:https://registry.npmjs.org/glob-parent cache-miss
1513 http fetch GET 200 https://registry.npmjs.org/glob-parent 55ms (cache miss)
1514 silly packumentCache full:https://registry.npmjs.org/glob-parent set size:undefined disposed:false
1515 silly fetch manifest merge2@^1.3.0
1516 silly packumentCache full:https://registry.npmjs.org/merge2 cache-miss
1517 http fetch GET 200 https://registry.npmjs.org/merge2 30ms (cache miss)
1518 silly packumentCache full:https://registry.npmjs.org/merge2 set size:undefined disposed:false
1519 silly fetch manifest micromatch@^4.0.8
1520 silly packumentCache full:https://registry.npmjs.org/micromatch cache-miss
1521 http fetch GET 200 https://registry.npmjs.org/micromatch 36ms (cache miss)
1522 silly packumentCache full:https://registry.npmjs.org/micromatch set size:undefined disposed:false
1523 silly fetch manifest jsonfile@^6.0.1
1524 silly packumentCache full:https://registry.npmjs.org/jsonfile cache-miss
1525 http fetch GET 200 https://registry.npmjs.org/jsonfile 30ms (cache miss)
1526 silly packumentCache full:https://registry.npmjs.org/jsonfile set size:undefined disposed:false
1527 silly fetch manifest universalify@^2.0.0
1528 silly packumentCache full:https://registry.npmjs.org/universalify cache-miss
1529 http fetch GET 200 https://registry.npmjs.org/universalify 41ms (cache miss)
1530 silly packumentCache full:https://registry.npmjs.org/universalify set size:undefined disposed:false
1531 silly placeDep ROOT @nodelib/fs.stat@2.0.5 OK for: fast-glob@3.3.3 want: ^2.0.2
1532 silly placeDep ROOT @nodelib/fs.walk@1.2.8 OK for: fast-glob@3.3.3 want: ^1.2.3
1533 silly placeDep ROOT glob-parent@5.1.2 OK for: fast-glob@3.3.3 want: ^5.1.2
1534 silly placeDep ROOT merge2@1.4.1 OK for: fast-glob@3.3.3 want: ^1.3.0
1535 silly placeDep ROOT micromatch@4.0.8 OK for: fast-glob@3.3.3 want: ^4.0.8
1536 silly fetch manifest fastq@^1.6.0
1537 silly packumentCache full:https://registry.npmjs.org/fastq cache-miss
1538 http fetch GET 200 https://registry.npmjs.org/fastq 41ms (cache miss)
1539 silly packumentCache full:https://registry.npmjs.org/fastq set size:undefined disposed:false
1540 silly fetch manifest @nodelib/fs.scandir@2.1.5
1541 silly packumentCache full:https://registry.npmjs.org/@nodelib%2ffs.scandir cache-miss
1542 http fetch GET 200 https://registry.npmjs.org/@nodelib%2ffs.scandir 45ms (cache miss)
1543 silly packumentCache full:https://registry.npmjs.org/@nodelib%2ffs.scandir set size:undefined disposed:false
1544 silly fetch manifest is-glob@^4.0.1
1545 silly packumentCache full:https://registry.npmjs.org/is-glob cache-miss
1546 http fetch GET 200 https://registry.npmjs.org/is-glob 25ms (cache miss)
1547 silly packumentCache full:https://registry.npmjs.org/is-glob set size:undefined disposed:false
1548 silly fetch manifest braces@^3.0.3
1549 silly packumentCache full:https://registry.npmjs.org/braces cache-miss
1550 http fetch GET 200 https://registry.npmjs.org/braces 30ms (cache miss)
1551 silly packumentCache full:https://registry.npmjs.org/braces set size:undefined disposed:false
1552 silly fetch manifest picomatch@^2.3.1
1553 silly packumentCache full:https://registry.npmjs.org/picomatch cache-miss
1554 http fetch GET 200 https://registry.npmjs.org/picomatch 41ms (cache miss)
1555 silly packumentCache full:https://registry.npmjs.org/picomatch set size:undefined disposed:false
1556 silly placeDep ROOT @nodelib/fs.scandir@2.1.5 OK for: @nodelib/fs.walk@1.2.8 want: 2.1.5
1557 silly placeDep ROOT fastq@1.20.3 OK for: @nodelib/fs.walk@1.2.8 want: ^1.6.0
1558 silly fetch manifest run-parallel@^1.1.9
1559 silly packumentCache full:https://registry.npmjs.org/run-parallel cache-miss
1560 http fetch GET 200 https://registry.npmjs.org/run-parallel 40ms (cache miss)
1561 silly packumentCache full:https://registry.npmjs.org/run-parallel set size:undefined disposed:false
1562 silly fetch manifest reusify@^1.0.4
1563 silly packumentCache full:https://registry.npmjs.org/reusify cache-miss
1564 http fetch GET 200 https://registry.npmjs.org/reusify 31ms (cache miss)
1565 silly packumentCache full:https://registry.npmjs.org/reusify set size:undefined disposed:false
1566 silly placeDep ROOT run-parallel@1.2.0 OK for: @nodelib/fs.scandir@2.1.5 want: ^1.1.9
1567 silly fetch manifest queue-microtask@^1.2.2
1568 silly packumentCache full:https://registry.npmjs.org/queue-microtask cache-miss
1569 http fetch GET 200 https://registry.npmjs.org/queue-microtask 27ms (cache miss)
1570 silly packumentCache full:https://registry.npmjs.org/queue-microtask set size:undefined disposed:false
1571 silly placeDep ROOT reusify@1.1.0 OK for: fastq@1.20.3 want: ^1.0.4
1572 silly placeDep ROOT jsonfile@6.2.1 OK for: fs-extra@11.4.0 want: ^6.0.1
1573 silly placeDep ROOT universalify@2.0.1 OK for: fs-extra@11.4.0 want: ^2.0.0
1574 silly placeDep ROOT is-glob@4.0.3 OK for: glob-parent@5.1.2 want: ^4.0.1
1575 silly fetch manifest is-extglob@^2.1.1
1576 silly packumentCache full:https://registry.npmjs.org/is-extglob cache-miss
1577 http fetch GET 200 https://registry.npmjs.org/is-extglob 23ms (cache miss)
1578 silly packumentCache full:https://registry.npmjs.org/is-extglob set size:undefined disposed:false
1579 silly placeDep ROOT is-extglob@2.1.1 OK for: is-glob@4.0.3 want: ^2.1.1
1580 silly placeDep ROOT braces@3.0.3 OK for: micromatch@4.0.8 want: ^3.0.3
1581 silly placeDep ROOT picomatch@2.3.2 OK for: micromatch@4.0.8 want: ^2.3.1
1582 silly fetch manifest fill-range@^7.1.1
1583 silly packumentCache full:https://registry.npmjs.org/fill-range cache-miss
1584 http fetch GET 200 https://registry.npmjs.org/fill-range 29ms (cache miss)
1585 silly packumentCache full:https://registry.npmjs.org/fill-range set size:undefined disposed:false
1586 silly placeDep ROOT fill-range@7.1.1 OK for: braces@3.0.3 want: ^7.1.1
1587 silly fetch manifest to-regex-range@^5.0.1
1588 silly packumentCache full:https://registry.npmjs.org/to-regex-range cache-miss
1589 http fetch GET 200 https://registry.npmjs.org/to-regex-range 27ms (cache miss)
1590 silly packumentCache full:https://registry.npmjs.org/to-regex-range set size:undefined disposed:false
1591 silly placeDep ROOT to-regex-range@5.0.1 OK for: fill-range@7.1.1 want: ^5.0.1
1592 silly fetch manifest is-number@^7.0.0
1593 silly packumentCache full:https://registry.npmjs.org/is-number cache-miss
1594 http fetch GET 200 https://registry.npmjs.org/is-number 29ms (cache miss)
1595 silly packumentCache full:https://registry.npmjs.org/is-number set size:undefined disposed:false
1596 silly placeDep ROOT queue-microtask@1.2.3 OK for: run-parallel@1.2.0 want: ^1.2.2
1597 silly placeDep ROOT is-number@7.0.0 OK for: to-regex-range@5.0.1 want: ^7.0.0
1598 silly placeDep ROOT punycode@1.3.2 OK for: url@0.11.0 want: 1.3.2
1599 silly placeDep ROOT querystring@0.2.0 OK for: url@0.11.0 want: 0.2.0
1600 silly placeDep ROOT is-arguments@1.2.0 OK for: util@0.12.5 want: ^1.0.4
1601 silly placeDep ROOT is-generator-function@1.1.2 OK for: util@0.12.5 want: ^1.0.7
1602 silly placeDep ROOT is-typed-array@1.1.15 OK for: util@0.12.5 want: ^1.1.3
1603 silly placeDep ROOT which-typed-array@1.1.22 OK for: util@0.12.5 want: ^1.1.2
1604 silly fetch manifest has-tostringtag@^1.0.2
1605 silly packumentCache full:https://registry.npmjs.org/has-tostringtag cache-miss
1606 http cache https://registry.npmjs.org/has-tostringtag 2ms (cache hit)
1607 silly packumentCache full:https://registry.npmjs.org/has-tostringtag set size:13945 disposed:false
1608 silly fetch manifest generator-function@^2.0.0
1609 silly packumentCache full:https://registry.npmjs.org/generator-function cache-miss
1610 http fetch GET 200 https://registry.npmjs.org/generator-function 29ms (cache miss)
1611 silly packumentCache full:https://registry.npmjs.org/generator-function set size:undefined disposed:false
1612 silly fetch manifest safe-regex-test@^1.1.0
1613 silly packumentCache full:https://registry.npmjs.org/safe-regex-test cache-miss
1614 http fetch GET 200 https://registry.npmjs.org/safe-regex-test 25ms (cache miss)
1615 silly packumentCache full:https://registry.npmjs.org/safe-regex-test set size:undefined disposed:false
1616 silly fetch manifest which-typed-array@^1.1.16
1617 silly packumentCache full:https://registry.npmjs.org/which-typed-array cache-miss
1618 http cache https://registry.npmjs.org/which-typed-array 2ms (cache hit)
1619 silly packumentCache full:https://registry.npmjs.org/which-typed-array set size:101551 disposed:false
1620 silly fetch manifest for-each@^0.3.5
1621 silly packumentCache full:https://registry.npmjs.org/for-each cache-miss
1622 http fetch GET 200 https://registry.npmjs.org/for-each 25ms (cache miss)
1623 silly packumentCache full:https://registry.npmjs.org/for-each set size:undefined disposed:false
1624 silly fetch manifest available-typed-arrays@^1.0.7
1625 silly packumentCache full:https://registry.npmjs.org/available-typed-arrays cache-miss
1626 http fetch GET 200 https://registry.npmjs.org/available-typed-arrays 23ms (cache miss)
1627 silly packumentCache full:https://registry.npmjs.org/available-typed-arrays set size:undefined disposed:false
1628 silly placeDep ROOT has-tostringtag@1.0.2 OK for: is-arguments@1.2.0 want: ^1.0.2
1629 silly placeDep ROOT generator-function@2.0.1 OK for: is-generator-function@1.1.2 want: ^2.0.0
1630 silly placeDep ROOT safe-regex-test@1.1.0 OK for: is-generator-function@1.1.2 want: ^1.1.0
1631 silly fetch manifest is-regex@^1.2.1
1632 silly packumentCache full:https://registry.npmjs.org/is-regex cache-miss
1633 http fetch GET 200 https://registry.npmjs.org/is-regex 27ms (cache miss)
1634 silly packumentCache full:https://registry.npmjs.org/is-regex set size:undefined disposed:false
1635 silly placeDep ROOT is-regex@1.2.1 OK for: safe-regex-test@1.1.0 want: ^1.2.1
1636 silly placeDep ROOT isexe@2.0.0 OK for: which@2.0.2 want: ^2.0.0
1637 silly placeDep ROOT available-typed-arrays@1.0.7 OK for: which-typed-array@1.1.22 want: ^1.0.7
1638 silly placeDep ROOT for-each@0.3.5 OK for: which-typed-array@1.1.22 want: ^0.3.5
1639 silly fetch manifest possible-typed-array-names@^1.0.0
1640 silly packumentCache full:https://registry.npmjs.org/possible-typed-array-names cache-miss
1641 http fetch GET 200 https://registry.npmjs.org/possible-typed-array-names 28ms (cache miss)
1642 silly packumentCache full:https://registry.npmjs.org/possible-typed-array-names set size:undefined disposed:false
1643 silly fetch manifest is-callable@^1.2.7
1644 silly packumentCache full:https://registry.npmjs.org/is-callable cache-miss
1645 http fetch GET 200 https://registry.npmjs.org/is-callable 30ms (cache miss)
1646 silly packumentCache full:https://registry.npmjs.org/is-callable set size:undefined disposed:false
1647 silly placeDep ROOT possible-typed-array-names@1.1.0 OK for: available-typed-arrays@1.0.7 want: ^1.0.0
1648 silly placeDep ROOT is-callable@1.2.7 OK for: for-each@0.3.5 want: ^1.2.7
1649 silly placeDep ROOT os-paths@4.4.0 OK for: xdg-app-paths@5.5.1 want: ^4.0.1
1650 silly placeDep ROOT xdg-portable@7.3.0 OK for: xdg-app-paths@5.5.1 want: ^7.2.0
1651 silly placeDep node_modules/glob brace-expansion@2.1.4 OK for: minimatch@5.1.9 want: ^2.0.1
1652 silly reify moves {}
1653 http cache xdg-portable@https://registry.npmjs.org/xdg-portable/-/xdg-portable-7.3.0.tgz 0ms (cache hit)
1654 http cache is-callable@https://registry.npmjs.org/is-callable/-/is-callable-1.2.7.tgz 0ms (cache hit)
1655 http cache os-paths@https://registry.npmjs.org/os-paths/-/os-paths-4.4.0.tgz 0ms (cache hit)
1656 http cache possible-typed-array-names@https://registry.npmjs.org/possible-typed-array-names/-/possible-typed-array-names-1.1.0.tgz 0ms (cache hit)
1657 http cache available-typed-arrays@https://registry.npmjs.org/available-typed-arrays/-/available-typed-arrays-1.0.7.tgz 0ms (cache hit)
1658 http cache for-each@https://registry.npmjs.org/for-each/-/for-each-0.3.5.tgz 0ms (cache hit)
1659 http cache generator-function@https://registry.npmjs.org/generator-function/-/generator-function-2.0.1.tgz 0ms (cache hit)
1660 http cache safe-regex-test@https://registry.npmjs.org/safe-regex-test/-/safe-regex-test-1.1.0.tgz 0ms (cache hit)
1661 http cache is-regex@https://registry.npmjs.org/is-regex/-/is-regex-1.2.1.tgz 0ms (cache hit)
1662 http cache isexe@https://registry.npmjs.org/isexe/-/isexe-2.0.0.tgz 0ms (cache hit)
1663 http cache has-tostringtag@https://registry.npmjs.org/has-tostringtag/-/has-tostringtag-1.0.2.tgz 0ms (cache hit)
1664 http cache which-typed-array@https://registry.npmjs.org/which-typed-array/-/which-typed-array-1.1.22.tgz 0ms (cache hit)
1665 http cache is-generator-function@https://registry.npmjs.org/is-generator-function/-/is-generator-function-1.1.2.tgz 0ms (cache hit)
1666 http cache querystring@https://registry.npmjs.org/querystring/-/querystring-0.2.0.tgz 0ms (cache hit)
1667 http cache is-typed-array@https://registry.npmjs.org/is-typed-array/-/is-typed-array-1.1.15.tgz 0ms (cache hit)
1668 http cache is-arguments@https://registry.npmjs.org/is-arguments/-/is-arguments-1.2.0.tgz 0ms (cache hit)
1669 http cache is-number@https://registry.npmjs.org/is-number/-/is-number-7.0.0.tgz 0ms (cache hit)
1670 http cache punycode@https://registry.npmjs.org/punycode/-/punycode-1.3.2.tgz 0ms (cache hit)
1671 http cache queue-microtask@https://registry.npmjs.org/queue-microtask/-/queue-microtask-1.2.3.tgz 0ms (cache hit)
1672 http cache to-regex-range@https://registry.npmjs.org/to-regex-range/-/to-regex-range-5.0.1.tgz 0ms (cache hit)
1673 http cache picomatch@https://registry.npmjs.org/picomatch/-/picomatch-2.3.2.tgz 0ms (cache hit)
1674 http cache fill-range@https://registry.npmjs.org/fill-range/-/fill-range-7.1.1.tgz 0ms (cache hit)
1675 http cache is-glob@https://registry.npmjs.org/is-glob/-/is-glob-4.0.3.tgz 0ms (cache hit)
1676 http cache is-extglob@https://registry.npmjs.org/is-extglob/-/is-extglob-2.1.1.tgz 0ms (cache hit)
1677 http cache braces@https://registry.npmjs.org/braces/-/braces-3.0.3.tgz 0ms (cache hit)
1678 http cache jsonfile@https://registry.npmjs.org/jsonfile/-/jsonfile-6.2.1.tgz 0ms (cache hit)
1679 http cache reusify@https://registry.npmjs.org/reusify/-/reusify-1.1.0.tgz 0ms (cache hit)
1680 http cache run-parallel@https://registry.npmjs.org/run-parallel/-/run-parallel-1.2.0.tgz 0ms (cache hit)
1681 http cache universalify@https://registry.npmjs.org/universalify/-/universalify-2.0.1.tgz 0ms (cache hit)
1682 http cache fastq@https://registry.npmjs.org/fastq/-/fastq-1.20.3.tgz 0ms (cache hit)
1683 http cache micromatch@https://registry.npmjs.org/micromatch/-/micromatch-4.0.8.tgz 0ms (cache hit)
1684 http cache @nodelib/fs.scandir@https://registry.npmjs.org/@nodelib/fs.scandir/-/fs.scandir-2.1.5.tgz 0ms (cache hit)
1685 http cache merge2@https://registry.npmjs.org/merge2/-/merge2-1.4.1.tgz 0ms (cache hit)
1686 http cache glob-parent@https://registry.npmjs.org/glob-parent/-/glob-parent-5.1.2.tgz 0ms (cache hit)
1687 http cache @nodelib/fs.stat@https://registry.npmjs.org/@nodelib/fs.stat/-/fs.stat-2.0.5.tgz 0ms (cache hit)
1688 http cache @nodelib/fs.walk@https://registry.npmjs.org/@nodelib/fs.walk/-/fs.walk-1.2.8.tgz 0ms (cache hit)
1689 http cache json5@https://registry.npmjs.org/json5/-/json5-2.2.3.tgz 0ms (cache hit)
1690 http cache fs-extra@https://registry.npmjs.org/fs-extra/-/fs-extra-11.4.0.tgz 0ms (cache hit)
1691 http cache type-flag@https://registry.npmjs.org/type-flag/-/type-flag-3.0.0.tgz 0ms (cache hit)
1692 http cache fast-glob@https://registry.npmjs.org/fast-glob/-/fast-glob-3.3.3.tgz 0ms (cache hit)
1693 http cache depseek@https://registry.npmjs.org/depseek/-/depseek-0.4.6.tgz 0ms (cache hit)
1694 http cache @topoconfig/extends@https://registry.npmjs.org/@topoconfig/extends/-/extends-0.16.5.tgz 0ms (cache hit)
1695 http cache ieee754@https://registry.npmjs.org/ieee754/-/ieee754-1.2.1.tgz 0ms (cache hit)
1696 http cache has-flag@https://registry.npmjs.org/has-flag/-/has-flag-4.0.0.tgz 0ms (cache hit)
1697 http cache char-regex@https://registry.npmjs.org/char-regex/-/char-regex-1.0.2.tgz 0ms (cache hit)
1698 http cache shebang-regex@https://registry.npmjs.org/shebang-regex/-/shebang-regex-3.0.0.tgz 0ms (cache hit)
1699 http cache detect-libc@https://registry.npmjs.org/detect-libc/-/detect-libc-2.1.2.tgz 0ms (cache hit)
1700 http cache semver@https://registry.npmjs.org/semver/-/semver-7.8.5.tgz 0ms (cache hit)
1701 http cache @img/sharp-libvips-linux-arm64@https://registry.npmjs.org/@img/sharp-libvips-linux-arm64/-/sharp-libvips-linux-arm64-1.3.3.tgz 0ms (cache hit)
1702 http cache @img/sharp-linux-arm64@https://registry.npmjs.org/@img/sharp-linux-arm64/-/sharp-linux-arm64-0.35.4.tgz 0ms (cache hit)
1703 http cache @img/colour@https://registry.npmjs.org/@img/colour/-/colour-1.1.0.tgz 0ms (cache hit)
1704 http cache uc.micro@https://registry.npmjs.org/uc.micro/-/uc.micro-2.1.0.tgz 0ms (cache hit)
1705 http cache punycode.js@https://registry.npmjs.org/punycode.js/-/punycode.js-2.3.1.tgz 0ms (cache hit)
1706 http cache mdurl@https://registry.npmjs.org/mdurl/-/mdurl-2.1.0.tgz 0ms (cache hit)
1707 http cache linkify-it@https://registry.npmjs.org/linkify-it/-/linkify-it-5.0.2.tgz 0ms (cache hit)
1708 http cache argparse@https://registry.npmjs.org/argparse/-/argparse-2.0.1.tgz 0ms (cache hit)
1709 http cache xmlcreate@https://registry.npmjs.org/xmlcreate/-/xmlcreate-2.0.4.tgz 0ms (cache hit)
1710 http cache graceful-fs@https://registry.npmjs.org/graceful-fs/-/graceful-fs-4.2.11.tgz 0ms (cache hit)
1711 http cache @types/mdurl@https://registry.npmjs.org/@types/mdurl/-/mdurl-2.0.0.tgz 0ms (cache hit)
1712 http cache lodash@https://registry.npmjs.org/lodash/-/lodash-4.18.1.tgz 0ms (cache hit)
1713 http cache @types/linkify-it@https://registry.npmjs.org/@types/linkify-it/-/linkify-it-5.0.0.tgz 0ms (cache hit)
1714 http cache @babel/helper-string-parser@https://registry.npmjs.org/@babel/helper-string-parser/-/helper-string-parser-7.29.7.tgz 0ms (cache hit)
1715 http cache @babel/helper-validator-identifier@https://registry.npmjs.org/@babel/helper-validator-identifier/-/helper-validator-identifier-7.29.7.tgz 0ms (cache hit)
1716 http cache @babel/types@https://registry.npmjs.org/@babel/types/-/types-7.29.8.tgz 0ms (cache hit)
1717 http cache underscore@https://registry.npmjs.org/underscore/-/underscore-1.13.8.tgz 0ms (cache hit)
1718 http cache requizzle@https://registry.npmjs.org/requizzle/-/requizzle-0.2.4.tgz 0ms (cache hit)
1719 http cache mkdirp@https://registry.npmjs.org/mkdirp/-/mkdirp-1.0.4.tgz 0ms (cache hit)
1720 http cache strip-json-comments@https://registry.npmjs.org/strip-json-comments/-/strip-json-comments-3.1.1.tgz 0ms (cache hit)
1721 http cache marked@https://registry.npmjs.org/marked/-/marked-4.3.0.tgz 0ms (cache hit)
1722 http cache markdown-it-anchor@https://registry.npmjs.org/markdown-it-anchor/-/markdown-it-anchor-8.6.7.tgz 0ms (cache hit)
1723 http cache markdown-it@https://registry.npmjs.org/markdown-it/-/markdown-it-14.3.1.tgz 0ms (cache hit)
1724 http cache klaw@https://registry.npmjs.org/klaw/-/klaw-3.0.0.tgz 0ms (cache hit)
1725 http cache js2xmlparser@https://registry.npmjs.org/js2xmlparser/-/js2xmlparser-4.0.2.tgz 0ms (cache hit)
1726 http cache bluebird@https://registry.npmjs.org/bluebird/-/bluebird-3.7.2.tgz 0ms (cache hit)
1727 http cache catharsis@https://registry.npmjs.org/catharsis/-/catharsis-0.9.0.tgz 0ms (cache hit)
1728 http cache @types/markdown-it@https://registry.npmjs.org/@types/markdown-it/-/markdown-it-14.2.0.tgz 0ms (cache hit)
1729 http cache escape-string-regexp@https://registry.npmjs.org/escape-string-regexp/-/escape-string-regexp-2.0.0.tgz 0ms (cache hit)
1730 http cache @jsdoc/salty@https://registry.npmjs.org/@jsdoc/salty/-/salty-0.2.12.tgz 0ms (cache hit)
1731 http cache @babel/parser@https://registry.npmjs.org/@babel/parser/-/parser-7.29.8.tgz 0ms (cache hit)
1732 http cache wrappy@https://registry.npmjs.org/wrappy/-/wrappy-1.0.2.tgz 0ms (cache hit)
1733 http cache once@https://registry.npmjs.org/once/-/once-1.4.0.tgz 0ms (cache hit)
1734 http cache inherits@https://registry.npmjs.org/inherits/-/inherits-2.0.4.tgz 0ms (cache hit)
1735 http cache fs.realpath@https://registry.npmjs.org/fs.realpath/-/fs.realpath-1.0.0.tgz 0ms (cache hit)
1736 http cache inflight@https://registry.npmjs.org/inflight/-/inflight-1.0.6.tgz 0ms (cache hit)
1737 http cache acorn-jsx@https://registry.npmjs.org/acorn-jsx/-/acorn-jsx-5.3.2.tgz 0ms (cache hit)
1738 http cache tmp@https://registry.npmjs.org/tmp/-/tmp-0.2.7.tgz 0ms (cache hit)
1739 http cache minimist@https://registry.npmjs.org/minimist/-/minimist-1.2.8.tgz 0ms (cache hit)
1740 http cache jsdoc@https://registry.npmjs.org/jsdoc/-/jsdoc-4.0.5.tgz 0ms (cache hit)
1741 http cache glob@https://registry.npmjs.org/glob/-/glob-8.1.0.tgz 0ms (cache hit)
1742 http cache brace-expansion@https://registry.npmjs.org/brace-expansion/-/brace-expansion-2.1.4.tgz 0ms (cache hit)
1743 http cache espree@https://registry.npmjs.org/espree/-/espree-9.6.1.tgz 0ms (cache hit)
1744 http cache minimatch@https://registry.npmjs.org/minimatch/-/minimatch-5.1.9.tgz 0ms (cache hit)
1745 http cache eslint-visitor-keys@https://registry.npmjs.org/eslint-visitor-keys/-/eslint-visitor-keys-3.4.3.tgz 0ms (cache hit)
1746 http cache escodegen@https://registry.npmjs.org/escodegen/-/escodegen-2.1.0.tgz 0ms (cache hit)
1747 http cache long@https://registry.npmjs.org/long/-/long-5.3.2.tgz 0ms (cache hit)
1748 http cache @protobufjs/utf8@https://registry.npmjs.org/@protobufjs/utf8/-/utf8-1.1.2.tgz 0ms (cache hit)
1749 http cache @protobufjs/pool@https://registry.npmjs.org/@protobufjs/pool/-/pool-1.1.0.tgz 0ms (cache hit)
1750 http cache @protobufjs/path@https://registry.npmjs.org/@protobufjs/path/-/path-1.1.2.tgz 0ms (cache hit)
1751 http cache @protobufjs/float@https://registry.npmjs.org/@protobufjs/float/-/float-1.0.2.tgz 0ms (cache hit)
1752 http cache @protobufjs/fetch@https://registry.npmjs.org/@protobufjs/fetch/-/fetch-1.1.1.tgz 0ms (cache hit)
1753 http cache @protobufjs/eventemitter@https://registry.npmjs.org/@protobufjs/eventemitter/-/eventemitter-1.1.1.tgz 0ms (cache hit)
1754 http cache @protobufjs/codegen@https://registry.npmjs.org/@protobufjs/codegen/-/codegen-2.0.5.tgz 0ms (cache hit)
1755 http cache @protobufjs/base64@https://registry.npmjs.org/@protobufjs/base64/-/base64-1.1.2.tgz 0ms (cache hit)
1756 http cache @protobufjs/aspromise@https://registry.npmjs.org/@protobufjs/aspromise/-/aspromise-1.1.2.tgz 0ms (cache hit)
1757 http cache thread-stream@https://registry.npmjs.org/thread-stream/-/thread-stream-3.2.0.tgz 0ms (cache hit)
1758 http cache split2@https://registry.npmjs.org/split2/-/split2-4.2.0.tgz 0ms (cache hit)
1759 http cache sonic-boom@https://registry.npmjs.org/sonic-boom/-/sonic-boom-4.2.1.tgz 0ms (cache hit)
1760 http cache process-warning@https://registry.npmjs.org/process-warning/-/process-warning-5.1.0.tgz 0ms (cache hit)
1761 http cache safe-stable-stringify@https://registry.npmjs.org/safe-stable-stringify/-/safe-stable-stringify-2.5.0.tgz 0ms (cache hit)
1762 http cache pino-std-serializers@https://registry.npmjs.org/pino-std-serializers/-/pino-std-serializers-7.1.0.tgz 0ms (cache hit)
1763 http cache pino-abstract-transport@https://registry.npmjs.org/pino-abstract-transport/-/pino-abstract-transport-2.0.0.tgz 0ms (cache hit)
1764 http cache on-exit-leak-free@https://registry.npmjs.org/on-exit-leak-free/-/on-exit-leak-free-2.1.2.tgz 0ms (cache hit)
1765 http cache atomic-sleep@https://registry.npmjs.org/atomic-sleep/-/atomic-sleep-1.0.0.tgz 0ms (cache hit)
1766 http cache @pinojs/redact@https://registry.npmjs.org/@pinojs/redact/-/redact-0.4.0.tgz 0ms (cache hit)
1767 http cache real-require@https://registry.npmjs.org/real-require/-/real-require-0.2.0.tgz 0ms (cache hit)
1768 http cache p-timeout@https://registry.npmjs.org/p-timeout/-/p-timeout-7.0.1.tgz 0ms (cache hit)
1769 http cache eventemitter3@https://registry.npmjs.org/eventemitter3/-/eventemitter3-5.0.4.tgz 0ms (cache hit)
1770 http cache word-wrap@https://registry.npmjs.org/word-wrap/-/word-wrap-1.2.5.tgz 0ms (cache hit)
1771 http cache type-check@https://registry.npmjs.org/type-check/-/type-check-0.3.2.tgz 0ms (cache hit)
1772 http cache levn@https://registry.npmjs.org/levn/-/levn-0.3.0.tgz 0ms (cache hit)
1773 http cache prelude-ls@https://registry.npmjs.org/prelude-ls/-/prelude-ls-1.1.2.tgz 0ms (cache hit)
1774 http cache fast-levenshtein@https://registry.npmjs.org/fast-levenshtein/-/fast-levenshtein-2.0.6.tgz 0ms (cache hit)
1775 http cache quick-format-unescaped@https://registry.npmjs.org/quick-format-unescaped/-/quick-format-unescaped-4.0.4.tgz 0ms (cache hit)
1776 http cache deep-is@https://registry.npmjs.org/deep-is/-/deep-is-0.1.4.tgz 0ms (cache hit)
1777 http cache mimic-fn@https://registry.npmjs.org/mimic-fn/-/mimic-fn-2.1.0.tgz 0ms (cache hit)
1778 http cache call-bound@https://registry.npmjs.org/call-bound/-/call-bound-1.0.4.tgz 0ms (cache hit)
1779 http cache @tokenizer/inflate@https://registry.npmjs.org/@tokenizer/inflate/-/inflate-0.4.1.tgz 0ms (cache hit)
1780 http cache win-guid@https://registry.npmjs.org/win-guid/-/win-guid-0.2.1.tgz 0ms (cache hit)
1781 http cache uint8array-extras@https://registry.npmjs.org/uint8array-extras/-/uint8array-extras-1.5.0.tgz 0ms (cache hit)
1782 http cache token-types@https://registry.npmjs.org/token-types/-/token-types-6.1.2.tgz 0ms (cache hit)
1783 http cache strtok3@https://registry.npmjs.org/strtok3/-/strtok3-10.3.5.tgz 0ms (cache hit)
1784 http cache debug@https://registry.npmjs.org/debug/-/debug-4.4.3.tgz 0ms (cache hit)
1785 http cache ms@https://registry.npmjs.org/ms/-/ms-2.1.3.tgz 0ms (cache hit)
1786 http cache media-typer@https://registry.npmjs.org/media-typer/-/media-typer-2.0.0.tgz 0ms (cache hit)
1787 http cache file-type@https://registry.npmjs.org/file-type/-/file-type-21.3.4.tgz 0ms (cache hit)
1788 http cache content-type@https://registry.npmjs.org/content-type/-/content-type-2.1.0.tgz 0ms (cache hit)
1789 http cache @tokenizer/token@https://registry.npmjs.org/@tokenizer/token/-/token-0.3.0.tgz 0ms (cache hit)
1790 http cache @borewit/text-codec@https://registry.npmjs.org/@borewit/text-codec/-/text-codec-0.2.2.tgz 0ms (cache hit)
1791 http cache concat-map@https://registry.npmjs.org/concat-map/-/concat-map-0.0.1.tgz 0ms (cache hit)
1792 http cache balanced-match@https://registry.npmjs.org/balanced-match/-/balanced-match-1.0.2.tgz 0ms (cache hit)
1793 http cache brace-expansion@https://registry.npmjs.org/brace-expansion/-/brace-expansion-1.1.18.tgz 0ms (cache hit)
1794 http cache minimatch@https://registry.npmjs.org/minimatch/-/minimatch-3.1.5.tgz 0ms (cache hit)
1795 http cache arrify@https://registry.npmjs.org/arrify/-/arrify-2.0.1.tgz 0ms (cache hit)
1796 http cache array-union@https://registry.npmjs.org/array-union/-/array-union-2.1.0.tgz 0ms (cache hit)
1797 http cache array-differ@https://registry.npmjs.org/array-differ/-/array-differ-3.0.0.tgz 0ms (cache hit)
1798 http cache @types/minimatch@https://registry.npmjs.org/@types/minimatch/-/minimatch-3.0.5.tgz 0ms (cache hit)
1799 http cache crypt@https://registry.npmjs.org/crypt/-/crypt-0.0.2.tgz 0ms (cache hit)
1800 http cache entities@https://registry.npmjs.org/entities/-/entities-4.5.0.tgz 0ms (cache hit)
1801 http cache charenc@https://registry.npmjs.org/charenc/-/charenc-0.0.2.tgz 0ms (cache hit)
1802 http cache nth-check@https://registry.npmjs.org/nth-check/-/nth-check-2.1.1.tgz 0ms (cache hit)
1803 http cache domelementtype@https://registry.npmjs.org/domelementtype/-/domelementtype-2.3.0.tgz 0ms (cache hit)
1804 http cache css-what@https://registry.npmjs.org/css-what/-/css-what-6.2.2.tgz 0ms (cache hit)
1805 http cache css-select@https://registry.npmjs.org/css-select/-/css-select-5.2.2.tgz 0ms (cache hit)
1806 http cache boolbase@https://registry.npmjs.org/boolbase/-/boolbase-1.0.0.tgz 0ms (cache hit)
1807 http cache parse5-htmlparser2-tree-adapter@https://registry.npmjs.org/parse5-htmlparser2-tree-adapter/-/parse5-htmlparser2-tree-adapter-7.1.0.tgz 0ms (cache hit)
1808 http cache parse5@https://registry.npmjs.org/parse5/-/parse5-7.3.0.tgz 0ms (cache hit)
1809 http cache domutils@https://registry.npmjs.org/domutils/-/domutils-3.2.2.tgz 0ms (cache hit)
1810 http cache domhandler@https://registry.npmjs.org/domhandler/-/domhandler-5.0.3.tgz 0ms (cache hit)
1811 http cache dom-serializer@https://registry.npmjs.org/dom-serializer/-/dom-serializer-2.0.0.tgz 0ms (cache hit)
1812 http cache cheerio-select@https://registry.npmjs.org/cheerio-select/-/cheerio-select-2.1.0.tgz 0ms (cache hit)
1813 http cache url@https://registry.npmjs.org/url/-/url-0.11.0.tgz 0ms (cache hit)
1814 http cache curve25519-js@https://registry.npmjs.org/curve25519-js/-/curve25519-js-0.0.4.tgz 0ms (cache hit)
1815 http cache cheerio@https://registry.npmjs.org/cheerio/-/cheerio-1.0.0-rc.11.tgz 0ms (cache hit)
1816 http cache object-keys@https://registry.npmjs.org/object-keys/-/object-keys-1.1.1.tgz 0ms (cache hit)
1817 http cache @keyv/serialize@https://registry.npmjs.org/@keyv/serialize/-/serialize-1.1.1.tgz 0ms (cache hit)
1818 http cache has-property-descriptors@https://registry.npmjs.org/has-property-descriptors/-/has-property-descriptors-1.0.2.tgz 0ms (cache hit)
1819 http cache define-data-property@https://registry.npmjs.org/define-data-property/-/define-data-property-1.1.4.tgz 0ms (cache hit)
1820 http cache define-properties@https://registry.npmjs.org/define-properties/-/define-properties-1.2.1.tgz 0ms (cache hit)
1821 http cache @inversifyjs/prototype-utils@https://registry.npmjs.org/@inversifyjs/prototype-utils/-/prototype-utils-0.1.3.tgz 0ms (cache hit)
1822 http cache @inversifyjs/reflect-metadata-utils@https://registry.npmjs.org/@inversifyjs/reflect-metadata-utils/-/reflect-metadata-utils-1.4.1.tgz 0ms (cache hit)
1823 http cache @inversifyjs/plugin@https://registry.npmjs.org/@inversifyjs/plugin/-/plugin-0.2.0.tgz 0ms (cache hit)
1824 http cache entities@https://registry.npmjs.org/entities/-/entities-6.0.1.tgz 0ms (cache hit)
1825 http cache @inversifyjs/core@https://registry.npmjs.org/@inversifyjs/core/-/core-9.2.0.tgz 0ms (cache hit)
1826 http cache @inversifyjs/container@https://registry.npmjs.org/@inversifyjs/container/-/container-1.15.0.tgz 0ms (cache hit)
1827 http cache @inversifyjs/common@https://registry.npmjs.org/@inversifyjs/common/-/common-1.5.2.tgz 0ms (cache hit)
1828 http cache dunder-proto@https://registry.npmjs.org/dunder-proto/-/dunder-proto-1.0.1.tgz 0ms (cache hit)
1829 http cache htmlparser2@https://registry.npmjs.org/htmlparser2/-/htmlparser2-8.0.2.tgz 0ms (cache hit)
1830 http cache has-symbols@https://registry.npmjs.org/has-symbols/-/has-symbols-1.1.0.tgz 0ms (cache hit)
1831 http cache get-proto@https://registry.npmjs.org/get-proto/-/get-proto-1.0.1.tgz 0ms (cache hit)
1832 http cache hasown@https://registry.npmjs.org/hasown/-/hasown-2.0.4.tgz 0ms (cache hit)
1833 http cache es-object-atoms@https://registry.npmjs.org/es-object-atoms/-/es-object-atoms-1.1.2.tgz 0ms (cache hit)
1834 http cache which@https://registry.npmjs.org/which/-/which-2.0.2.tgz 0ms (cache hit)
1835 http cache gopd@https://registry.npmjs.org/gopd/-/gopd-1.2.0.tgz 0ms (cache hit)
1836 http cache shebang-command@https://registry.npmjs.org/shebang-command/-/shebang-command-2.0.0.tgz 0ms (cache hit)
1837 http cache path-key@https://registry.npmjs.org/path-key/-/path-key-3.1.1.tgz 0ms (cache hit)
1838 http cache math-intrinsics@https://registry.npmjs.org/math-intrinsics/-/math-intrinsics-1.1.0.tgz 0ms (cache hit)
1839 http cache strip-final-newline@https://registry.npmjs.org/strip-final-newline/-/strip-final-newline-2.0.0.tgz 0ms (cache hit)
1840 http cache signal-exit@https://registry.npmjs.org/signal-exit/-/signal-exit-3.0.7.tgz 0ms (cache hit)
1841 http cache onetime@https://registry.npmjs.org/onetime/-/onetime-5.1.2.tgz 0ms (cache hit)
1842 http cache npm-run-path@https://registry.npmjs.org/npm-run-path/-/npm-run-path-4.0.1.tgz 0ms (cache hit)
1843 http cache merge-stream@https://registry.npmjs.org/merge-stream/-/merge-stream-2.0.0.tgz 0ms (cache hit)
1844 http cache human-signals@https://registry.npmjs.org/human-signals/-/human-signals-2.1.0.tgz 0ms (cache hit)
1845 http cache is-stream@https://registry.npmjs.org/is-stream/-/is-stream-2.0.1.tgz 0ms (cache hit)
1846 http cache estraverse@https://registry.npmjs.org/estraverse/-/estraverse-5.3.0.tgz 0ms (cache hit)
1847 http cache cross-spawn@https://registry.npmjs.org/cross-spawn/-/cross-spawn-7.0.6.tgz 0ms (cache hit)
1848 http cache get-stream@https://registry.npmjs.org/get-stream/-/get-stream-6.0.1.tgz 0ms (cache hit)
1849 http cache esrecurse@https://registry.npmjs.org/esrecurse/-/esrecurse-4.3.0.tgz 0ms (cache hit)
1850 http cache is-safe-filename@https://registry.npmjs.org/is-safe-filename/-/is-safe-filename-0.1.1.tgz 0ms (cache hit)
1851 http cache color-name@https://registry.npmjs.org/color-name/-/color-name-1.1.4.tgz 0ms (cache hit)
1852 http cache validator@https://registry.npmjs.org/validator/-/validator-13.15.35.tgz 0ms (cache hit)
1853 http cache libphonenumber-js@https://registry.npmjs.org/libphonenumber-js/-/libphonenumber-js-1.13.12.tgz 0ms (cache hit)
1854 http cache @types/validator@https://registry.npmjs.org/@types/validator/-/validator-13.15.10.tgz 0ms (cache hit)
1855 http cache color-convert@https://registry.npmjs.org/color-convert/-/color-convert-2.0.1.tgz 0ms (cache hit)
1856 http cache supports-color@https://registry.npmjs.org/supports-color/-/supports-color-7.2.0.tgz 0ms (cache hit)
1857 http cache ansi-styles@https://registry.npmjs.org/ansi-styles/-/ansi-styles-4.3.0.tgz 0ms (cache hit)
1858 http cache set-function-length@https://registry.npmjs.org/set-function-length/-/set-function-length-1.2.2.tgz 0ms (cache hit)
1859 http cache es-errors@https://registry.npmjs.org/es-errors/-/es-errors-1.3.0.tgz 0ms (cache hit)
1860 http cache function-bind@https://registry.npmjs.org/function-bind/-/function-bind-1.1.2.tgz 0ms (cache hit)
1861 http cache get-intrinsic@https://registry.npmjs.org/get-intrinsic/-/get-intrinsic-1.3.0.tgz 0ms (cache hit)
1862 http cache es-define-property@https://registry.npmjs.org/es-define-property/-/es-define-property-1.0.1.tgz 0ms (cache hit)
1863 http cache call-bind-apply-helpers@https://registry.npmjs.org/call-bind-apply-helpers/-/call-bind-apply-helpers-1.0.2.tgz 0ms (cache hit)
1864 http cache retry@https://registry.npmjs.org/retry/-/retry-0.13.1.tgz 0ms (cache hit)
1865 http cache util@https://registry.npmjs.org/util/-/util-0.12.5.tgz 0ms (cache hit)
1866 http cache object.assign@https://registry.npmjs.org/object.assign/-/object.assign-4.1.7.tgz 0ms (cache hit)
1867 http cache object-is@https://registry.npmjs.org/object-is/-/object-is-1.1.6.tgz 0ms (cache hit)
1868 http cache is-nan@https://registry.npmjs.org/is-nan/-/is-nan-1.3.2.tgz 0ms (cache hit)
1869 http cache call-bind@https://registry.npmjs.org/call-bind/-/call-bind-1.0.9.tgz 0ms (cache hit)
1870 http cache execa@https://registry.npmjs.org/execa/-/execa-5.1.1.tgz 0ms (cache hit)
1871 http cache zod@https://registry.npmjs.org/zod/-/zod-4.1.11.tgz 0ms (cache hit)
1872 http cache xdg-app-paths@https://registry.npmjs.org/xdg-app-paths/-/xdg-app-paths-5.5.1.tgz 0ms (cache hit)
1873 http cache jose@https://registry.npmjs.org/jose/-/jose-5.10.0.tgz 0ms (cache hit)
1874 http cache @vercel/cli-exec@https://registry.npmjs.org/@vercel/cli-exec/-/cli-exec-1.0.1.tgz 0ms (cache hit)
1875 http cache undici@https://registry.npmjs.org/undici/-/undici-6.28.1.tgz 0ms (cache hit)
1876 http cache @vercel/cli-config@https://registry.npmjs.org/@vercel/cli-config/-/cli-config-0.2.4.tgz 0ms (cache hit)
1877 http cache throttleit@https://registry.npmjs.org/throttleit/-/throttleit-2.1.0.tgz 0ms (cache hit)
1878 http cache async-retry@https://registry.npmjs.org/async-retry/-/async-retry-1.3.3.tgz 0ms (cache hit)
1879 http cache is-node-process@https://registry.npmjs.org/is-node-process/-/is-node-process-1.2.0.tgz 0ms (cache hit)
1880 http cache source-map@https://registry.npmjs.org/source-map/-/source-map-0.6.1.tgz 0ms (cache hit)
1881 http cache optionator@https://registry.npmjs.org/optionator/-/optionator-0.8.3.tgz 0ms (cache hit)
1882 http cache is-buffer@https://registry.npmjs.org/is-buffer/-/is-buffer-2.0.5.tgz 0ms (cache hit)
1883 http cache esutils@https://registry.npmjs.org/esutils/-/esutils-2.0.3.tgz 0ms (cache hit)
1884 http cache @vercel/oidc@https://registry.npmjs.org/@vercel/oidc/-/oidc-3.8.5.tgz 0ms (cache hit)
1885 http cache esprima@https://registry.npmjs.org/esprima/-/esprima-4.0.1.tgz 0ms (cache hit)
1886 http cache stringz@https://registry.npmjs.org/stringz/-/stringz-2.1.0.tgz 0ms (cache hit)
1887 http cache string-template@https://registry.npmjs.org/string-template/-/string-template-1.0.0.tgz 0ms (cache hit)
1888 http cache reflect-metadata@https://registry.npmjs.org/reflect-metadata/-/reflect-metadata-0.2.2.tgz 0ms (cache hit)
1889 http cache process@https://registry.npmjs.org/process/-/process-0.11.10.tgz 0ms (cache hit)
1890 http cache multimatch@https://registry.npmjs.org/multimatch/-/multimatch-5.0.0.tgz 0ms (cache hit)
1891 http cache md5@https://registry.npmjs.org/md5/-/md5-2.3.0.tgz 0ms (cache hit)
1892 http cache js-string-escape@https://registry.npmjs.org/js-string-escape/-/js-string-escape-1.0.1.tgz 0ms (cache hit)
1893 http cache inversify@https://registry.npmjs.org/inversify/-/inversify-7.11.0.tgz 0ms (cache hit)
1894 http cache fast-deep-equal@https://registry.npmjs.org/fast-deep-equal/-/fast-deep-equal-3.1.3.tgz 0ms (cache hit)
1895 http cache is-buffer@https://registry.npmjs.org/is-buffer/-/is-buffer-1.1.6.tgz 0ms (cache hit)
1896 http cache eslint-visitor-keys@https://registry.npmjs.org/eslint-visitor-keys/-/eslint-visitor-keys-4.2.1.tgz 0ms (cache hit)
1897 http cache eslint-scope@https://registry.npmjs.org/eslint-scope/-/eslint-scope-8.4.0.tgz 0ms (cache hit)
1898 http cache env-paths@https://registry.npmjs.org/env-paths/-/env-paths-4.0.0.tgz 0ms (cache hit)
1899 http cache commander@https://registry.npmjs.org/commander/-/commander-12.1.0.tgz 0ms (cache hit)
1900 http cache chance@https://registry.npmjs.org/chance/-/chance-1.1.13.tgz 0ms (cache hit)
1901 http cache class-validator@https://registry.npmjs.org/class-validator/-/class-validator-0.14.3.tgz 0ms (cache hit)
1902 http cache chalk@https://registry.npmjs.org/chalk/-/chalk-4.1.2.tgz 0ms (cache hit)
1903 http cache assert@https://registry.npmjs.org/assert/-/assert-2.1.0.tgz 1ms (cache hit)
1904 http cache acorn@https://registry.npmjs.org/acorn/-/acorn-8.15.0.tgz 0ms (cache hit)
1905 http cache acorn-import-attributes@https://registry.npmjs.org/acorn-import-attributes/-/acorn-import-attributes-1.9.5.tgz 0ms (cache hit)
1906 http cache @vercel/blob@https://registry.npmjs.org/@vercel/blob/-/blob-2.8.0.tgz 0ms (cache hit)
1907 http cache hashery@https://registry.npmjs.org/hashery/-/hashery-1.5.1.tgz 0ms (cache hit)
1908 http cache @javascript-obfuscator/escodegen@https://registry.npmjs.org/@javascript-obfuscator/escodegen/-/escodegen-2.4.2.tgz 0ms (cache hit)
1909 http cache @javascript-obfuscator/estraverse@https://registry.npmjs.org/@javascript-obfuscator/estraverse/-/estraverse-5.4.0.tgz 0ms (cache hit)
1910 http cache @keyv/bigmap@https://registry.npmjs.org/@keyv/bigmap/-/bigmap-1.3.1.tgz 0ms (cache hit)
1911 http cache qified@https://registry.npmjs.org/qified/-/qified-0.10.1.tgz 0ms (cache hit)
1912 http cache @cacheable/utils@https://registry.npmjs.org/@cacheable/utils/-/utils-2.5.0.tgz 0ms (cache hit)
1913 http cache hookified@https://registry.npmjs.org/hookified/-/hookified-2.2.0.tgz 0ms (cache hit)
1914 http cache @cacheable/memory@https://registry.npmjs.org/@cacheable/memory/-/memory-2.2.0.tgz 0ms (cache hit)
1915 http cache tslib@https://registry.npmjs.org/tslib/-/tslib-2.8.1.tgz 0ms (cache hit)
1916 http cache undici-types@https://registry.npmjs.org/undici-types/-/undici-types-6.21.0.tgz 0ms (cache hit)
1917 http cache keyv@https://registry.npmjs.org/keyv/-/keyv-5.6.0.tgz 0ms (cache hit)
1918 http cache hookified@https://registry.npmjs.org/hookified/-/hookified-1.15.1.tgz 0ms (cache hit)
1919 http cache @hapi/hoek@https://registry.npmjs.org/@hapi/hoek/-/hoek-9.3.0.tgz 0ms (cache hit)
1920 http cache ws@https://registry.npmjs.org/ws/-/ws-8.21.3.tgz 0ms (cache hit)
1921 http cache cacheable@https://registry.npmjs.org/cacheable/-/cacheable-2.5.0.tgz 0ms (cache hit)
1922 http cache whatsapp-rust-bridge@https://registry.npmjs.org/whatsapp-rust-bridge/-/whatsapp-rust-bridge-0.5.2.tgz 0ms (cache hit)
1923 http cache typescript@https://registry.npmjs.org/typescript/-/typescript-5.9.3.tgz 0ms (cache hit)
1924 http cache tsc-esm-fix@https://registry.npmjs.org/tsc-esm-fix/-/tsc-esm-fix-3.1.2.tgz 0ms (cache hit)
1925 http cache sharp@https://registry.npmjs.org/sharp/-/sharp-0.35.4.tgz 0ms (cache hit)
1926 http cache protobufjs-cli@https://registry.npmjs.org/protobufjs-cli/-/protobufjs-cli-2.7.0.tgz 0ms (cache hit)
1927 http cache protobufjs@https://registry.npmjs.org/protobufjs/-/protobufjs-7.6.6.tgz 0ms (cache hit)
1928 http cache pino@https://registry.npmjs.org/pino/-/pino-9.14.0.tgz 0ms (cache hit)
1929 http cache p-queue@https://registry.npmjs.org/p-queue/-/p-queue-9.3.3.tgz 0ms (cache hit)
1930 http cache lru-cache@https://registry.npmjs.org/lru-cache/-/lru-cache-11.5.2.tgz 0ms (cache hit)
1931 http cache link-preview-js@https://registry.npmjs.org/link-preview-js/-/link-preview-js-3.2.0.tgz 0ms (cache hit)
1932 http cache music-metadata@https://registry.npmjs.org/music-metadata/-/music-metadata-11.15.0.tgz 0ms (cache hit)
1933 http cache javascript-obfuscator@https://registry.npmjs.org/javascript-obfuscator/-/javascript-obfuscator-5.6.0.tgz 0ms (cache hit)
1934 http cache fflate@https://registry.npmjs.org/fflate/-/fflate-0.8.3.tgz 0ms (cache hit)
1935 http cache @types/ws@https://registry.npmjs.org/@types/ws/-/ws-8.18.1.tgz 0ms (cache hit)
1936 http cache async-mutex@https://registry.npmjs.org/async-mutex/-/async-mutex-0.5.0.tgz 0ms (cache hit)
1937 silly tarball no local data for xdg-portable@https://registry.npmjs.org/xdg-portable/-/xdg-portable-7.3.0.tgz. Extracting by manifest.
1938 http cache @types/node@https://registry.npmjs.org/@types/node/-/node-20.19.43.tgz 0ms (cache hit)
1939 http cache @hapi/boom@https://registry.npmjs.org/@hapi/boom/-/boom-9.1.4.tgz 0ms (cache hit)
1940 silly tarball no local data for is-callable@https://registry.npmjs.org/is-callable/-/is-callable-1.2.7.tgz. Extracting by manifest.
1941 silly tarball no local data for os-paths@https://registry.npmjs.org/os-paths/-/os-paths-4.4.0.tgz. Extracting by manifest.
1942 silly tarball no local data for possible-typed-array-names@https://registry.npmjs.org/possible-typed-array-names/-/possible-typed-array-names-1.1.0.tgz. Extracting by manifest.
1943 http cache @cacheable/node-cache@https://registry.npmjs.org/@cacheable/node-cache/-/node-cache-1.7.6.tgz 0ms (cache hit)
1944 silly tarball no local data for available-typed-arrays@https://registry.npmjs.org/available-typed-arrays/-/available-typed-arrays-1.0.7.tgz. Extracting by manifest.
1945 silly tarball no local data for for-each@https://registry.npmjs.org/for-each/-/for-each-0.3.5.tgz. Extracting by manifest.
1946 silly tarball no local data for generator-function@https://registry.npmjs.org/generator-function/-/generator-function-2.0.1.tgz. Extracting by manifest.
1947 silly tarball no local data for safe-regex-test@https://registry.npmjs.org/safe-regex-test/-/safe-regex-test-1.1.0.tgz. Extracting by manifest.
1948 silly tarball no local data for is-regex@https://registry.npmjs.org/is-regex/-/is-regex-1.2.1.tgz. Extracting by manifest.
1949 silly tarball no local data for which-typed-array@https://registry.npmjs.org/which-typed-array/-/which-typed-array-1.1.22.tgz. Extracting by manifest.
1950 silly tarball no local data for is-generator-function@https://registry.npmjs.org/is-generator-function/-/is-generator-function-1.1.2.tgz. Extracting by manifest.
1951 silly tarball no local data for querystring@https://registry.npmjs.org/querystring/-/querystring-0.2.0.tgz. Extracting by manifest.
1952 silly tarball no local data for is-typed-array@https://registry.npmjs.org/is-typed-array/-/is-typed-array-1.1.15.tgz. Extracting by manifest.
1953 silly tarball no local data for is-arguments@https://registry.npmjs.org/is-arguments/-/is-arguments-1.2.0.tgz. Extracting by manifest.
1954 silly tarball no local data for is-number@https://registry.npmjs.org/is-number/-/is-number-7.0.0.tgz. Extracting by manifest.
1955 silly tarball no local data for punycode@https://registry.npmjs.org/punycode/-/punycode-1.3.2.tgz. Extracting by manifest.
1956 silly tarball no local data for queue-microtask@https://registry.npmjs.org/queue-microtask/-/queue-microtask-1.2.3.tgz. Extracting by manifest.
1957 silly tarball no local data for to-regex-range@https://registry.npmjs.org/to-regex-range/-/to-regex-range-5.0.1.tgz. Extracting by manifest.
1958 silly tarball no local data for picomatch@https://registry.npmjs.org/picomatch/-/picomatch-2.3.2.tgz. Extracting by manifest.
1959 silly tarball no local data for fill-range@https://registry.npmjs.org/fill-range/-/fill-range-7.1.1.tgz. Extracting by manifest.
1960 silly tarball no local data for is-glob@https://registry.npmjs.org/is-glob/-/is-glob-4.0.3.tgz. Extracting by manifest.
1961 silly tarball no local data for is-extglob@https://registry.npmjs.org/is-extglob/-/is-extglob-2.1.1.tgz. Extracting by manifest.
1962 silly tarball no local data for braces@https://registry.npmjs.org/braces/-/braces-3.0.3.tgz. Extracting by manifest.
1963 silly tarball no local data for jsonfile@https://registry.npmjs.org/jsonfile/-/jsonfile-6.2.1.tgz. Extracting by manifest.
1964 silly tarball no local data for reusify@https://registry.npmjs.org/reusify/-/reusify-1.1.0.tgz. Extracting by manifest.
1965 silly tarball no local data for run-parallel@https://registry.npmjs.org/run-parallel/-/run-parallel-1.2.0.tgz. Extracting by manifest.
1966 silly tarball no local data for universalify@https://registry.npmjs.org/universalify/-/universalify-2.0.1.tgz. Extracting by manifest.
1967 silly tarball no local data for fastq@https://registry.npmjs.org/fastq/-/fastq-1.20.3.tgz. Extracting by manifest.
1968 silly tarball no local data for micromatch@https://registry.npmjs.org/micromatch/-/micromatch-4.0.8.tgz. Extracting by manifest.
1969 silly tarball no local data for @nodelib/fs.scandir@https://registry.npmjs.org/@nodelib/fs.scandir/-/fs.scandir-2.1.5.tgz. Extracting by manifest.
1970 silly tarball no local data for merge2@https://registry.npmjs.org/merge2/-/merge2-1.4.1.tgz. Extracting by manifest.
1971 silly tarball no local data for glob-parent@https://registry.npmjs.org/glob-parent/-/glob-parent-5.1.2.tgz. Extracting by manifest.
1972 silly tarball no local data for @nodelib/fs.stat@https://registry.npmjs.org/@nodelib/fs.stat/-/fs.stat-2.0.5.tgz. Extracting by manifest.
1973 silly tarball no local data for @nodelib/fs.walk@https://registry.npmjs.org/@nodelib/fs.walk/-/fs.walk-1.2.8.tgz. Extracting by manifest.
1974 silly tarball no local data for json5@https://registry.npmjs.org/json5/-/json5-2.2.3.tgz. Extracting by manifest.
1975 silly tarball no local data for fs-extra@https://registry.npmjs.org/fs-extra/-/fs-extra-11.4.0.tgz. Extracting by manifest.
1976 silly tarball no local data for type-flag@https://registry.npmjs.org/type-flag/-/type-flag-3.0.0.tgz. Extracting by manifest.
1977 silly tarball no local data for fast-glob@https://registry.npmjs.org/fast-glob/-/fast-glob-3.3.3.tgz. Extracting by manifest.
1978 silly tarball no local data for depseek@https://registry.npmjs.org/depseek/-/depseek-0.4.6.tgz. Extracting by manifest.
1979 silly tarball no local data for @topoconfig/extends@https://registry.npmjs.org/@topoconfig/extends/-/extends-0.16.5.tgz. Extracting by manifest.
1980 silly tarball no local data for char-regex@https://registry.npmjs.org/char-regex/-/char-regex-1.0.2.tgz. Extracting by manifest.
1981 silly tarball no local data for shebang-regex@https://registry.npmjs.org/shebang-regex/-/shebang-regex-3.0.0.tgz. Extracting by manifest.
1982 silly tarball no local data for uc.micro@https://registry.npmjs.org/uc.micro/-/uc.micro-2.1.0.tgz. Extracting by manifest.
1983 silly tarball no local data for punycode.js@https://registry.npmjs.org/punycode.js/-/punycode.js-2.3.1.tgz. Extracting by manifest.
1984 silly tarball no local data for mdurl@https://registry.npmjs.org/mdurl/-/mdurl-2.1.0.tgz. Extracting by manifest.
1985 silly tarball no local data for linkify-it@https://registry.npmjs.org/linkify-it/-/linkify-it-5.0.2.tgz. Extracting by manifest.
1986 silly tarball no local data for argparse@https://registry.npmjs.org/argparse/-/argparse-2.0.1.tgz. Extracting by manifest.
1987 silly tarball no local data for xmlcreate@https://registry.npmjs.org/xmlcreate/-/xmlcreate-2.0.4.tgz. Extracting by manifest.
1988 silly tarball no local data for graceful-fs@https://registry.npmjs.org/graceful-fs/-/graceful-fs-4.2.11.tgz. Extracting by manifest.
1989 silly tarball no local data for @types/mdurl@https://registry.npmjs.org/@types/mdurl/-/mdurl-2.0.0.tgz. Extracting by manifest.
1990 silly tarball no local data for lodash@https://registry.npmjs.org/lodash/-/lodash-4.18.1.tgz. Extracting by manifest.
1991 silly tarball no local data for @types/linkify-it@https://registry.npmjs.org/@types/linkify-it/-/linkify-it-5.0.0.tgz. Extracting by manifest.
1992 silly tarball no local data for @babel/helper-string-parser@https://registry.npmjs.org/@babel/helper-string-parser/-/helper-string-parser-7.29.7.tgz. Extracting by manifest.
1993 silly tarball no local data for @babel/helper-validator-identifier@https://registry.npmjs.org/@babel/helper-validator-identifier/-/helper-validator-identifier-7.29.7.tgz. Extracting by manifest.
1994 silly tarball no local data for @babel/types@https://registry.npmjs.org/@babel/types/-/types-7.29.8.tgz. Extracting by manifest.
1995 silly tarball no local data for underscore@https://registry.npmjs.org/underscore/-/underscore-1.13.8.tgz. Extracting by manifest.
1996 silly tarball no local data for requizzle@https://registry.npmjs.org/requizzle/-/requizzle-0.2.4.tgz. Extracting by manifest.
1997 silly tarball no local data for mkdirp@https://registry.npmjs.org/mkdirp/-/mkdirp-1.0.4.tgz. Extracting by manifest.
1998 silly tarball no local data for strip-json-comments@https://registry.npmjs.org/strip-json-comments/-/strip-json-comments-3.1.1.tgz. Extracting by manifest.
1999 silly tarball no local data for marked@https://registry.npmjs.org/marked/-/marked-4.3.0.tgz. Extracting by manifest.
2000 silly tarball no local data for markdown-it-anchor@https://registry.npmjs.org/markdown-it-anchor/-/markdown-it-anchor-8.6.7.tgz. Extracting by manifest.
2001 silly tarball no local data for markdown-it@https://registry.npmjs.org/markdown-it/-/markdown-it-14.3.1.tgz. Extracting by manifest.
2002 silly tarball no local data for klaw@https://registry.npmjs.org/klaw/-/klaw-3.0.0.tgz. Extracting by manifest.
2003 silly tarball no local data for js2xmlparser@https://registry.npmjs.org/js2xmlparser/-/js2xmlparser-4.0.2.tgz. Extracting by manifest.
2004 silly tarball no local data for bluebird@https://registry.npmjs.org/bluebird/-/bluebird-3.7.2.tgz. Extracting by manifest.
2005 silly tarball no local data for catharsis@https://registry.npmjs.org/catharsis/-/catharsis-0.9.0.tgz. Extracting by manifest.
2006 silly tarball no local data for @types/markdown-it@https://registry.npmjs.org/@types/markdown-it/-/markdown-it-14.2.0.tgz. Extracting by manifest.
2007 silly tarball no local data for escape-string-regexp@https://registry.npmjs.org/escape-string-regexp/-/escape-string-regexp-2.0.0.tgz. Extracting by manifest.
2008 silly tarball no local data for @jsdoc/salty@https://registry.npmjs.org/@jsdoc/salty/-/salty-0.2.12.tgz. Extracting by manifest.
2009 silly tarball no local data for @babel/parser@https://registry.npmjs.org/@babel/parser/-/parser-7.29.8.tgz. Extracting by manifest.
2010 silly tarball no local data for wrappy@https://registry.npmjs.org/wrappy/-/wrappy-1.0.2.tgz. Extracting by manifest.
2011 silly tarball no local data for once@https://registry.npmjs.org/once/-/once-1.4.0.tgz. Extracting by manifest.
2012 silly tarball no local data for inherits@https://registry.npmjs.org/inherits/-/inherits-2.0.4.tgz. Extracting by manifest.
2013 silly tarball no local data for fs.realpath@https://registry.npmjs.org/fs.realpath/-/fs.realpath-1.0.0.tgz. Extracting by manifest.
2014 silly tarball no local data for inflight@https://registry.npmjs.org/inflight/-/inflight-1.0.6.tgz. Extracting by manifest.
2015 silly tarball no local data for acorn-jsx@https://registry.npmjs.org/acorn-jsx/-/acorn-jsx-5.3.2.tgz. Extracting by manifest.
2016 silly tarball no local data for tmp@https://registry.npmjs.org/tmp/-/tmp-0.2.7.tgz. Extracting by manifest.
2017 silly tarball no local data for jsdoc@https://registry.npmjs.org/jsdoc/-/jsdoc-4.0.5.tgz. Extracting by manifest.
2018 silly tarball no local data for glob@https://registry.npmjs.org/glob/-/glob-8.1.0.tgz. Extracting by manifest.
2019 silly tarball no local data for brace-expansion@https://registry.npmjs.org/brace-expansion/-/brace-expansion-2.1.4.tgz. Extracting by manifest.
2020 silly tarball no local data for espree@https://registry.npmjs.org/espree/-/espree-9.6.1.tgz. Extracting by manifest.
2021 silly tarball no local data for minimatch@https://registry.npmjs.org/minimatch/-/minimatch-5.1.9.tgz. Extracting by manifest.
2022 silly tarball no local data for eslint-visitor-keys@https://registry.npmjs.org/eslint-visitor-keys/-/eslint-visitor-keys-3.4.3.tgz. Extracting by manifest.
2023 silly tarball no local data for escodegen@https://registry.npmjs.org/escodegen/-/escodegen-2.1.0.tgz. Extracting by manifest.
2024 silly tarball no local data for word-wrap@https://registry.npmjs.org/word-wrap/-/word-wrap-1.2.5.tgz. Extracting by manifest.
2025 silly tarball no local data for type-check@https://registry.npmjs.org/type-check/-/type-check-0.3.2.tgz. Extracting by manifest.
2026 silly tarball no local data for levn@https://registry.npmjs.org/levn/-/levn-0.3.0.tgz. Extracting by manifest.
2027 silly tarball no local data for prelude-ls@https://registry.npmjs.org/prelude-ls/-/prelude-ls-1.1.2.tgz. Extracting by manifest.
2028 silly tarball no local data for fast-levenshtein@https://registry.npmjs.org/fast-levenshtein/-/fast-levenshtein-2.0.6.tgz. Extracting by manifest.
2029 silly tarball no local data for deep-is@https://registry.npmjs.org/deep-is/-/deep-is-0.1.4.tgz. Extracting by manifest.
2030 silly tarball no local data for call-bound@https://registry.npmjs.org/call-bound/-/call-bound-1.0.4.tgz. Extracting by manifest.
2031 silly tarball no local data for minimatch@https://registry.npmjs.org/minimatch/-/minimatch-3.1.5.tgz. Extracting by manifest.
2032 silly tarball no local data for arrify@https://registry.npmjs.org/arrify/-/arrify-2.0.1.tgz. Extracting by manifest.
2033 silly tarball no local data for array-union@https://registry.npmjs.org/array-union/-/array-union-2.1.0.tgz. Extracting by manifest.
2034 silly tarball no local data for array-differ@https://registry.npmjs.org/array-differ/-/array-differ-3.0.0.tgz. Extracting by manifest.
2035 silly tarball no local data for @types/minimatch@https://registry.npmjs.org/@types/minimatch/-/minimatch-3.0.5.tgz. Extracting by manifest.
2036 silly tarball no local data for crypt@https://registry.npmjs.org/crypt/-/crypt-0.0.2.tgz. Extracting by manifest.
2037 silly tarball no local data for charenc@https://registry.npmjs.org/charenc/-/charenc-0.0.2.tgz. Extracting by manifest.
2038 silly tarball no local data for url@https://registry.npmjs.org/url/-/url-0.11.0.tgz. Extracting by manifest.
2039 silly tarball no local data for cheerio@https://registry.npmjs.org/cheerio/-/cheerio-1.0.0-rc.11.tgz. Extracting by manifest.
2040 silly tarball no local data for object-keys@https://registry.npmjs.org/object-keys/-/object-keys-1.1.1.tgz. Extracting by manifest.
2041 silly tarball no local data for has-property-descriptors@https://registry.npmjs.org/has-property-descriptors/-/has-property-descriptors-1.0.2.tgz. Extracting by manifest.
2042 silly tarball no local data for define-data-property@https://registry.npmjs.org/define-data-property/-/define-data-property-1.1.4.tgz. Extracting by manifest.
2043 silly tarball no local data for define-properties@https://registry.npmjs.org/define-properties/-/define-properties-1.2.1.tgz. Extracting by manifest.
2044 silly tarball no local data for @inversifyjs/prototype-utils@https://registry.npmjs.org/@inversifyjs/prototype-utils/-/prototype-utils-0.1.3.tgz. Extracting by manifest.
2045 silly tarball no local data for @inversifyjs/reflect-metadata-utils@https://registry.npmjs.org/@inversifyjs/reflect-metadata-utils/-/reflect-metadata-utils-1.4.1.tgz. Extracting by manifest.
2046 silly tarball no local data for @inversifyjs/plugin@https://registry.npmjs.org/@inversifyjs/plugin/-/plugin-0.2.0.tgz. Extracting by manifest.
2047 silly tarball no local data for @inversifyjs/core@https://registry.npmjs.org/@inversifyjs/core/-/core-9.2.0.tgz. Extracting by manifest.
2048 silly tarball no local data for @inversifyjs/container@https://registry.npmjs.org/@inversifyjs/container/-/container-1.15.0.tgz. Extracting by manifest.
2049 silly tarball no local data for @inversifyjs/common@https://registry.npmjs.org/@inversifyjs/common/-/common-1.5.2.tgz. Extracting by manifest.
2050 silly tarball no local data for htmlparser2@https://registry.npmjs.org/htmlparser2/-/htmlparser2-8.0.2.tgz. Extracting by manifest.
2051 silly tarball no local data for which@https://registry.npmjs.org/which/-/which-2.0.2.tgz. Extracting by manifest.
2052 silly tarball no local data for shebang-command@https://registry.npmjs.org/shebang-command/-/shebang-command-2.0.0.tgz. Extracting by manifest.
2053 silly tarball no local data for path-key@https://registry.npmjs.org/path-key/-/path-key-3.1.1.tgz. Extracting by manifest.
2054 silly tarball no local data for strip-final-newline@https://registry.npmjs.org/strip-final-newline/-/strip-final-newline-2.0.0.tgz. Extracting by manifest.
2055 silly tarball no local data for npm-run-path@https://registry.npmjs.org/npm-run-path/-/npm-run-path-4.0.1.tgz. Extracting by manifest.
2056 silly tarball no local data for merge-stream@https://registry.npmjs.org/merge-stream/-/merge-stream-2.0.0.tgz. Extracting by manifest.
2057 silly tarball no local data for human-signals@https://registry.npmjs.org/human-signals/-/human-signals-2.1.0.tgz. Extracting by manifest.
2058 silly tarball no local data for is-stream@https://registry.npmjs.org/is-stream/-/is-stream-2.0.1.tgz. Extracting by manifest.
2059 silly tarball no local data for estraverse@https://registry.npmjs.org/estraverse/-/estraverse-5.3.0.tgz. Extracting by manifest.
2060 silly tarball no local data for cross-spawn@https://registry.npmjs.org/cross-spawn/-/cross-spawn-7.0.6.tgz. Extracting by manifest.
2061 silly tarball no local data for get-stream@https://registry.npmjs.org/get-stream/-/get-stream-6.0.1.tgz. Extracting by manifest.
2062 silly tarball no local data for esrecurse@https://registry.npmjs.org/esrecurse/-/esrecurse-4.3.0.tgz. Extracting by manifest.
2063 silly tarball no local data for is-safe-filename@https://registry.npmjs.org/is-safe-filename/-/is-safe-filename-0.1.1.tgz. Extracting by manifest.
2064 silly tarball no local data for validator@https://registry.npmjs.org/validator/-/validator-13.15.35.tgz. Extracting by manifest.
2065 silly tarball no local data for libphonenumber-js@https://registry.npmjs.org/libphonenumber-js/-/libphonenumber-js-1.13.12.tgz. Extracting by manifest.
2066 silly tarball no local data for @types/validator@https://registry.npmjs.org/@types/validator/-/validator-13.15.10.tgz. Extracting by manifest.
2067 silly tarball no local data for set-function-length@https://registry.npmjs.org/set-function-length/-/set-function-length-1.2.2.tgz. Extracting by manifest.
2068 silly tarball no local data for retry@https://registry.npmjs.org/retry/-/retry-0.13.1.tgz. Extracting by manifest.
2069 silly tarball no local data for util@https://registry.npmjs.org/util/-/util-0.12.5.tgz. Extracting by manifest.
2070 silly tarball no local data for object.assign@https://registry.npmjs.org/object.assign/-/object.assign-4.1.7.tgz. Extracting by manifest.
2071 silly tarball no local data for object-is@https://registry.npmjs.org/object-is/-/object-is-1.1.6.tgz. Extracting by manifest.
2072 silly tarball no local data for is-nan@https://registry.npmjs.org/is-nan/-/is-nan-1.3.2.tgz. Extracting by manifest.
2073 silly tarball no local data for call-bind@https://registry.npmjs.org/call-bind/-/call-bind-1.0.9.tgz. Extracting by manifest.
2074 silly tarball no local data for execa@https://registry.npmjs.org/execa/-/execa-5.1.1.tgz. Extracting by manifest.
2075 silly tarball no local data for zod@https://registry.npmjs.org/zod/-/zod-4.1.11.tgz. Extracting by manifest.
2076 silly tarball no local data for xdg-app-paths@https://registry.npmjs.org/xdg-app-paths/-/xdg-app-paths-5.5.1.tgz. Extracting by manifest.
2077 silly tarball no local data for jose@https://registry.npmjs.org/jose/-/jose-5.10.0.tgz. Extracting by manifest.
2078 silly tarball no local data for @vercel/cli-exec@https://registry.npmjs.org/@vercel/cli-exec/-/cli-exec-1.0.1.tgz. Extracting by manifest.
2079 silly tarball no local data for undici@https://registry.npmjs.org/undici/-/undici-6.28.1.tgz. Extracting by manifest.
2080 silly tarball no local data for @vercel/cli-config@https://registry.npmjs.org/@vercel/cli-config/-/cli-config-0.2.4.tgz. Extracting by manifest.
2081 silly tarball no local data for throttleit@https://registry.npmjs.org/throttleit/-/throttleit-2.1.0.tgz. Extracting by manifest.
2082 silly tarball no local data for async-retry@https://registry.npmjs.org/async-retry/-/async-retry-1.3.3.tgz. Extracting by manifest.
2083 silly tarball no local data for is-node-process@https://registry.npmjs.org/is-node-process/-/is-node-process-1.2.0.tgz. Extracting by manifest.
2084 silly tarball no local data for source-map@https://registry.npmjs.org/source-map/-/source-map-0.6.1.tgz. Extracting by manifest.
2085 silly tarball no local data for optionator@https://registry.npmjs.org/optionator/-/optionator-0.8.3.tgz. Extracting by manifest.
2086 silly tarball no local data for is-buffer@https://registry.npmjs.org/is-buffer/-/is-buffer-2.0.5.tgz. Extracting by manifest.
2087 silly tarball no local data for esutils@https://registry.npmjs.org/esutils/-/esutils-2.0.3.tgz. Extracting by manifest.
2088 silly tarball no local data for @vercel/oidc@https://registry.npmjs.org/@vercel/oidc/-/oidc-3.8.5.tgz. Extracting by manifest.
2089 silly tarball no local data for esprima@https://registry.npmjs.org/esprima/-/esprima-4.0.1.tgz. Extracting by manifest.
2090 silly tarball no local data for stringz@https://registry.npmjs.org/stringz/-/stringz-2.1.0.tgz. Extracting by manifest.
2091 silly tarball no local data for string-template@https://registry.npmjs.org/string-template/-/string-template-1.0.0.tgz. Extracting by manifest.
2092 silly tarball no local data for reflect-metadata@https://registry.npmjs.org/reflect-metadata/-/reflect-metadata-0.2.2.tgz. Extracting by manifest.
2093 silly tarball no local data for process@https://registry.npmjs.org/process/-/process-0.11.10.tgz. Extracting by manifest.
2094 silly tarball no local data for multimatch@https://registry.npmjs.org/multimatch/-/multimatch-5.0.0.tgz. Extracting by manifest.
2095 silly tarball no local data for md5@https://registry.npmjs.org/md5/-/md5-2.3.0.tgz. Extracting by manifest.
2096 silly tarball no local data for js-string-escape@https://registry.npmjs.org/js-string-escape/-/js-string-escape-1.0.1.tgz. Extracting by manifest.
2097 silly tarball no local data for inversify@https://registry.npmjs.org/inversify/-/inversify-7.11.0.tgz. Extracting by manifest.
2098 silly tarball no local data for fast-deep-equal@https://registry.npmjs.org/fast-deep-equal/-/fast-deep-equal-3.1.3.tgz. Extracting by manifest.
2099 silly tarball no local data for is-buffer@https://registry.npmjs.org/is-buffer/-/is-buffer-1.1.6.tgz. Extracting by manifest.
2100 silly tarball no local data for eslint-visitor-keys@https://registry.npmjs.org/eslint-visitor-keys/-/eslint-visitor-keys-4.2.1.tgz. Extracting by manifest.
2101 silly tarball no local data for eslint-scope@https://registry.npmjs.org/eslint-scope/-/eslint-scope-8.4.0.tgz. Extracting by manifest.
2102 silly tarball no local data for env-paths@https://registry.npmjs.org/env-paths/-/env-paths-4.0.0.tgz. Extracting by manifest.
2103 silly tarball no local data for commander@https://registry.npmjs.org/commander/-/commander-12.1.0.tgz. Extracting by manifest.
2104 silly tarball no local data for chance@https://registry.npmjs.org/chance/-/chance-1.1.13.tgz. Extracting by manifest.
2105 silly tarball no local data for class-validator@https://registry.npmjs.org/class-validator/-/class-validator-0.14.3.tgz. Extracting by manifest.
2106 silly tarball no local data for assert@https://registry.npmjs.org/assert/-/assert-2.1.0.tgz. Extracting by manifest.
2107 silly tarball no local data for acorn@https://registry.npmjs.org/acorn/-/acorn-8.15.0.tgz. Extracting by manifest.
2108 silly tarball no local data for acorn-import-attributes@https://registry.npmjs.org/acorn-import-attributes/-/acorn-import-attributes-1.9.5.tgz. Extracting by manifest.
2109 silly tarball no local data for @vercel/blob@https://registry.npmjs.org/@vercel/blob/-/blob-2.8.0.tgz. Extracting by manifest.
2110 silly tarball no local data for @javascript-obfuscator/escodegen@https://registry.npmjs.org/@javascript-obfuscator/escodegen/-/escodegen-2.4.2.tgz. Extracting by manifest.
2111 silly tarball no local data for @javascript-obfuscator/estraverse@https://registry.npmjs.org/@javascript-obfuscator/estraverse/-/estraverse-5.4.0.tgz. Extracting by manifest.
2112 silly tarball no local data for undici-types@https://registry.npmjs.org/undici-types/-/undici-types-6.21.0.tgz. Extracting by manifest.
2113 silly tarball no local data for typescript@https://registry.npmjs.org/typescript/-/typescript-5.9.3.tgz. Extracting by manifest.
2114 silly tarball no local data for tsc-esm-fix@https://registry.npmjs.org/tsc-esm-fix/-/tsc-esm-fix-3.1.2.tgz. Extracting by manifest.
2115 silly tarball no local data for protobufjs-cli@https://registry.npmjs.org/protobufjs-cli/-/protobufjs-cli-2.7.0.tgz. Extracting by manifest.
2116 silly tarball no local data for link-preview-js@https://registry.npmjs.org/link-preview-js/-/link-preview-js-3.2.0.tgz. Extracting by manifest.
2117 silly tarball no local data for javascript-obfuscator@https://registry.npmjs.org/javascript-obfuscator/-/javascript-obfuscator-5.6.0.tgz. Extracting by manifest.
2118 silly tarball no local data for @types/ws@https://registry.npmjs.org/@types/ws/-/ws-8.18.1.tgz. Extracting by manifest.
2119 silly tarball no local data for @types/node@https://registry.npmjs.org/@types/node/-/node-20.19.43.tgz. Extracting by manifest.
2120 http fetch GET 200 https://registry.npmjs.org/punycode/-/punycode-1.3.2.tgz 799ms (cache miss)
2121 http fetch GET 200 https://registry.npmjs.org/queue-microtask/-/queue-microtask-1.2.3.tgz 853ms (cache miss)
2122 http fetch GET 200 https://registry.npmjs.org/xdg-portable/-/xdg-portable-7.3.0.tgz 865ms (cache miss)
2123 http fetch GET 200 https://registry.npmjs.org/possible-typed-array-names/-/possible-typed-array-names-1.1.0.tgz 940ms (cache miss)
2124 http fetch GET 200 https://registry.npmjs.org/to-regex-range/-/to-regex-range-5.0.1.tgz 964ms (cache miss)
2125 http fetch GET 200 https://registry.npmjs.org/glob-parent/-/glob-parent-5.1.2.tgz 966ms (cache miss)
2126 http fetch GET 200 https://registry.npmjs.org/is-number/-/is-number-7.0.0.tgz 1018ms (cache miss)
2127 http fetch GET 200 https://registry.npmjs.org/is-extglob/-/is-extglob-2.1.1.tgz 1032ms (cache miss)
2128 http fetch GET 200 https://registry.npmjs.org/is-glob/-/is-glob-4.0.3.tgz 1048ms (cache miss)
2129 http fetch GET 200 https://registry.npmjs.org/universalify/-/universalify-2.0.1.tgz 1050ms (cache miss)
2130 http fetch GET 200 https://registry.npmjs.org/run-parallel/-/run-parallel-1.2.0.tgz 1053ms (cache miss)
2131 http fetch GET 200 https://registry.npmjs.org/fill-range/-/fill-range-7.1.1.tgz 1065ms (cache miss)
2132 http fetch GET 200 https://registry.npmjs.org/jsonfile/-/jsonfile-6.2.1.tgz 1095ms (cache miss)
2133 http fetch GET 200 https://registry.npmjs.org/merge2/-/merge2-1.4.1.tgz 1116ms (cache miss)
2134 http fetch GET 200 https://registry.npmjs.org/safe-regex-test/-/safe-regex-test-1.1.0.tgz 1167ms (cache miss)
2135 http fetch GET 200 https://registry.npmjs.org/generator-function/-/generator-function-2.0.1.tgz 1173ms (cache miss)
2136 http fetch GET 200 https://registry.npmjs.org/char-regex/-/char-regex-1.0.2.tgz 1148ms (cache miss)
2137 http fetch GET 200 https://registry.npmjs.org/shebang-regex/-/shebang-regex-3.0.0.tgz 1152ms (cache miss)
2138 http fetch GET 200 https://registry.npmjs.org/@types/linkify-it/-/linkify-it-5.0.0.tgz 1295ms (cache miss)
2139 http fetch GET 200 https://registry.npmjs.org/strip-json-comments/-/strip-json-comments-3.1.1.tgz 1292ms (cache miss)
2140 http fetch GET 200 https://registry.npmjs.org/escape-string-regexp/-/escape-string-regexp-2.0.0.tgz 1290ms (cache miss)
2141 http fetch GET 200 https://registry.npmjs.org/@types/mdurl/-/mdurl-2.0.0.tgz 1308ms (cache miss)
2142 http fetch GET 200 https://registry.npmjs.org/inflight/-/inflight-1.0.6.tgz 1307ms (cache miss)
2143 warn deprecated inflight@1.0.6: This module is not supported, and leaks memory. Do not use it. Check out lru-cache if you want a good and tested way to coalesce async requests by a key value, which is much more comprehensive and powerful.
2144 http fetch GET 200 https://registry.npmjs.org/inherits/-/inherits-2.0.4.tgz 1315ms (cache miss)
2145 http fetch GET 200 https://registry.npmjs.org/once/-/once-1.4.0.tgz 1319ms (cache miss)
2146 http fetch GET 200 https://registry.npmjs.org/wrappy/-/wrappy-1.0.2.tgz 1346ms (cache miss)
2147 http fetch GET 200 https://registry.npmjs.org/tmp/-/tmp-0.2.7.tgz 1354ms (cache miss)
2148 http fetch GET 200 https://registry.npmjs.org/punycode.js/-/punycode.js-2.3.1.tgz 1386ms (cache miss)
2149 http fetch GET 200 https://registry.npmjs.org/graceful-fs/-/graceful-fs-4.2.11.tgz 1387ms (cache miss)
2150 http fetch GET 200 https://registry.npmjs.org/brace-expansion/-/brace-expansion-2.1.4.tgz 1382ms (cache miss)
2151 http fetch GET 200 https://registry.npmjs.org/fs.realpath/-/fs.realpath-1.0.0.tgz 1389ms (cache miss)
2152 http fetch GET 200 https://registry.npmjs.org/type-check/-/type-check-0.3.2.tgz 1378ms (cache miss)
2153 http fetch GET 200 https://registry.npmjs.org/os-paths/-/os-paths-4.4.0.tgz 1463ms (cache miss)
2154 http fetch GET 200 https://registry.npmjs.org/available-typed-arrays/-/available-typed-arrays-1.0.7.tgz 1465ms (cache miss)
2155 http fetch GET 200 https://registry.npmjs.org/deep-is/-/deep-is-0.1.4.tgz 1415ms (cache miss)
2156 http fetch GET 200 https://registry.npmjs.org/array-union/-/array-union-2.1.0.tgz 1412ms (cache miss)
2157 http fetch GET 200 https://registry.npmjs.org/is-callable/-/is-callable-1.2.7.tgz 1496ms (cache miss)
2158 http fetch GET 200 https://registry.npmjs.org/is-regex/-/is-regex-1.2.1.tgz 1490ms (cache miss)
2159 http fetch GET 200 https://registry.npmjs.org/for-each/-/for-each-0.3.5.tgz 1492ms (cache miss)
2160 http fetch GET 200 https://registry.npmjs.org/is-typed-array/-/is-typed-array-1.1.15.tgz 1489ms (cache miss)
2161 http fetch GET 200 https://registry.npmjs.org/type-flag/-/type-flag-3.0.0.tgz 1472ms (cache miss)
2162 http fetch GET 200 https://registry.npmjs.org/klaw/-/klaw-3.0.0.tgz 1467ms (cache miss)
2163 http fetch GET 200 https://registry.npmjs.org/glob/-/glob-8.1.0.tgz 1456ms (cache miss)
2164 warn deprecated glob@8.1.0: Old versions of glob are not supported, and contain widely publicized security vulnerabilities, which have been fixed in the current version. Please update. Support for old versions may be purchased (at exorbitant rates) by contacting i@izs.me
2165 http fetch GET 200 https://registry.npmjs.org/charenc/-/charenc-0.0.2.tgz 1436ms (cache miss)
2166 http fetch GET 200 https://registry.npmjs.org/array-differ/-/array-differ-3.0.0.tgz 1437ms (cache miss)
2167 http fetch GET 200 https://registry.npmjs.org/call-bound/-/call-bound-1.0.4.tgz 1442ms (cache miss)
2168 http fetch GET 200 https://registry.npmjs.org/@types/minimatch/-/minimatch-3.0.5.tgz 1438ms (cache miss)
2169 http fetch GET 200 https://registry.npmjs.org/arrify/-/arrify-2.0.1.tgz 1439ms (cache miss)
2170 http fetch GET 200 https://registry.npmjs.org/crypt/-/crypt-0.0.2.tgz 1438ms (cache miss)
2171 http fetch GET 200 https://registry.npmjs.org/mdurl/-/mdurl-2.1.0.tgz 1492ms (cache miss)
2172 http fetch GET 200 https://registry.npmjs.org/word-wrap/-/word-wrap-1.2.5.tgz 1474ms (cache miss)
2173 http fetch GET 200 https://registry.npmjs.org/fast-levenshtein/-/fast-levenshtein-2.0.6.tgz 1466ms (cache miss)
2174 http fetch GET 200 https://registry.npmjs.org/has-property-descriptors/-/has-property-descriptors-1.0.2.tgz 1455ms (cache miss)
2175 http fetch GET 200 https://registry.npmjs.org/define-properties/-/define-properties-1.2.1.tgz 1454ms (cache miss)
2176 http fetch GET 200 https://registry.npmjs.org/querystring/-/querystring-0.2.0.tgz 1548ms (cache miss)
2177 http fetch GET 200 https://registry.npmjs.org/@babel/helper-string-parser/-/helper-string-parser-7.29.7.tgz 1526ms (cache miss)
2178 http fetch GET 200 https://codeload.github.com/whiskeysockets/libsignal-node/tar.gz/bcea72df9ec34d9d9140ab30619cf479c7c144c7 1091ms (cache revalidated)
2179 http fetch GET 200 https://registry.npmjs.org/acorn-jsx/-/acorn-jsx-5.3.2.tgz 1521ms (cache miss)
2180 http fetch GET 200 https://registry.npmjs.org/@jsdoc/salty/-/salty-0.2.12.tgz 1543ms (cache miss)
2181 http fetch GET 200 https://registry.npmjs.org/url/-/url-0.11.0.tgz 1546ms (cache miss)
2182 http fetch GET 200 https://registry.npmjs.org/merge-stream/-/merge-stream-2.0.0.tgz 1529ms (cache miss)
2183 http fetch GET 200 https://registry.npmjs.org/which/-/which-2.0.2.tgz 1542ms (cache miss)
2184 http fetch GET 200 https://registry.npmjs.org/npm-run-path/-/npm-run-path-4.0.1.tgz 1542ms (cache miss)
2185 http fetch GET 200 https://registry.npmjs.org/shebang-command/-/shebang-command-2.0.0.tgz 1546ms (cache miss)
2186 http fetch GET 200 https://registry.npmjs.org/path-key/-/path-key-3.1.1.tgz 1547ms (cache miss)
2187 http fetch GET 200 https://registry.npmjs.org/reusify/-/reusify-1.1.0.tgz 1618ms (cache miss)
2188 http fetch GET 200 https://registry.npmjs.org/micromatch/-/micromatch-4.0.8.tgz 1616ms (cache miss)
2189 http fetch GET 200 https://registry.npmjs.org/requizzle/-/requizzle-0.2.4.tgz 1610ms (cache miss)
2190 http fetch GET 200 https://registry.npmjs.org/escodegen/-/escodegen-2.1.0.tgz 1596ms (cache miss)
2191 http fetch GET 200 https://registry.npmjs.org/minimatch/-/minimatch-3.1.5.tgz 1582ms (cache miss)
2192 http fetch GET 200 https://registry.npmjs.org/strip-final-newline/-/strip-final-newline-2.0.0.tgz 1563ms (cache miss)
2193 http fetch GET 200 https://registry.npmjs.org/is-stream/-/is-stream-2.0.1.tgz 1559ms (cache miss)
2194 http fetch GET 200 https://registry.npmjs.org/esrecurse/-/esrecurse-4.3.0.tgz 1558ms (cache miss)
2195 http fetch GET 200 https://registry.npmjs.org/depseek/-/depseek-0.4.6.tgz 1626ms (cache miss)
2196 http fetch GET 200 https://registry.npmjs.org/which-typed-array/-/which-typed-array-1.1.22.tgz 1655ms (cache miss)
2197 warn deprecated querystring@0.2.0: The querystring API is considered Legacy. new code should use the URLSearchParams API instead.
2198 http fetch GET 200 https://registry.npmjs.org/is-safe-filename/-/is-safe-filename-0.1.1.tgz 1567ms (cache miss)
2199 http fetch GET 200 https://registry.npmjs.org/retry/-/retry-0.13.1.tgz 1563ms (cache miss)
2200 http fetch GET 200 https://registry.npmjs.org/mkdirp/-/mkdirp-1.0.4.tgz 1630ms (cache miss)
2201 http fetch GET 200 https://registry.npmjs.org/object-keys/-/object-keys-1.1.1.tgz 1594ms (cache miss)
2202 http fetch GET 200 https://registry.npmjs.org/define-data-property/-/define-data-property-1.1.4.tgz 1594ms (cache miss)
2203 http fetch GET 200 https://registry.npmjs.org/get-stream/-/get-stream-6.0.1.tgz 1580ms (cache miss)
2204 http fetch GET 200 https://registry.npmjs.org/set-function-length/-/set-function-length-1.2.2.tgz 1583ms (cache miss)
2205 http fetch GET 200 https://registry.npmjs.org/linkify-it/-/linkify-it-5.0.2.tgz 1651ms (cache miss)
2206 http fetch GET 200 https://registry.npmjs.org/is-nan/-/is-nan-1.3.2.tgz 1582ms (cache miss)
2207 http fetch GET 200 https://registry.npmjs.org/estraverse/-/estraverse-5.3.0.tgz 1598ms (cache miss)
2208 http fetch GET 200 https://registry.npmjs.org/@vercel/cli-config/-/cli-config-0.2.4.tgz 1627ms (cache miss)
2209 http fetch GET 200 https://registry.npmjs.org/uc.micro/-/uc.micro-2.1.0.tgz 1704ms (cache miss)
2210 http fetch GET 200 https://registry.npmjs.org/levn/-/levn-0.3.0.tgz 1679ms (cache miss)
2211 http fetch GET 200 https://registry.npmjs.org/throttleit/-/throttleit-2.1.0.tgz 1633ms (cache miss)
2212 http fetch GET 200 https://registry.npmjs.org/async-retry/-/async-retry-1.3.3.tgz 1634ms (cache miss)
2213 http fetch GET 200 https://registry.npmjs.org/is-buffer/-/is-buffer-2.0.5.tgz 1630ms (cache miss)
2214 http fetch GET 200 https://registry.npmjs.org/is-arguments/-/is-arguments-1.2.0.tgz 1740ms (cache miss)
2215 http fetch GET 200 https://registry.npmjs.org/is-generator-function/-/is-generator-function-1.1.2.tgz 1746ms (cache miss)
2216 http fetch GET 200 https://registry.npmjs.org/util/-/util-0.12.5.tgz 1653ms (cache miss)
2217 http fetch GET 200 https://registry.npmjs.org/xdg-app-paths/-/xdg-app-paths-5.5.1.tgz 1668ms (cache miss)
2218 http fetch GET 200 https://registry.npmjs.org/multimatch/-/multimatch-5.0.0.tgz 1661ms (cache miss)
2219 http fetch GET 200 https://registry.npmjs.org/js-string-escape/-/js-string-escape-1.0.1.tgz 1658ms (cache miss)
2220 http fetch GET 200 https://registry.npmjs.org/fast-deep-equal/-/fast-deep-equal-3.1.3.tgz 1658ms (cache miss)
2221 http fetch GET 200 https://registry.npmjs.org/env-paths/-/env-paths-4.0.0.tgz 1656ms (cache miss)
2222 http fetch GET 200 https://registry.npmjs.org/is-buffer/-/is-buffer-1.1.6.tgz 1658ms (cache miss)
2223 http fetch GET 200 https://registry.npmjs.org/acorn-import-attributes/-/acorn-import-attributes-1.9.5.tgz 1655ms (cache miss)
2224 http fetch GET 200 https://registry.npmjs.org/minimatch/-/minimatch-5.1.9.tgz 1725ms (cache miss)
2225 http fetch GET 200 https://registry.npmjs.org/eslint-visitor-keys/-/eslint-visitor-keys-3.4.3.tgz 1727ms (cache miss)
2226 http fetch GET 200 https://registry.npmjs.org/fastq/-/fastq-1.20.3.tgz 1763ms (cache miss)
2227 http fetch GET 200 https://registry.npmjs.org/@javascript-obfuscator/estraverse/-/estraverse-5.4.0.tgz 1662ms (cache miss)
2228 http fetch GET 200 https://registry.npmjs.org/is-node-process/-/is-node-process-1.2.0.tgz 1679ms (cache miss)
2229 http fetch GET 200 https://registry.npmjs.org/stringz/-/stringz-2.1.0.tgz 1677ms (cache miss)
2230 http fetch GET 200 https://registry.npmjs.org/process/-/process-0.11.10.tgz 1677ms (cache miss)
2231 http fetch GET 200 https://registry.npmjs.org/js2xmlparser/-/js2xmlparser-4.0.2.tgz 1750ms (cache miss)
2232 http fetch GET 200 https://registry.npmjs.org/@javascript-obfuscator/escodegen/-/escodegen-2.4.2.tgz 1674ms (cache miss)
2233 http fetch GET 200 https://registry.npmjs.org/@types/ws/-/ws-8.18.1.tgz 1670ms (cache miss)
2234 http fetch GET 200 https://registry.npmjs.org/md5/-/md5-2.3.0.tgz 1686ms (cache miss)
2235 http fetch GET 200 https://registry.npmjs.org/prelude-ls/-/prelude-ls-1.1.2.tgz 1737ms (cache miss)
2236 http fetch GET 200 https://registry.npmjs.org/optionator/-/optionator-0.8.3.tgz 1695ms (cache miss)
2237 http fetch GET 200 https://registry.npmjs.org/call-bind/-/call-bind-1.0.9.tgz 1706ms (cache miss)
2238 http fetch GET 200 https://registry.npmjs.org/espree/-/espree-9.6.1.tgz 1761ms (cache miss)
2239 http fetch GET 200 https://registry.npmjs.org/@inversifyjs/prototype-utils/-/prototype-utils-0.1.3.tgz 1734ms (cache miss)
2240 http fetch GET 200 https://registry.npmjs.org/argparse/-/argparse-2.0.1.tgz 1788ms (cache miss)
2241 http fetch GET 200 https://registry.npmjs.org/esutils/-/esutils-2.0.3.tgz 1718ms (cache miss)
2242 http fetch GET 200 https://registry.npmjs.org/cross-spawn/-/cross-spawn-7.0.6.tgz 1775ms (cache miss)
2243 http fetch GET 200 https://registry.npmjs.org/@babel/helper-validator-identifier/-/helper-validator-identifier-7.29.7.tgz 1853ms (cache miss)
2244 http fetch GET 200 https://registry.npmjs.org/object-is/-/object-is-1.1.6.tgz 1791ms (cache miss)
2245 http fetch GET 200 https://registry.npmjs.org/eslint-visitor-keys/-/eslint-visitor-keys-4.2.1.tgz 1786ms (cache miss)
2246 http fetch GET 200 https://registry.npmjs.org/braces/-/braces-3.0.3.tgz 1910ms (cache miss)
2247 http fetch GET 200 https://registry.npmjs.org/picomatch/-/picomatch-2.3.2.tgz 1931ms (cache miss)
2248 http fetch GET 200 https://registry.npmjs.org/reflect-metadata/-/reflect-metadata-0.2.2.tgz 1837ms (cache miss)
2249 http fetch GET 200 https://registry.npmjs.org/esprima/-/esprima-4.0.1.tgz 1845ms (cache miss)
2250 http fetch GET 200 https://registry.npmjs.org/assert/-/assert-2.1.0.tgz 1840ms (cache miss)
2251 http fetch GET 200 https://registry.npmjs.org/execa/-/execa-5.1.1.tgz 1863ms (cache miss)
2252 http fetch GET 200 https://registry.npmjs.org/@nodelib/fs.stat/-/fs.stat-2.0.5.tgz 1956ms (cache miss)
2253 http fetch GET 200 https://registry.npmjs.org/object.assign/-/object.assign-4.1.7.tgz 1885ms (cache miss)
2254 http fetch GET 200 https://registry.npmjs.org/human-signals/-/human-signals-2.1.0.tgz 1944ms (cache miss)
2255 http fetch GET 200 https://registry.npmjs.org/markdown-it-anchor/-/markdown-it-anchor-8.6.7.tgz 2015ms (cache miss)
2256 http fetch GET 200 https://registry.npmjs.org/string-template/-/string-template-1.0.0.tgz 1941ms (cache miss)
2257 http fetch GET 200 https://registry.npmjs.org/catharsis/-/catharsis-0.9.0.tgz 2013ms (cache miss)
2258 http fetch GET 200 https://registry.npmjs.org/eslint-scope/-/eslint-scope-8.4.0.tgz 1939ms (cache miss)
2259 http fetch GET 200 https://registry.npmjs.org/undici-types/-/undici-types-6.21.0.tgz 2015ms (cache miss)
2260 http fetch GET 200 https://registry.npmjs.org/commander/-/commander-12.1.0.tgz 2041ms (cache miss)
2261 http fetch GET 200 https://registry.npmjs.org/@topoconfig/extends/-/extends-0.16.5.tgz 2139ms (cache miss)
2262 http fetch GET 200 https://registry.npmjs.org/acorn/-/acorn-8.15.0.tgz 2062ms (cache miss)
2263 http fetch GET 200 https://registry.npmjs.org/json5/-/json5-2.2.3.tgz 2183ms (cache miss)
2264 http fetch GET 200 https://registry.npmjs.org/marked/-/marked-4.3.0.tgz 2182ms (cache miss)
2265 http fetch GET 200 https://registry.npmjs.org/@nodelib/fs.scandir/-/fs.scandir-2.1.5.tgz 2208ms (cache miss)
2266 http fetch GET 200 https://registry.npmjs.org/link-preview-js/-/link-preview-js-3.2.0.tgz 2125ms (cache miss)
2267 http fetch GET 200 https://registry.npmjs.org/@types/markdown-it/-/markdown-it-14.2.0.tgz 2224ms (cache miss)
2268 http fetch GET 200 https://registry.npmjs.org/@nodelib/fs.walk/-/fs.walk-1.2.8.tgz 2430ms (cache miss)
2269 http fetch GET 200 https://registry.npmjs.org/@vercel/cli-exec/-/cli-exec-1.0.1.tgz 2428ms (cache miss)
2270 silly packumentCache heap:1822162944 maxSize:455540736 maxEntrySize:227770368
2271 http fetch GET 200 https://registry.npmjs.org/source-map/-/source-map-0.6.1.tgz 2443ms (cache miss)
2272 http fetch GET 200 https://registry.npmjs.org/fs-extra/-/fs-extra-11.4.0.tgz 2579ms (cache miss)
2273 http fetch GET 200 https://registry.npmjs.org/@vercel/blob/-/blob-2.8.0.tgz 2507ms (cache miss)
2274 http fetch GET 200 https://registry.npmjs.org/@inversifyjs/plugin/-/plugin-0.2.0.tgz 2586ms (cache miss)
2275 http fetch GET 200 https://registry.npmjs.org/protobufjs-cli/-/protobufjs-cli-2.7.0.tgz 2544ms (cache miss)
2276 http fetch GET 200 https://registry.npmjs.org/@babel/parser/-/parser-7.29.8.tgz 2646ms (cache miss)
2277 http fetch GET 200 https://registry.npmjs.org/htmlparser2/-/htmlparser2-8.0.2.tgz 2604ms (cache miss)
2278 http fetch GET 200 https://registry.npmjs.org/@vercel/oidc/-/oidc-3.8.5.tgz 2661ms (cache miss)
2279 http fetch GET 200 https://registry.npmjs.org/xmlcreate/-/xmlcreate-2.0.4.tgz 2785ms (cache miss)
2280 http fetch GET 200 https://registry.npmjs.org/fast-glob/-/fast-glob-3.3.3.tgz 2902ms (cache miss)
2281 http fetch GET 200 https://registry.npmjs.org/@types/node/-/node-20.19.43.tgz 2805ms (cache miss)
2282 http fetch GET 200 https://registry.npmjs.org/bluebird/-/bluebird-3.7.2.tgz 2898ms (cache miss)
2283 http fetch GET 200 https://registry.npmjs.org/tsc-esm-fix/-/tsc-esm-fix-3.1.2.tgz 2815ms (cache miss)
2284 http fetch GET 200 https://registry.npmjs.org/@inversifyjs/common/-/common-1.5.2.tgz 3015ms (cache miss)
2285 http fetch GET 200 https://registry.npmjs.org/markdown-it/-/markdown-it-14.3.1.tgz 3101ms (cache miss)
2286 http fetch GET 200 https://registry.npmjs.org/cheerio/-/cheerio-1.0.0-rc.11.tgz 3520ms (cache miss)
2287 http fetch GET 200 https://registry.npmjs.org/inversify/-/inversify-7.11.0.tgz 3517ms (cache miss)
2288 http fetch GET 200 https://registry.npmjs.org/@inversifyjs/reflect-metadata-utils/-/reflect-metadata-utils-1.4.1.tgz 3570ms (cache miss)
2289 http fetch GET 200 https://registry.npmjs.org/jsdoc/-/jsdoc-4.0.5.tgz 3686ms (cache miss)
2290 http fetch GET 200 https://registry.npmjs.org/@types/validator/-/validator-13.15.10.tgz 3663ms (cache miss)
2291 http fetch GET 200 https://registry.npmjs.org/chance/-/chance-1.1.13.tgz 3690ms (cache miss)
2292 http fetch GET 200 https://registry.npmjs.org/validator/-/validator-13.15.35.tgz 3842ms (cache miss)
2293 http fetch GET 200 https://registry.npmjs.org/undici/-/undici-6.28.1.tgz 3837ms (cache miss)
2294 http fetch GET 200 https://registry.npmjs.org/@babel/types/-/types-7.29.8.tgz 3994ms (cache miss)
2295 http fetch GET 200 https://registry.npmjs.org/underscore/-/underscore-1.13.8.tgz 4310ms (cache miss)
2296 http fetch GET 200 https://registry.npmjs.org/lodash/-/lodash-4.18.1.tgz 4531ms (cache miss)
2297 http fetch GET 200 https://registry.npmjs.org/typescript/-/typescript-5.9.3.tgz 4445ms (cache miss)
2298 http fetch GET 200 https://registry.npmjs.org/jose/-/jose-5.10.0.tgz 4573ms (cache miss)
2299 http fetch GET 200 https://registry.npmjs.org/@inversifyjs/container/-/container-1.15.0.tgz 4726ms (cache miss)
2300 http fetch GET 200 https://registry.npmjs.org/zod/-/zod-4.1.11.tgz 5047ms (cache miss)
2301 http fetch GET 200 https://registry.npmjs.org/javascript-obfuscator/-/javascript-obfuscator-5.6.0.tgz 5077ms (cache miss)
2302 http fetch GET 200 https://registry.npmjs.org/libphonenumber-js/-/libphonenumber-js-1.13.12.tgz 5159ms (cache miss)
2303 http fetch GET 200 https://registry.npmjs.org/class-validator/-/class-validator-0.14.3.tgz 5323ms (cache miss)
2304 http fetch GET 200 https://registry.npmjs.org/@inversifyjs/core/-/core-9.2.0.tgz 5623ms (cache miss)
2305 info run protobufjs@7.6.6 postinstall node_modules/protobufjs node scripts/postinstall
2306 info run protobufjs@7.6.6 postinstall { code: 0, signal: null }
2307 silly ADD node_modules/xdg-portable
2308 silly ADD node_modules/os-paths
2309 silly ADD node_modules/is-callable
2310 silly ADD node_modules/possible-typed-array-names
2311 silly ADD node_modules/for-each
2312 silly ADD node_modules/available-typed-arrays
2313 silly ADD node_modules/isexe
2314 silly ADD node_modules/is-regex
2315 silly ADD node_modules/safe-regex-test
2316 silly ADD node_modules/generator-function
2317 silly ADD node_modules/has-tostringtag
2318 silly ADD node_modules/which-typed-array
2319 silly ADD node_modules/is-typed-array
2320 silly ADD node_modules/is-generator-function
2321 silly ADD node_modules/is-arguments
2322 silly ADD node_modules/querystring
2323 silly ADD node_modules/punycode
2324 silly ADD node_modules/is-number
2325 silly ADD node_modules/queue-microtask
2326 silly ADD node_modules/to-regex-range
2327 silly ADD node_modules/fill-range
2328 silly ADD node_modules/picomatch
2329 silly ADD node_modules/braces
2330 silly ADD node_modules/is-extglob
2331 silly ADD node_modules/is-glob
2332 silly ADD node_modules/universalify
2333 silly ADD node_modules/jsonfile
2334 silly ADD node_modules/reusify
2335 silly ADD node_modules/run-parallel
2336 silly ADD node_modules/fastq
2337 silly ADD node_modules/@nodelib/fs.scandir
2338 silly ADD node_modules/micromatch
2339 silly ADD node_modules/merge2
2340 silly ADD node_modules/glob-parent
2341 silly ADD node_modules/@nodelib/fs.walk
2342 silly ADD node_modules/@nodelib/fs.stat
2343 silly ADD node_modules/type-flag
2344 silly ADD node_modules/json5
2345 silly ADD node_modules/fs-extra
2346 silly ADD node_modules/fast-glob
2347 silly ADD node_modules/depseek
2348 silly ADD node_modules/@topoconfig/extends
2349 silly ADD node_modules/ieee754
2350 silly ADD node_modules/has-flag
2351 silly ADD node_modules/char-regex
2352 silly ADD node_modules/shebang-regex
2353 silly ADD node_modules/semver
2354 silly ADD node_modules/detect-libc
2355 silly ADD node_modules/@img/sharp-linux-arm64
2356 silly ADD node_modules/@img/sharp-libvips-linux-arm64
2357 silly ADD node_modules/@img/colour
2358 silly ADD node_modules/uc.micro
2359 silly ADD node_modules/punycode.js
2360 silly ADD node_modules/mdurl
2361 silly ADD node_modules/linkify-it
2362 silly ADD node_modules/argparse
2363 silly ADD node_modules/graceful-fs
2364 silly ADD node_modules/xmlcreate
2365 silly ADD node_modules/@types/mdurl
2366 silly ADD node_modules/@types/linkify-it
2367 silly ADD node_modules/lodash
2368 silly ADD node_modules/@babel/helper-validator-identifier
2369 silly ADD node_modules/@babel/helper-string-parser
2370 silly ADD node_modules/@babel/types
2371 silly ADD node_modules/underscore
2372 silly ADD node_modules/strip-json-comments
2373 silly ADD node_modules/requizzle
2374 silly ADD node_modules/mkdirp
2375 silly ADD node_modules/marked
2376 silly ADD node_modules/markdown-it-anchor
2377 silly ADD node_modules/markdown-it
2378 silly ADD node_modules/klaw
2379 silly ADD node_modules/js2xmlparser
2380 silly ADD node_modules/escape-string-regexp
2381 silly ADD node_modules/catharsis
2382 silly ADD node_modules/bluebird
2383 silly ADD node_modules/@types/markdown-it
2384 silly ADD node_modules/@jsdoc/salty
2385 silly ADD node_modules/@babel/parser
2386 silly ADD node_modules/wrappy
2387 silly ADD node_modules/once
2388 silly ADD node_modules/inherits
2389 silly ADD node_modules/inflight
2390 silly ADD node_modules/fs.realpath
2391 silly ADD node_modules/acorn-jsx
2392 silly ADD node_modules/tmp
2393 silly ADD node_modules/minimist
2394 silly ADD node_modules/jsdoc
2395 silly ADD node_modules/glob
2396 silly ADD node_modules/glob/node_modules/brace-expansion
2397 silly ADD node_modules/glob/node_modules/minimatch
2398 silly ADD node_modules/espree
2399 silly ADD node_modules/espree/node_modules/eslint-visitor-keys
2400 silly ADD node_modules/escodegen
2401 silly ADD node_modules/long
2402 silly ADD node_modules/@protobufjs/utf8
2403 silly ADD node_modules/@protobufjs/pool
2404 silly ADD node_modules/@protobufjs/path
2405 silly ADD node_modules/@protobufjs/float
2406 silly ADD node_modules/@protobufjs/fetch
2407 silly ADD node_modules/@protobufjs/eventemitter
2408 silly ADD node_modules/@protobufjs/codegen
2409 silly ADD node_modules/@protobufjs/base64
2410 silly ADD node_modules/@protobufjs/aspromise
2411 silly ADD node_modules/split2
2412 silly ADD node_modules/thread-stream
2413 silly ADD node_modules/sonic-boom
2414 silly ADD node_modules/safe-stable-stringify
2415 silly ADD node_modules/real-require
2416 silly ADD node_modules/quick-format-unescaped
2417 silly ADD node_modules/process-warning
2418 silly ADD node_modules/pino-std-serializers
2419 silly ADD node_modules/pino-abstract-transport
2420 silly ADD node_modules/on-exit-leak-free
2421 silly ADD node_modules/atomic-sleep
2422 silly ADD node_modules/@pinojs/redact
2423 silly ADD node_modules/p-timeout
2424 silly ADD node_modules/eventemitter3
2425 silly ADD node_modules/word-wrap
2426 silly ADD node_modules/type-check
2427 silly ADD node_modules/prelude-ls
2428 silly ADD node_modules/levn
2429 silly ADD node_modules/fast-levenshtein
2430 silly ADD node_modules/deep-is
2431 silly ADD node_modules/mimic-fn
2432 silly ADD node_modules/call-bound
2433 silly ADD node_modules/@tokenizer/inflate
2434 silly ADD node_modules/ms
2435 silly ADD node_modules/win-guid
2436 silly ADD node_modules/uint8array-extras
2437 silly ADD node_modules/token-types
2438 silly ADD node_modules/strtok3
2439 silly ADD node_modules/media-typer
2440 silly ADD node_modules/file-type
2441 silly ADD node_modules/debug
2442 silly ADD node_modules/content-type
2443 silly ADD node_modules/@tokenizer/token
2444 silly ADD node_modules/@borewit/text-codec
2445 silly ADD node_modules/concat-map
2446 silly ADD node_modules/balanced-match
2447 silly ADD node_modules/brace-expansion
2448 silly ADD node_modules/minimatch
2449 silly ADD node_modules/arrify
2450 silly ADD node_modules/array-union
2451 silly ADD node_modules/array-differ
2452 silly ADD node_modules/@types/minimatch
2453 silly ADD node_modules/crypt
2454 silly ADD node_modules/charenc
2455 silly ADD node_modules/entities
2456 silly ADD node_modules/nth-check
2457 silly ADD node_modules/domelementtype
2458 silly ADD node_modules/css-what
2459 silly ADD node_modules/css-select
2460 silly ADD node_modules/boolbase
2461 silly ADD node_modules/parse5-htmlparser2-tree-adapter
2462 silly ADD node_modules/parse5
2463 silly ADD node_modules/parse5/node_modules/entities
2464 silly ADD node_modules/htmlparser2
2465 silly ADD node_modules/domutils
2466 silly ADD node_modules/domhandler
2467 silly ADD node_modules/dom-serializer
2468 silly ADD node_modules/cheerio-select
2469 silly ADD node_modules/url
2470 silly ADD node_modules/cheerio
2471 silly ADD node_modules/curve25519-js
2472 silly ADD node_modules/@keyv/serialize
2473 silly ADD node_modules/object-keys
2474 silly ADD node_modules/has-property-descriptors
2475 silly ADD node_modules/define-data-property
2476 silly ADD node_modules/define-properties
2477 silly ADD node_modules/@inversifyjs/prototype-utils
2478 silly ADD node_modules/@inversifyjs/reflect-metadata-utils
2479 silly ADD node_modules/@inversifyjs/plugin
2480 silly ADD node_modules/@inversifyjs/core
2481 silly ADD node_modules/@inversifyjs/container
2482 silly ADD node_modules/@inversifyjs/common
2483 silly ADD node_modules/dunder-proto
2484 silly ADD node_modules/math-intrinsics
2485 silly ADD node_modules/hasown
2486 silly ADD node_modules/has-symbols
2487 silly ADD node_modules/gopd
2488 silly ADD node_modules/get-proto
2489 silly ADD node_modules/es-object-atoms
2490 silly ADD node_modules/which
2491 silly ADD node_modules/shebang-command
2492 silly ADD node_modules/path-key
2493 silly ADD node_modules/strip-final-newline
2494 silly ADD node_modules/signal-exit
2495 silly ADD node_modules/onetime
2496 silly ADD node_modules/npm-run-path
2497 silly ADD node_modules/merge-stream
2498 silly ADD node_modules/is-stream
2499 silly ADD node_modules/human-signals
2500 silly ADD node_modules/get-stream
2501 silly ADD node_modules/cross-spawn
2502 silly ADD node_modules/estraverse
2503 silly ADD node_modules/esrecurse
2504 silly ADD node_modules/is-safe-filename
2505 silly ADD node_modules/color-name
2506 silly ADD node_modules/validator
2507 silly ADD node_modules/libphonenumber-js
2508 silly ADD node_modules/@types/validator
2509 silly ADD node_modules/color-convert
2510 silly ADD node_modules/supports-color
2511 silly ADD node_modules/ansi-styles
2512 silly ADD node_modules/function-bind
2513 silly ADD node_modules/es-errors
2514 silly ADD node_modules/set-function-length
2515 silly ADD node_modules/get-intrinsic
2516 silly ADD node_modules/es-define-property
2517 silly ADD node_modules/call-bind-apply-helpers
2518 silly ADD node_modules/retry
2519 silly ADD node_modules/util
2520 silly ADD node_modules/object.assign
2521 silly ADD node_modules/object-is
2522 silly ADD node_modules/is-nan
2523 silly ADD node_modules/call-bind
2524 silly ADD node_modules/execa
2525 silly ADD node_modules/zod
2526 silly ADD node_modules/xdg-app-paths
2527 silly ADD node_modules/jose
2528 silly ADD node_modules/@vercel/cli-exec
2529 silly ADD node_modules/@vercel/cli-config
2530 silly ADD node_modules/undici
2531 silly ADD node_modules/throttleit
2532 silly ADD node_modules/is-node-process
2533 silly ADD node_modules/is-buffer
2534 silly ADD node_modules/async-retry
2535 silly ADD node_modules/@vercel/oidc
2536 silly ADD node_modules/source-map
2537 silly ADD node_modules/optionator
2538 silly ADD node_modules/esutils
2539 silly ADD node_modules/esprima
2540 silly ADD node_modules/stringz
2541 silly ADD node_modules/string-template
2542 silly ADD node_modules/reflect-metadata
2543 silly ADD node_modules/process
2544 silly ADD node_modules/multimatch
2545 silly ADD node_modules/md5
2546 silly ADD node_modules/md5/node_modules/is-buffer
2547 silly ADD node_modules/js-string-escape
2548 silly ADD node_modules/inversify
2549 silly ADD node_modules/fast-deep-equal
2550 silly ADD node_modules/eslint-visitor-keys
2551 silly ADD node_modules/eslint-scope
2552 silly ADD node_modules/env-paths
2553 silly ADD node_modules/commander
2554 silly ADD node_modules/class-validator
2555 silly ADD node_modules/chance
2556 silly ADD node_modules/chalk
2557 silly ADD node_modules/assert
2558 silly ADD node_modules/acorn-import-attributes
2559 silly ADD node_modules/acorn
2560 silly ADD node_modules/@vercel/blob
2561 silly ADD node_modules/@javascript-obfuscator/estraverse
2562 silly ADD node_modules/@javascript-obfuscator/escodegen
2563 silly ADD node_modules/hashery
2564 silly ADD node_modules/@keyv/bigmap
2565 silly ADD node_modules/qified
2566 silly ADD node_modules/qified/node_modules/hookified
2567 silly ADD node_modules/@cacheable/utils
2568 silly ADD node_modules/@cacheable/memory
2569 silly ADD node_modules/tslib
2570 silly ADD node_modules/undici-types
2571 silly ADD node_modules/@hapi/hoek
2572 silly ADD node_modules/keyv
2573 silly ADD node_modules/hookified
2574 silly ADD node_modules/cacheable
2575 silly ADD node_modules/ws
2576 silly ADD node_modules/whatsapp-rust-bridge
2577 silly ADD node_modules/typescript
2578 silly ADD node_modules/tsc-esm-fix
2579 silly ADD node_modules/sharp
2580 silly ADD node_modules/protobufjs-cli
2581 silly ADD node_modules/protobufjs
2582 silly ADD node_modules/pino
2583 silly ADD node_modules/p-queue
2584 silly ADD node_modules/music-metadata
2585 silly ADD node_modules/lru-cache
2586 silly ADD node_modules/link-preview-js
2587 silly ADD node_modules/libsignal
2588 silly ADD node_modules/javascript-obfuscator
2589 silly ADD node_modules/fflate
2590 silly ADD node_modules/async-mutex
2591 silly ADD node_modules/@types/ws
2592 silly ADD node_modules/@types/node
2593 silly ADD node_modules/@hapi/boom
2594 silly ADD node_modules/@cacheable/node-cache
2595 warn allow-scripts 1 package has install scripts not yet covered by allowScripts:
2595 warn allow-scripts   protobufjs@7.6.6 (postinstall: node scripts/postinstall)
2595 warn allow-scripts
2595 warn allow-scripts Run `npm install-scripts ls` to review, or `npm install-scripts approve <pkg>` to allow.
2596 verbose cwd /home/container/.npm/_cacache/tmp/git-clone78jpT4
2597 verbose os Linux 6.17.0-1013-azure
2598 verbose node v23.11.1
2599 verbose npm  v11.18.0
2600 verbose exit 0
2601 info ok
